nohup: ignoring input
2026-03-05 12:09:07,721 [INFO] Bot ishga tushmoqda | Papka: /mnt/media/job/awt_claude | Ruxsat: [694727943]
2026-03-05 12:09:08,133 [INFO] HTTP Request: POST https://api.telegram.org/bot5800257941:AAHvixqllrdWAuavbQNpwgalzQrI9wkF5vs/getMe "HTTP/1.1 200 OK"
2026-03-05 12:09:08,236 [INFO] HTTP Request: POST https://api.telegram.org/bot5800257941:AAHvixqllrdWAuavbQNpwgalzQrI9wkF5vs/deleteWebhook "HTTP/1.1 200 OK"
2026-03-05 12:09:08,237 [INFO] Application started
2026-03-05 12:09:18,541 [INFO] HTTP Request: POST https://api.telegram.org/bot5800257941:AAHvixqllrdWAuavbQNpwgalzQrI9wkF5vs/getUpdates "HTTP/1.1 200 OK"
2026-03-05 12:09:22,405 [INFO] HTTP Request: POST https://api.telegram.org/bot5800257941:AAHvixqllrdWAuavbQNpwgalzQrI9wkF5vs/getUpdates "HTTP/1.1 200 OK"
2026-03-05 12:09:22,787 [INFO] HTTP Request: POST https://api.telegram.org/bot5800257941:AAHvixqllrdWAuavbQNpwgalzQrI9wkF5vs/sendMessage "HTTP/1.1 200 OK"
2026-03-05 12:09:32,507 [INFO] HTTP Request: POST https://api.telegram.org/bot5800257941:AAHvixqllrdWAuavbQNpwgalzQrI9wkF5vs/getUpdates "HTTP/1.1 200 OK"
2026-03-05 12:09:37,876 [INFO] HTTP Request: POST https://api.telegram.org/bot5800257941:AAHvixqllrdWAuavbQNpwgalzQrI9wkF5vs/getUpdates "HTTP/1.1 200 OK"
2026-03-05 12:09:38,186 [INFO] HTTP Request: POST https://api.telegram.org/bot5800257941:AAHvixqllrdWAuavbQNpwgalzQrI9wkF5vs/sendMessage "HTTP/1.1 200 OK"
2026-03-05 12:09:38,929 [INFO] HTTP Request: POST https://api.telegram.org/bot5800257941:AAHvixqllrdWAuavbQNpwgalzQrI9wkF5vs/getUpdates "HTTP/1.1 200 OK"
2026-03-05 12:09:39,047 [INFO] HTTP Request: POST https://api.telegram.org/bot5800257941:AAHvixqllrdWAuavbQNpwgalzQrI9wkF5vs/sendMessage "HTTP/1.1 200 OK"
2026-03-05 12:09:49,030 [INFO] HTTP Request: POST https://api.telegram.org/bot5800257941:AAHvixqllrdWAuavbQNpwgalzQrI9wkF5vs/getUpdates "HTTP/1.1 200 OK"
2026-03-05 12:09:59,135 [INFO] HTTP Request: POST https://api.telegram.org/bot5800257941:AAHvixqllrdWAuavbQNpwgalzQrI9wkF5vs/getUpdates "HTTP/1.1 200 OK"
2026-03-05 12:10:09,235 [INFO] HTTP Request: POST https://api.telegram.org/bot5800257941:AAHvixqllrdWAuavbQNpwgalzQrI9wkF5vs/getUpdates "HTTP/1.1 200 OK"
2026-03-05 12:10:19,335 [INFO] HTTP Request: POST https://api.telegram.org/bot5800257941:AAHvixqllrdWAuavbQNpwgalzQrI9wkF5vs/getUpdates "HTTP/1.1 200 OK"
2026-03-05 12:10:29,444 [INFO] HTTP Request: POST https://api.telegram.org/bot5800257941:AAHvixqllrdWAuavbQNpwgalzQrI9wkF5vs/getUpdates "HTTP/1.1 200 OK"
2026-03-05 12:10:39,545 [INFO] HTTP Request: POST https://api.telegram.org/bot5800257941:AAHvixqllrdWAuavbQNpwgalzQrI9wkF5vs/getUpdates "HTTP/1.1 200 OK"
2026-03-05 12:10:49,647 [INFO] HTTP Request: POST https://api.telegram.org/bot5800257941:AAHvixqllrdWAuavbQNpwgalzQrI9wkF5vs/getUpdates "HTTP/1.1 200 OK"
2026-03-05 12:10:59,749 [INFO] HTTP Request: POST https://api.telegram.org/bot5800257941:AAHvixqllrdWAuavbQNpwgalzQrI9wkF5vs/getUpdates "HTTP/1.1 200 OK"
2026-03-05 12:11:09,854 [INFO] HTTP Request: POST https://api.telegram.org/bot5800257941:AAHvixqllrdWAuavbQNpwgalzQrI9wkF5vs/getUpdates "HTTP/1.1 200 OK"
2026-03-05 12:11:19,955 [INFO] HTTP Request: POST https://api.telegram.org/bot5800257941:AAHvixqllrdWAuavbQNpwgalzQrI9wkF5vs/getUpdates "HTTP/1.1 200 OK"
2026-03-05 12:11:34,975 [ERROR] No error handlers are registered, logging exception.
Traceback (most recent call last):
  File "/home/muzaffar/snap/code/226/.local/share/virtualenvs/awt_claude-ATjes9Jb/lib/python3.12/site-packages/httpx/_transports/default.py", line 101, in map_httpcore_exceptions
    yield
  File "/home/muzaffar/snap/code/226/.local/share/virtualenvs/awt_claude-ATjes9Jb/lib/python3.12/site-packages/httpx/_transports/default.py", line 394, in handle_async_request
    resp = await self._pool.handle_async_request(req)
           ^^^^^^^^^^^^^^^^^^^^^^^^^^^^^^^^^^^^^^^^^^
  File "/home/muzaffar/snap/code/226/.local/share/virtualenvs/awt_claude-ATjes9Jb/lib/python3.12/site-packages/httpcore/_async/connection_pool.py", line 256, in handle_async_request
    raise exc from None
  File "/home/muzaffar/snap/code/226/.local/share/virtualenvs/awt_claude-ATjes9Jb/lib/python3.12/site-packages/httpcore/_async/connection_pool.py", line 236, in handle_async_request
    response = await connection.handle_async_request(
               ^^^^^^^^^^^^^^^^^^^^^^^^^^^^^^^^^^^^^^
  File "/home/muzaffar/snap/code/226/.local/share/virtualenvs/awt_claude-ATjes9Jb/lib/python3.12/site-packages/httpcore/_async/connection.py", line 101, in handle_async_request
    raise exc
  File "/home/muzaffar/snap/code/226/.local/share/virtualenvs/awt_claude-ATjes9Jb/lib/python3.12/site-packages/httpcore/_async/connection.py", line 78, in handle_async_request
    stream = await self._connect(request)
             ^^^^^^^^^^^^^^^^^^^^^^^^^^^^
  File "/home/muzaffar/snap/code/226/.local/share/virtualenvs/awt_claude-ATjes9Jb/lib/python3.12/site-packages/httpcore/_async/connection.py", line 124, in _connect
    stream = await self._network_backend.connect_tcp(**kwargs)
             ^^^^^^^^^^^^^^^^^^^^^^^^^^^^^^^^^^^^^^^^^^^^^^^^^
  File "/home/muzaffar/snap/code/226/.local/share/virtualenvs/awt_claude-ATjes9Jb/lib/python3.12/site-packages/httpcore/_backends/auto.py", line 31, in connect_tcp
    return await self._backend.connect_tcp(
           ^^^^^^^^^^^^^^^^^^^^^^^^^^^^^^^^
  File "/home/muzaffar/snap/code/226/.local/share/virtualenvs/awt_claude-ATjes9Jb/lib/python3.12/site-packages/httpcore/_backends/anyio.py", line 113, in connect_tcp
    with map_exceptions(exc_map):
  File "/usr/lib/python3.12/contextlib.py", line 158, in __exit__
    self.gen.throw(value)
  File "/home/muzaffar/snap/code/226/.local/share/virtualenvs/awt_claude-ATjes9Jb/lib/python3.12/site-packages/httpcore/_exceptions.py", line 14, in map_exceptions
    raise to_exc(exc) from exc
httpcore.ConnectError: [Errno -3] Temporary failure in name resolution

The above exception was the direct cause of the following exception:

Traceback (most recent call last):
  File "/home/muzaffar/snap/code/226/.local/share/virtualenvs/awt_claude-ATjes9Jb/lib/python3.12/site-packages/telegram/request/_httpxrequest.py", line 279, in do_request
    res = await self._client.request(
          ^^^^^^^^^^^^^^^^^^^^^^^^^^^
  File "/home/muzaffar/snap/code/226/.local/share/virtualenvs/awt_claude-ATjes9Jb/lib/python3.12/site-packages/httpx/_client.py", line 1540, in request
    return await self.send(request, auth=auth, follow_redirects=follow_redirects)
           ^^^^^^^^^^^^^^^^^^^^^^^^^^^^^^^^^^^^^^^^^^^^^^^^^^^^^^^^^^^^^^^^^^^^^^
  File "/home/muzaffar/snap/code/226/.local/share/virtualenvs/awt_claude-ATjes9Jb/lib/python3.12/site-packages/httpx/_client.py", line 1629, in send
    response = await self._send_handling_auth(
               ^^^^^^^^^^^^^^^^^^^^^^^^^^^^^^^
  File "/home/muzaffar/snap/code/226/.local/share/virtualenvs/awt_claude-ATjes9Jb/lib/python3.12/site-packages/httpx/_client.py", line 1657, in _send_handling_auth
    response = await self._send_handling_redirects(
               ^^^^^^^^^^^^^^^^^^^^^^^^^^^^^^^^^^^^
  File "/home/muzaffar/snap/code/226/.local/share/virtualenvs/awt_claude-ATjes9Jb/lib/python3.12/site-packages/httpx/_client.py", line 1694, in _send_handling_redirects
    response = await self._send_single_request(request)
               ^^^^^^^^^^^^^^^^^^^^^^^^^^^^^^^^^^^^^^^^
  File "/home/muzaffar/snap/code/226/.local/share/virtualenvs/awt_claude-ATjes9Jb/lib/python3.12/site-packages/httpx/_client.py", line 1730, in _send_single_request
    response = await transport.handle_async_request(request)
               ^^^^^^^^^^^^^^^^^^^^^^^^^^^^^^^^^^^^^^^^^^^^^
  File "/home/muzaffar/snap/code/226/.local/share/virtualenvs/awt_claude-ATjes9Jb/lib/python3.12/site-packages/httpx/_transports/default.py", line 393, in handle_async_request
    with map_httpcore_exceptions():
  File "/usr/lib/python3.12/contextlib.py", line 158, in __exit__
    self.gen.throw(value)
  File "/home/muzaffar/snap/code/226/.local/share/virtualenvs/awt_claude-ATjes9Jb/lib/python3.12/site-packages/httpx/_transports/default.py", line 118, in map_httpcore_exceptions
    raise mapped_exc(message) from exc
httpx.ConnectError: [Errno -3] Temporary failure in name resolution

The above exception was the direct cause of the following exception:

Traceback (most recent call last):
  File "/home/muzaffar/snap/code/226/.local/share/virtualenvs/awt_claude-ATjes9Jb/lib/python3.12/site-packages/telegram/ext/_utils/networkloop.py", line 161, in network_retry_loop
    await do_action()
  File "/home/muzaffar/snap/code/226/.local/share/virtualenvs/awt_claude-ATjes9Jb/lib/python3.12/site-packages/telegram/ext/_utils/networkloop.py", line 154, in do_action
    action_cb_task.result()
  File "/home/muzaffar/snap/code/226/.local/share/virtualenvs/awt_claude-ATjes9Jb/lib/python3.12/site-packages/telegram/ext/_updater.py", line 340, in polling_action_cb
    updates = await self.bot.get_updates(
              ^^^^^^^^^^^^^^^^^^^^^^^^^^^
  File "/home/muzaffar/snap/code/226/.local/share/virtualenvs/awt_claude-ATjes9Jb/lib/python3.12/site-packages/telegram/ext/_extbot.py", line 671, in get_updates
    updates = await super().get_updates(
              ^^^^^^^^^^^^^^^^^^^^^^^^^^
  File "/home/muzaffar/snap/code/226/.local/share/virtualenvs/awt_claude-ATjes9Jb/lib/python3.12/site-packages/telegram/_bot.py", line 4860, in get_updates
    await self._post(
  File "/home/muzaffar/snap/code/226/.local/share/virtualenvs/awt_claude-ATjes9Jb/lib/python3.12/site-packages/telegram/_bot.py", line 703, in _post
    return await self._do_post(
           ^^^^^^^^^^^^^^^^^^^^
  File "/home/muzaffar/snap/code/226/.local/share/virtualenvs/awt_claude-ATjes9Jb/lib/python3.12/site-packages/telegram/ext/_extbot.py", line 369, in _do_post
    return await super()._do_post(
           ^^^^^^^^^^^^^^^^^^^^^^^
  File "/home/muzaffar/snap/code/226/.local/share/virtualenvs/awt_claude-ATjes9Jb/lib/python3.12/site-packages/telegram/_bot.py", line 732, in _do_post
    result = await request.post(
             ^^^^^^^^^^^^^^^^^^^
  File "/home/muzaffar/snap/code/226/.local/share/virtualenvs/awt_claude-ATjes9Jb/lib/python3.12/site-packages/telegram/request/_baserequest.py", line 198, in post
    result = await self._request_wrapper(
             ^^^^^^^^^^^^^^^^^^^^^^^^^^^^
  File "/home/muzaffar/snap/code/226/.local/share/virtualenvs/awt_claude-ATjes9Jb/lib/python3.12/site-packages/telegram/request/_baserequest.py", line 305, in _request_wrapper
    code, payload = await self.do_request(
                    ^^^^^^^^^^^^^^^^^^^^^^
  File "/home/muzaffar/snap/code/226/.local/share/virtualenvs/awt_claude-ATjes9Jb/lib/python3.12/site-packages/telegram/request/_httpxrequest.py", line 303, in do_request
    raise NetworkError(f"httpx.{err.__class__.__name__}: {err}") from err
telegram.error.NetworkError: httpx.ConnectError: [Errno -3] Temporary failure in name resolution
2026-03-05 12:11:35,979 [ERROR] No error handlers are registered, logging exception.
Traceback (most recent call last):
  File "/home/muzaffar/snap/code/226/.local/share/virtualenvs/awt_claude-ATjes9Jb/lib/python3.12/site-packages/httpx/_transports/default.py", line 101, in map_httpcore_exceptions
    yield
  File "/home/muzaffar/snap/code/226/.local/share/virtualenvs/awt_claude-ATjes9Jb/lib/python3.12/site-packages/httpx/_transports/default.py", line 394, in handle_async_request
    resp = await self._pool.handle_async_request(req)
           ^^^^^^^^^^^^^^^^^^^^^^^^^^^^^^^^^^^^^^^^^^
  File "/home/muzaffar/snap/code/226/.local/share/virtualenvs/awt_claude-ATjes9Jb/lib/python3.12/site-packages/httpcore/_async/connection_pool.py", line 256, in handle_async_request
    raise exc from None
  File "/home/muzaffar/snap/code/226/.local/share/virtualenvs/awt_claude-ATjes9Jb/lib/python3.12/site-packages/httpcore/_async/connection_pool.py", line 236, in handle_async_request
    response = await connection.handle_async_request(
               ^^^^^^^^^^^^^^^^^^^^^^^^^^^^^^^^^^^^^^
  File "/home/muzaffar/snap/code/226/.local/share/virtualenvs/awt_claude-ATjes9Jb/lib/python3.12/site-packages/httpcore/_async/connection.py", line 101, in handle_async_request
    raise exc
  File "/home/muzaffar/snap/code/226/.local/share/virtualenvs/awt_claude-ATjes9Jb/lib/python3.12/site-packages/httpcore/_async/connection.py", line 78, in handle_async_request
    stream = await self._connect(request)
             ^^^^^^^^^^^^^^^^^^^^^^^^^^^^
  File "/home/muzaffar/snap/code/226/.local/share/virtualenvs/awt_claude-ATjes9Jb/lib/python3.12/site-packages/httpcore/_async/connection.py", line 124, in _connect
    stream = await self._network_backend.connect_tcp(**kwargs)
             ^^^^^^^^^^^^^^^^^^^^^^^^^^^^^^^^^^^^^^^^^^^^^^^^^
  File "/home/muzaffar/snap/code/226/.local/share/virtualenvs/awt_claude-ATjes9Jb/lib/python3.12/site-packages/httpcore/_backends/auto.py", line 31, in connect_tcp
    return await self._backend.connect_tcp(
           ^^^^^^^^^^^^^^^^^^^^^^^^^^^^^^^^
  File "/home/muzaffar/snap/code/226/.local/share/virtualenvs/awt_claude-ATjes9Jb/lib/python3.12/site-packages/httpcore/_backends/anyio.py", line 113, in connect_tcp
    with map_exceptions(exc_map):
  File "/usr/lib/python3.12/contextlib.py", line 158, in __exit__
    self.gen.throw(value)
  File "/home/muzaffar/snap/code/226/.local/share/virtualenvs/awt_claude-ATjes9Jb/lib/python3.12/site-packages/httpcore/_exceptions.py", line 14, in map_exceptions
    raise to_exc(exc) from exc
httpcore.ConnectError: [Errno -3] Temporary failure in name resolution

The above exception was the direct cause of the following exception:

Traceback (most recent call last):
  File "/home/muzaffar/snap/code/226/.local/share/virtualenvs/awt_claude-ATjes9Jb/lib/python3.12/site-packages/telegram/request/_httpxrequest.py", line 279, in do_request
    res = await self._client.request(
          ^^^^^^^^^^^^^^^^^^^^^^^^^^^
  File "/home/muzaffar/snap/code/226/.local/share/virtualenvs/awt_claude-ATjes9Jb/lib/python3.12/site-packages/httpx/_client.py", line 1540, in request
    return await self.send(request, auth=auth, follow_redirects=follow_redirects)
           ^^^^^^^^^^^^^^^^^^^^^^^^^^^^^^^^^^^^^^^^^^^^^^^^^^^^^^^^^^^^^^^^^^^^^^
  File "/home/muzaffar/snap/code/226/.local/share/virtualenvs/awt_claude-ATjes9Jb/lib/python3.12/site-packages/httpx/_client.py", line 1629, in send
    response = await self._send_handling_auth(
               ^^^^^^^^^^^^^^^^^^^^^^^^^^^^^^^
  File "/home/muzaffar/snap/code/226/.local/share/virtualenvs/awt_claude-ATjes9Jb/lib/python3.12/site-packages/httpx/_client.py", line 1657, in _send_handling_auth
    response = await self._send_handling_redirects(
               ^^^^^^^^^^^^^^^^^^^^^^^^^^^^^^^^^^^^
  File "/home/muzaffar/snap/code/226/.local/share/virtualenvs/awt_claude-ATjes9Jb/lib/python3.12/site-packages/httpx/_client.py", line 1694, in _send_handling_redirects
    response = await self._send_single_request(request)
               ^^^^^^^^^^^^^^^^^^^^^^^^^^^^^^^^^^^^^^^^
  File "/home/muzaffar/snap/code/226/.local/share/virtualenvs/awt_claude-ATjes9Jb/lib/python3.12/site-packages/httpx/_client.py", line 1730, in _send_single_request
    response = await transport.handle_async_request(request)
               ^^^^^^^^^^^^^^^^^^^^^^^^^^^^^^^^^^^^^^^^^^^^^
  File "/home/muzaffar/snap/code/226/.local/share/virtualenvs/awt_claude-ATjes9Jb/lib/python3.12/site-packages/httpx/_transports/default.py", line 393, in handle_async_request
    with map_httpcore_exceptions():
  File "/usr/lib/python3.12/contextlib.py", line 158, in __exit__
    self.gen.throw(value)
  File "/home/muzaffar/snap/code/226/.local/share/virtualenvs/awt_claude-ATjes9Jb/lib/python3.12/site-packages/httpx/_transports/default.py", line 118, in map_httpcore_exceptions
    raise mapped_exc(message) from exc
httpx.ConnectError: [Errno -3] Temporary failure in name resolution

The above exception was the direct cause of the following exception:

Traceback (most recent call last):
  File "/home/muzaffar/snap/code/226/.local/share/virtualenvs/awt_claude-ATjes9Jb/lib/python3.12/site-packages/telegram/ext/_utils/networkloop.py", line 161, in network_retry_loop
    await do_action()
  File "/home/muzaffar/snap/code/226/.local/share/virtualenvs/awt_claude-ATjes9Jb/lib/python3.12/site-packages/telegram/ext/_utils/networkloop.py", line 154, in do_action
    action_cb_task.result()
  File "/home/muzaffar/snap/code/226/.local/share/virtualenvs/awt_claude-ATjes9Jb/lib/python3.12/site-packages/telegram/ext/_updater.py", line 340, in polling_action_cb
    updates = await self.bot.get_updates(
              ^^^^^^^^^^^^^^^^^^^^^^^^^^^
  File "/home/muzaffar/snap/code/226/.local/share/virtualenvs/awt_claude-ATjes9Jb/lib/python3.12/site-packages/telegram/ext/_extbot.py", line 671, in get_updates
    updates = await super().get_updates(
              ^^^^^^^^^^^^^^^^^^^^^^^^^^
  File "/home/muzaffar/snap/code/226/.local/share/virtualenvs/awt_claude-ATjes9Jb/lib/python3.12/site-packages/telegram/_bot.py", line 4860, in get_updates
    await self._post(
  File "/home/muzaffar/snap/code/226/.local/share/virtualenvs/awt_claude-ATjes9Jb/lib/python3.12/site-packages/telegram/_bot.py", line 703, in _post
    return await self._do_post(
           ^^^^^^^^^^^^^^^^^^^^
  File "/home/muzaffar/snap/code/226/.local/share/virtualenvs/awt_claude-ATjes9Jb/lib/python3.12/site-packages/telegram/ext/_extbot.py", line 369, in _do_post
    return await super()._do_post(
           ^^^^^^^^^^^^^^^^^^^^^^^
  File "/home/muzaffar/snap/code/226/.local/share/virtualenvs/awt_claude-ATjes9Jb/lib/python3.12/site-packages/telegram/_bot.py", line 732, in _do_post
    result = await request.post(
             ^^^^^^^^^^^^^^^^^^^
  File "/home/muzaffar/snap/code/226/.local/share/virtualenvs/awt_claude-ATjes9Jb/lib/python3.12/site-packages/telegram/request/_baserequest.py", line 198, in post
    result = await self._request_wrapper(
             ^^^^^^^^^^^^^^^^^^^^^^^^^^^^
  File "/home/muzaffar/snap/code/226/.local/share/virtualenvs/awt_claude-ATjes9Jb/lib/python3.12/site-packages/telegram/request/_baserequest.py", line 305, in _request_wrapper
    code, payload = await self.do_request(
                    ^^^^^^^^^^^^^^^^^^^^^^
  File "/home/muzaffar/snap/code/226/.local/share/virtualenvs/awt_claude-ATjes9Jb/lib/python3.12/site-packages/telegram/request/_httpxrequest.py", line 303, in do_request
    raise NetworkError(f"httpx.{err.__class__.__name__}: {err}") from err
telegram.error.NetworkError: httpx.ConnectError: [Errno -3] Temporary failure in name resolution
2026-03-05 12:11:37,482 [ERROR] No error handlers are registered, logging exception.
Traceback (most recent call last):
  File "/home/muzaffar/snap/code/226/.local/share/virtualenvs/awt_claude-ATjes9Jb/lib/python3.12/site-packages/httpx/_transports/default.py", line 101, in map_httpcore_exceptions
    yield
  File "/home/muzaffar/snap/code/226/.local/share/virtualenvs/awt_claude-ATjes9Jb/lib/python3.12/site-packages/httpx/_transports/default.py", line 394, in handle_async_request
    resp = await self._pool.handle_async_request(req)
           ^^^^^^^^^^^^^^^^^^^^^^^^^^^^^^^^^^^^^^^^^^
  File "/home/muzaffar/snap/code/226/.local/share/virtualenvs/awt_claude-ATjes9Jb/lib/python3.12/site-packages/httpcore/_async/connection_pool.py", line 256, in handle_async_request
    raise exc from None
  File "/home/muzaffar/snap/code/226/.local/share/virtualenvs/awt_claude-ATjes9Jb/lib/python3.12/site-packages/httpcore/_async/connection_pool.py", line 236, in handle_async_request
    response = await connection.handle_async_request(
               ^^^^^^^^^^^^^^^^^^^^^^^^^^^^^^^^^^^^^^
  File "/home/muzaffar/snap/code/226/.local/share/virtualenvs/awt_claude-ATjes9Jb/lib/python3.12/site-packages/httpcore/_async/connection.py", line 101, in handle_async_request
    raise exc
  File "/home/muzaffar/snap/code/226/.local/share/virtualenvs/awt_claude-ATjes9Jb/lib/python3.12/site-packages/httpcore/_async/connection.py", line 78, in handle_async_request
    stream = await self._connect(request)
             ^^^^^^^^^^^^^^^^^^^^^^^^^^^^
  File "/home/muzaffar/snap/code/226/.local/share/virtualenvs/awt_claude-ATjes9Jb/lib/python3.12/site-packages/httpcore/_async/connection.py", line 124, in _connect
    stream = await self._network_backend.connect_tcp(**kwargs)
             ^^^^^^^^^^^^^^^^^^^^^^^^^^^^^^^^^^^^^^^^^^^^^^^^^
  File "/home/muzaffar/snap/code/226/.local/share/virtualenvs/awt_claude-ATjes9Jb/lib/python3.12/site-packages/httpcore/_backends/auto.py", line 31, in connect_tcp
    return await self._backend.connect_tcp(
           ^^^^^^^^^^^^^^^^^^^^^^^^^^^^^^^^
  File "/home/muzaffar/snap/code/226/.local/share/virtualenvs/awt_claude-ATjes9Jb/lib/python3.12/site-packages/httpcore/_backends/anyio.py", line 113, in connect_tcp
    with map_exceptions(exc_map):
  File "/usr/lib/python3.12/contextlib.py", line 158, in __exit__
    self.gen.throw(value)
  File "/home/muzaffar/snap/code/226/.local/share/virtualenvs/awt_claude-ATjes9Jb/lib/python3.12/site-packages/httpcore/_exceptions.py", line 14, in map_exceptions
    raise to_exc(exc) from exc
httpcore.ConnectError: [Errno -3] Temporary failure in name resolution

The above exception was the direct cause of the following exception:

Traceback (most recent call last):
  File "/home/muzaffar/snap/code/226/.local/share/virtualenvs/awt_claude-ATjes9Jb/lib/python3.12/site-packages/telegram/request/_httpxrequest.py", line 279, in do_request
    res = await self._client.request(
          ^^^^^^^^^^^^^^^^^^^^^^^^^^^
  File "/home/muzaffar/snap/code/226/.local/share/virtualenvs/awt_claude-ATjes9Jb/lib/python3.12/site-packages/httpx/_client.py", line 1540, in request
    return await self.send(request, auth=auth, follow_redirects=follow_redirects)
           ^^^^^^^^^^^^^^^^^^^^^^^^^^^^^^^^^^^^^^^^^^^^^^^^^^^^^^^^^^^^^^^^^^^^^^
  File "/home/muzaffar/snap/code/226/.local/share/virtualenvs/awt_claude-ATjes9Jb/lib/python3.12/site-packages/httpx/_client.py", line 1629, in send
    response = await self._send_handling_auth(
               ^^^^^^^^^^^^^^^^^^^^^^^^^^^^^^^
  File "/home/muzaffar/snap/code/226/.local/share/virtualenvs/awt_claude-ATjes9Jb/lib/python3.12/site-packages/httpx/_client.py", line 1657, in _send_handling_auth
    response = await self._send_handling_redirects(
               ^^^^^^^^^^^^^^^^^^^^^^^^^^^^^^^^^^^^
  File "/home/muzaffar/snap/code/226/.local/share/virtualenvs/awt_claude-ATjes9Jb/lib/python3.12/site-packages/httpx/_client.py", line 1694, in _send_handling_redirects
    response = await self._send_single_request(request)
               ^^^^^^^^^^^^^^^^^^^^^^^^^^^^^^^^^^^^^^^^
  File "/home/muzaffar/snap/code/226/.local/share/virtualenvs/awt_claude-ATjes9Jb/lib/python3.12/site-packages/httpx/_client.py", line 1730, in _send_single_request
    response = await transport.handle_async_request(request)
               ^^^^^^^^^^^^^^^^^^^^^^^^^^^^^^^^^^^^^^^^^^^^^
  File "/home/muzaffar/snap/code/226/.local/share/virtualenvs/awt_claude-ATjes9Jb/lib/python3.12/site-packages/httpx/_transports/default.py", line 393, in handle_async_request
    with map_httpcore_exceptions():
  File "/usr/lib/python3.12/contextlib.py", line 158, in __exit__
    self.gen.throw(value)
  File "/home/muzaffar/snap/code/226/.local/share/virtualenvs/awt_claude-ATjes9Jb/lib/python3.12/site-packages/httpx/_transports/default.py", line 118, in map_httpcore_exceptions
    raise mapped_exc(message) from exc
httpx.ConnectError: [Errno -3] Temporary failure in name resolution

The above exception was the direct cause of the following exception:

Traceback (most recent call last):
  File "/home/muzaffar/snap/code/226/.local/share/virtualenvs/awt_claude-ATjes9Jb/lib/python3.12/site-packages/telegram/ext/_utils/networkloop.py", line 161, in network_retry_loop
    await do_action()
  File "/home/muzaffar/snap/code/226/.local/share/virtualenvs/awt_claude-ATjes9Jb/lib/python3.12/site-packages/telegram/ext/_utils/networkloop.py", line 154, in do_action
    action_cb_task.result()
  File "/home/muzaffar/snap/code/226/.local/share/virtualenvs/awt_claude-ATjes9Jb/lib/python3.12/site-packages/telegram/ext/_updater.py", line 340, in polling_action_cb
    updates = await self.bot.get_updates(
              ^^^^^^^^^^^^^^^^^^^^^^^^^^^
  File "/home/muzaffar/snap/code/226/.local/share/virtualenvs/awt_claude-ATjes9Jb/lib/python3.12/site-packages/telegram/ext/_extbot.py", line 671, in get_updates
    updates = await super().get_updates(
              ^^^^^^^^^^^^^^^^^^^^^^^^^^
  File "/home/muzaffar/snap/code/226/.local/share/virtualenvs/awt_claude-ATjes9Jb/lib/python3.12/site-packages/telegram/_bot.py", line 4860, in get_updates
    await self._post(
  File "/home/muzaffar/snap/code/226/.local/share/virtualenvs/awt_claude-ATjes9Jb/lib/python3.12/site-packages/telegram/_bot.py", line 703, in _post
    return await self._do_post(
           ^^^^^^^^^^^^^^^^^^^^
  File "/home/muzaffar/snap/code/226/.local/share/virtualenvs/awt_claude-ATjes9Jb/lib/python3.12/site-packages/telegram/ext/_extbot.py", line 369, in _do_post
    return await super()._do_post(
           ^^^^^^^^^^^^^^^^^^^^^^^
  File "/home/muzaffar/snap/code/226/.local/share/virtualenvs/awt_claude-ATjes9Jb/lib/python3.12/site-packages/telegram/_bot.py", line 732, in _do_post
    result = await request.post(
             ^^^^^^^^^^^^^^^^^^^
  File "/home/muzaffar/snap/code/226/.local/share/virtualenvs/awt_claude-ATjes9Jb/lib/python3.12/site-packages/telegram/request/_baserequest.py", line 198, in post
    result = await self._request_wrapper(
             ^^^^^^^^^^^^^^^^^^^^^^^^^^^^
  File "/home/muzaffar/snap/code/226/.local/share/virtualenvs/awt_claude-ATjes9Jb/lib/python3.12/site-packages/telegram/request/_baserequest.py", line 305, in _request_wrapper
    code, payload = await self.do_request(
                    ^^^^^^^^^^^^^^^^^^^^^^
  File "/home/muzaffar/snap/code/226/.local/share/virtualenvs/awt_claude-ATjes9Jb/lib/python3.12/site-packages/telegram/request/_httpxrequest.py", line 303, in do_request
    raise NetworkError(f"httpx.{err.__class__.__name__}: {err}") from err
telegram.error.NetworkError: httpx.ConnectError: [Errno -3] Temporary failure in name resolution
2026-03-05 12:11:39,736 [ERROR] No error handlers are registered, logging exception.
Traceback (most recent call last):
  File "/home/muzaffar/snap/code/226/.local/share/virtualenvs/awt_claude-ATjes9Jb/lib/python3.12/site-packages/httpx/_transports/default.py", line 101, in map_httpcore_exceptions
    yield
  File "/home/muzaffar/snap/code/226/.local/share/virtualenvs/awt_claude-ATjes9Jb/lib/python3.12/site-packages/httpx/_transports/default.py", line 394, in handle_async_request
    resp = await self._pool.handle_async_request(req)
           ^^^^^^^^^^^^^^^^^^^^^^^^^^^^^^^^^^^^^^^^^^
  File "/home/muzaffar/snap/code/226/.local/share/virtualenvs/awt_claude-ATjes9Jb/lib/python3.12/site-packages/httpcore/_async/connection_pool.py", line 256, in handle_async_request
    raise exc from None
  File "/home/muzaffar/snap/code/226/.local/share/virtualenvs/awt_claude-ATjes9Jb/lib/python3.12/site-packages/httpcore/_async/connection_pool.py", line 236, in handle_async_request
    response = await connection.handle_async_request(
               ^^^^^^^^^^^^^^^^^^^^^^^^^^^^^^^^^^^^^^
  File "/home/muzaffar/snap/code/226/.local/share/virtualenvs/awt_claude-ATjes9Jb/lib/python3.12/site-packages/httpcore/_async/connection.py", line 101, in handle_async_request
    raise exc
  File "/home/muzaffar/snap/code/226/.local/share/virtualenvs/awt_claude-ATjes9Jb/lib/python3.12/site-packages/httpcore/_async/connection.py", line 78, in handle_async_request
    stream = await self._connect(request)
             ^^^^^^^^^^^^^^^^^^^^^^^^^^^^
  File "/home/muzaffar/snap/code/226/.local/share/virtualenvs/awt_claude-ATjes9Jb/lib/python3.12/site-packages/httpcore/_async/connection.py", line 124, in _connect
    stream = await self._network_backend.connect_tcp(**kwargs)
             ^^^^^^^^^^^^^^^^^^^^^^^^^^^^^^^^^^^^^^^^^^^^^^^^^
  File "/home/muzaffar/snap/code/226/.local/share/virtualenvs/awt_claude-ATjes9Jb/lib/python3.12/site-packages/httpcore/_backends/auto.py", line 31, in connect_tcp
    return await self._backend.connect_tcp(
           ^^^^^^^^^^^^^^^^^^^^^^^^^^^^^^^^
  File "/home/muzaffar/snap/code/226/.local/share/virtualenvs/awt_claude-ATjes9Jb/lib/python3.12/site-packages/httpcore/_backends/anyio.py", line 113, in connect_tcp
    with map_exceptions(exc_map):
  File "/usr/lib/python3.12/contextlib.py", line 158, in __exit__
    self.gen.throw(value)
  File "/home/muzaffar/snap/code/226/.local/share/virtualenvs/awt_claude-ATjes9Jb/lib/python3.12/site-packages/httpcore/_exceptions.py", line 14, in map_exceptions
    raise to_exc(exc) from exc
httpcore.ConnectError: [Errno -3] Temporary failure in name resolution

The above exception was the direct cause of the following exception:

Traceback (most recent call last):
  File "/home/muzaffar/snap/code/226/.local/share/virtualenvs/awt_claude-ATjes9Jb/lib/python3.12/site-packages/telegram/request/_httpxrequest.py", line 279, in do_request
    res = await self._client.request(
          ^^^^^^^^^^^^^^^^^^^^^^^^^^^
  File "/home/muzaffar/snap/code/226/.local/share/virtualenvs/awt_claude-ATjes9Jb/lib/python3.12/site-packages/httpx/_client.py", line 1540, in request
    return await self.send(request, auth=auth, follow_redirects=follow_redirects)
           ^^^^^^^^^^^^^^^^^^^^^^^^^^^^^^^^^^^^^^^^^^^^^^^^^^^^^^^^^^^^^^^^^^^^^^
  File "/home/muzaffar/snap/code/226/.local/share/virtualenvs/awt_claude-ATjes9Jb/lib/python3.12/site-packages/httpx/_client.py", line 1629, in send
    response = await self._send_handling_auth(
               ^^^^^^^^^^^^^^^^^^^^^^^^^^^^^^^
  File "/home/muzaffar/snap/code/226/.local/share/virtualenvs/awt_claude-ATjes9Jb/lib/python3.12/site-packages/httpx/_client.py", line 1657, in _send_handling_auth
    response = await self._send_handling_redirects(
               ^^^^^^^^^^^^^^^^^^^^^^^^^^^^^^^^^^^^
  File "/home/muzaffar/snap/code/226/.local/share/virtualenvs/awt_claude-ATjes9Jb/lib/python3.12/site-packages/httpx/_client.py", line 1694, in _send_handling_redirects
    response = await self._send_single_request(request)
               ^^^^^^^^^^^^^^^^^^^^^^^^^^^^^^^^^^^^^^^^
  File "/home/muzaffar/snap/code/226/.local/share/virtualenvs/awt_claude-ATjes9Jb/lib/python3.12/site-packages/httpx/_client.py", line 1730, in _send_single_request
    response = await transport.handle_async_request(request)
               ^^^^^^^^^^^^^^^^^^^^^^^^^^^^^^^^^^^^^^^^^^^^^
  File "/home/muzaffar/snap/code/226/.local/share/virtualenvs/awt_claude-ATjes9Jb/lib/python3.12/site-packages/httpx/_transports/default.py", line 393, in handle_async_request
    with map_httpcore_exceptions():
  File "/usr/lib/python3.12/contextlib.py", line 158, in __exit__
    self.gen.throw(value)
  File "/home/muzaffar/snap/code/226/.local/share/virtualenvs/awt_claude-ATjes9Jb/lib/python3.12/site-packages/httpx/_transports/default.py", line 118, in map_httpcore_exceptions
    raise mapped_exc(message) from exc
httpx.ConnectError: [Errno -3] Temporary failure in name resolution

The above exception was the direct cause of the following exception:

Traceback (most recent call last):
  File "/home/muzaffar/snap/code/226/.local/share/virtualenvs/awt_claude-ATjes9Jb/lib/python3.12/site-packages/telegram/ext/_utils/networkloop.py", line 161, in network_retry_loop
    await do_action()
  File "/home/muzaffar/snap/code/226/.local/share/virtualenvs/awt_claude-ATjes9Jb/lib/python3.12/site-packages/telegram/ext/_utils/networkloop.py", line 154, in do_action
    action_cb_task.result()
  File "/home/muzaffar/snap/code/226/.local/share/virtualenvs/awt_claude-ATjes9Jb/lib/python3.12/site-packages/telegram/ext/_updater.py", line 340, in polling_action_cb
    updates = await self.bot.get_updates(
              ^^^^^^^^^^^^^^^^^^^^^^^^^^^
  File "/home/muzaffar/snap/code/226/.local/share/virtualenvs/awt_claude-ATjes9Jb/lib/python3.12/site-packages/telegram/ext/_extbot.py", line 671, in get_updates
    updates = await super().get_updates(
              ^^^^^^^^^^^^^^^^^^^^^^^^^^
  File "/home/muzaffar/snap/code/226/.local/share/virtualenvs/awt_claude-ATjes9Jb/lib/python3.12/site-packages/telegram/_bot.py", line 4860, in get_updates
    await self._post(
  File "/home/muzaffar/snap/code/226/.local/share/virtualenvs/awt_claude-ATjes9Jb/lib/python3.12/site-packages/telegram/_bot.py", line 703, in _post
    return await self._do_post(
           ^^^^^^^^^^^^^^^^^^^^
  File "/home/muzaffar/snap/code/226/.local/share/virtualenvs/awt_claude-ATjes9Jb/lib/python3.12/site-packages/telegram/ext/_extbot.py", line 369, in _do_post
    return await super()._do_post(
           ^^^^^^^^^^^^^^^^^^^^^^^
  File "/home/muzaffar/snap/code/226/.local/share/virtualenvs/awt_claude-ATjes9Jb/lib/python3.12/site-packages/telegram/_bot.py", line 732, in _do_post
    result = await request.post(
             ^^^^^^^^^^^^^^^^^^^
  File "/home/muzaffar/snap/code/226/.local/share/virtualenvs/awt_claude-ATjes9Jb/lib/python3.12/site-packages/telegram/request/_baserequest.py", line 198, in post
    result = await self._request_wrapper(
             ^^^^^^^^^^^^^^^^^^^^^^^^^^^^
  File "/home/muzaffar/snap/code/226/.local/share/virtualenvs/awt_claude-ATjes9Jb/lib/python3.12/site-packages/telegram/request/_baserequest.py", line 305, in _request_wrapper
    code, payload = await self.do_request(
                    ^^^^^^^^^^^^^^^^^^^^^^
  File "/home/muzaffar/snap/code/226/.local/share/virtualenvs/awt_claude-ATjes9Jb/lib/python3.12/site-packages/telegram/request/_httpxrequest.py", line 303, in do_request
    raise NetworkError(f"httpx.{err.__class__.__name__}: {err}") from err
telegram.error.NetworkError: httpx.ConnectError: [Errno -3] Temporary failure in name resolution
2026-03-05 12:11:43,115 [ERROR] No error handlers are registered, logging exception.
Traceback (most recent call last):
  File "/home/muzaffar/snap/code/226/.local/share/virtualenvs/awt_claude-ATjes9Jb/lib/python3.12/site-packages/httpx/_transports/default.py", line 101, in map_httpcore_exceptions
    yield
  File "/home/muzaffar/snap/code/226/.local/share/virtualenvs/awt_claude-ATjes9Jb/lib/python3.12/site-packages/httpx/_transports/default.py", line 394, in handle_async_request
    resp = await self._pool.handle_async_request(req)
           ^^^^^^^^^^^^^^^^^^^^^^^^^^^^^^^^^^^^^^^^^^
  File "/home/muzaffar/snap/code/226/.local/share/virtualenvs/awt_claude-ATjes9Jb/lib/python3.12/site-packages/httpcore/_async/connection_pool.py", line 256, in handle_async_request
    raise exc from None
  File "/home/muzaffar/snap/code/226/.local/share/virtualenvs/awt_claude-ATjes9Jb/lib/python3.12/site-packages/httpcore/_async/connection_pool.py", line 236, in handle_async_request
    response = await connection.handle_async_request(
               ^^^^^^^^^^^^^^^^^^^^^^^^^^^^^^^^^^^^^^
  File "/home/muzaffar/snap/code/226/.local/share/virtualenvs/awt_claude-ATjes9Jb/lib/python3.12/site-packages/httpcore/_async/connection.py", line 101, in handle_async_request
    raise exc
  File "/home/muzaffar/snap/code/226/.local/share/virtualenvs/awt_claude-ATjes9Jb/lib/python3.12/site-packages/httpcore/_async/connection.py", line 78, in handle_async_request
    stream = await self._connect(request)
             ^^^^^^^^^^^^^^^^^^^^^^^^^^^^
  File "/home/muzaffar/snap/code/226/.local/share/virtualenvs/awt_claude-ATjes9Jb/lib/python3.12/site-packages/httpcore/_async/connection.py", line 124, in _connect
    stream = await self._network_backend.connect_tcp(**kwargs)
             ^^^^^^^^^^^^^^^^^^^^^^^^^^^^^^^^^^^^^^^^^^^^^^^^^
  File "/home/muzaffar/snap/code/226/.local/share/virtualenvs/awt_claude-ATjes9Jb/lib/python3.12/site-packages/httpcore/_backends/auto.py", line 31, in connect_tcp
    return await self._backend.connect_tcp(
           ^^^^^^^^^^^^^^^^^^^^^^^^^^^^^^^^
  File "/home/muzaffar/snap/code/226/.local/share/virtualenvs/awt_claude-ATjes9Jb/lib/python3.12/site-packages/httpcore/_backends/anyio.py", line 113, in connect_tcp
    with map_exceptions(exc_map):
  File "/usr/lib/python3.12/contextlib.py", line 158, in __exit__
    self.gen.throw(value)
  File "/home/muzaffar/snap/code/226/.local/share/virtualenvs/awt_claude-ATjes9Jb/lib/python3.12/site-packages/httpcore/_exceptions.py", line 14, in map_exceptions
    raise to_exc(exc) from exc
httpcore.ConnectError: [Errno -3] Temporary failure in name resolution

The above exception was the direct cause of the following exception:

Traceback (most recent call last):
  File "/home/muzaffar/snap/code/226/.local/share/virtualenvs/awt_claude-ATjes9Jb/lib/python3.12/site-packages/telegram/request/_httpxrequest.py", line 279, in do_request
    res = await self._client.request(
          ^^^^^^^^^^^^^^^^^^^^^^^^^^^
  File "/home/muzaffar/snap/code/226/.local/share/virtualenvs/awt_claude-ATjes9Jb/lib/python3.12/site-packages/httpx/_client.py", line 1540, in request
    return await self.send(request, auth=auth, follow_redirects=follow_redirects)
           ^^^^^^^^^^^^^^^^^^^^^^^^^^^^^^^^^^^^^^^^^^^^^^^^^^^^^^^^^^^^^^^^^^^^^^
  File "/home/muzaffar/snap/code/226/.local/share/virtualenvs/awt_claude-ATjes9Jb/lib/python3.12/site-packages/httpx/_client.py", line 1629, in send
    response = await self._send_handling_auth(
               ^^^^^^^^^^^^^^^^^^^^^^^^^^^^^^^
  File "/home/muzaffar/snap/code/226/.local/share/virtualenvs/awt_claude-ATjes9Jb/lib/python3.12/site-packages/httpx/_client.py", line 1657, in _send_handling_auth
    response = await self._send_handling_redirects(
               ^^^^^^^^^^^^^^^^^^^^^^^^^^^^^^^^^^^^
  File "/home/muzaffar/snap/code/226/.local/share/virtualenvs/awt_claude-ATjes9Jb/lib/python3.12/site-packages/httpx/_client.py", line 1694, in _send_handling_redirects
    response = await self._send_single_request(request)
               ^^^^^^^^^^^^^^^^^^^^^^^^^^^^^^^^^^^^^^^^
  File "/home/muzaffar/snap/code/226/.local/share/virtualenvs/awt_claude-ATjes9Jb/lib/python3.12/site-packages/httpx/_client.py", line 1730, in _send_single_request
    response = await transport.handle_async_request(request)
               ^^^^^^^^^^^^^^^^^^^^^^^^^^^^^^^^^^^^^^^^^^^^^
  File "/home/muzaffar/snap/code/226/.local/share/virtualenvs/awt_claude-ATjes9Jb/lib/python3.12/site-packages/httpx/_transports/default.py", line 393, in handle_async_request
    with map_httpcore_exceptions():
  File "/usr/lib/python3.12/contextlib.py", line 158, in __exit__
    self.gen.throw(value)
  File "/home/muzaffar/snap/code/226/.local/share/virtualenvs/awt_claude-ATjes9Jb/lib/python3.12/site-packages/httpx/_transports/default.py", line 118, in map_httpcore_exceptions
    raise mapped_exc(message) from exc
httpx.ConnectError: [Errno -3] Temporary failure in name resolution

The above exception was the direct cause of the following exception:

Traceback (most recent call last):
  File "/home/muzaffar/snap/code/226/.local/share/virtualenvs/awt_claude-ATjes9Jb/lib/python3.12/site-packages/telegram/ext/_utils/networkloop.py", line 161, in network_retry_loop
    await do_action()
  File "/home/muzaffar/snap/code/226/.local/share/virtualenvs/awt_claude-ATjes9Jb/lib/python3.12/site-packages/telegram/ext/_utils/networkloop.py", line 154, in do_action
    action_cb_task.result()
  File "/home/muzaffar/snap/code/226/.local/share/virtualenvs/awt_claude-ATjes9Jb/lib/python3.12/site-packages/telegram/ext/_updater.py", line 340, in polling_action_cb
    updates = await self.bot.get_updates(
              ^^^^^^^^^^^^^^^^^^^^^^^^^^^
  File "/home/muzaffar/snap/code/226/.local/share/virtualenvs/awt_claude-ATjes9Jb/lib/python3.12/site-packages/telegram/ext/_extbot.py", line 671, in get_updates
    updates = await super().get_updates(
              ^^^^^^^^^^^^^^^^^^^^^^^^^^
  File "/home/muzaffar/snap/code/226/.local/share/virtualenvs/awt_claude-ATjes9Jb/lib/python3.12/site-packages/telegram/_bot.py", line 4860, in get_updates
    await self._post(
  File "/home/muzaffar/snap/code/226/.local/share/virtualenvs/awt_claude-ATjes9Jb/lib/python3.12/site-packages/telegram/_bot.py", line 703, in _post
    return await self._do_post(
           ^^^^^^^^^^^^^^^^^^^^
  File "/home/muzaffar/snap/code/226/.local/share/virtualenvs/awt_claude-ATjes9Jb/lib/python3.12/site-packages/telegram/ext/_extbot.py", line 369, in _do_post
    return await super()._do_post(
           ^^^^^^^^^^^^^^^^^^^^^^^
  File "/home/muzaffar/snap/code/226/.local/share/virtualenvs/awt_claude-ATjes9Jb/lib/python3.12/site-packages/telegram/_bot.py", line 732, in _do_post
    result = await request.post(
             ^^^^^^^^^^^^^^^^^^^
  File "/home/muzaffar/snap/code/226/.local/share/virtualenvs/awt_claude-ATjes9Jb/lib/python3.12/site-packages/telegram/request/_baserequest.py", line 198, in post
    result = await self._request_wrapper(
             ^^^^^^^^^^^^^^^^^^^^^^^^^^^^
  File "/home/muzaffar/snap/code/226/.local/share/virtualenvs/awt_claude-ATjes9Jb/lib/python3.12/site-packages/telegram/request/_baserequest.py", line 305, in _request_wrapper
    code, payload = await self.do_request(
                    ^^^^^^^^^^^^^^^^^^^^^^
  File "/home/muzaffar/snap/code/226/.local/share/virtualenvs/awt_claude-ATjes9Jb/lib/python3.12/site-packages/telegram/request/_httpxrequest.py", line 303, in do_request
    raise NetworkError(f"httpx.{err.__class__.__name__}: {err}") from err
telegram.error.NetworkError: httpx.ConnectError: [Errno -3] Temporary failure in name resolution
2026-03-05 12:11:48,185 [ERROR] No error handlers are registered, logging exception.
Traceback (most recent call last):
  File "/home/muzaffar/snap/code/226/.local/share/virtualenvs/awt_claude-ATjes9Jb/lib/python3.12/site-packages/httpx/_transports/default.py", line 101, in map_httpcore_exceptions
    yield
  File "/home/muzaffar/snap/code/226/.local/share/virtualenvs/awt_claude-ATjes9Jb/lib/python3.12/site-packages/httpx/_transports/default.py", line 394, in handle_async_request
    resp = await self._pool.handle_async_request(req)
           ^^^^^^^^^^^^^^^^^^^^^^^^^^^^^^^^^^^^^^^^^^
  File "/home/muzaffar/snap/code/226/.local/share/virtualenvs/awt_claude-ATjes9Jb/lib/python3.12/site-packages/httpcore/_async/connection_pool.py", line 256, in handle_async_request
    raise exc from None
  File "/home/muzaffar/snap/code/226/.local/share/virtualenvs/awt_claude-ATjes9Jb/lib/python3.12/site-packages/httpcore/_async/connection_pool.py", line 236, in handle_async_request
    response = await connection.handle_async_request(
               ^^^^^^^^^^^^^^^^^^^^^^^^^^^^^^^^^^^^^^
  File "/home/muzaffar/snap/code/226/.local/share/virtualenvs/awt_claude-ATjes9Jb/lib/python3.12/site-packages/httpcore/_async/connection.py", line 101, in handle_async_request
    raise exc
  File "/home/muzaffar/snap/code/226/.local/share/virtualenvs/awt_claude-ATjes9Jb/lib/python3.12/site-packages/httpcore/_async/connection.py", line 78, in handle_async_request
    stream = await self._connect(request)
             ^^^^^^^^^^^^^^^^^^^^^^^^^^^^
  File "/home/muzaffar/snap/code/226/.local/share/virtualenvs/awt_claude-ATjes9Jb/lib/python3.12/site-packages/httpcore/_async/connection.py", line 124, in _connect
    stream = await self._network_backend.connect_tcp(**kwargs)
             ^^^^^^^^^^^^^^^^^^^^^^^^^^^^^^^^^^^^^^^^^^^^^^^^^
  File "/home/muzaffar/snap/code/226/.local/share/virtualenvs/awt_claude-ATjes9Jb/lib/python3.12/site-packages/httpcore/_backends/auto.py", line 31, in connect_tcp
    return await self._backend.connect_tcp(
           ^^^^^^^^^^^^^^^^^^^^^^^^^^^^^^^^
  File "/home/muzaffar/snap/code/226/.local/share/virtualenvs/awt_claude-ATjes9Jb/lib/python3.12/site-packages/httpcore/_backends/anyio.py", line 113, in connect_tcp
    with map_exceptions(exc_map):
  File "/usr/lib/python3.12/contextlib.py", line 158, in __exit__
    self.gen.throw(value)
  File "/home/muzaffar/snap/code/226/.local/share/virtualenvs/awt_claude-ATjes9Jb/lib/python3.12/site-packages/httpcore/_exceptions.py", line 14, in map_exceptions
    raise to_exc(exc) from exc
httpcore.ConnectError: [Errno -3] Temporary failure in name resolution

The above exception was the direct cause of the following exception:

Traceback (most recent call last):
  File "/home/muzaffar/snap/code/226/.local/share/virtualenvs/awt_claude-ATjes9Jb/lib/python3.12/site-packages/telegram/request/_httpxrequest.py", line 279, in do_request
    res = await self._client.request(
          ^^^^^^^^^^^^^^^^^^^^^^^^^^^
  File "/home/muzaffar/snap/code/226/.local/share/virtualenvs/awt_claude-ATjes9Jb/lib/python3.12/site-packages/httpx/_client.py", line 1540, in request
    return await self.send(request, auth=auth, follow_redirects=follow_redirects)
           ^^^^^^^^^^^^^^^^^^^^^^^^^^^^^^^^^^^^^^^^^^^^^^^^^^^^^^^^^^^^^^^^^^^^^^
  File "/home/muzaffar/snap/code/226/.local/share/virtualenvs/awt_claude-ATjes9Jb/lib/python3.12/site-packages/httpx/_client.py", line 1629, in send
    response = await self._send_handling_auth(
               ^^^^^^^^^^^^^^^^^^^^^^^^^^^^^^^
  File "/home/muzaffar/snap/code/226/.local/share/virtualenvs/awt_claude-ATjes9Jb/lib/python3.12/site-packages/httpx/_client.py", line 1657, in _send_handling_auth
    response = await self._send_handling_redirects(
               ^^^^^^^^^^^^^^^^^^^^^^^^^^^^^^^^^^^^
  File "/home/muzaffar/snap/code/226/.local/share/virtualenvs/awt_claude-ATjes9Jb/lib/python3.12/site-packages/httpx/_client.py", line 1694, in _send_handling_redirects
    response = await self._send_single_request(request)
               ^^^^^^^^^^^^^^^^^^^^^^^^^^^^^^^^^^^^^^^^
  File "/home/muzaffar/snap/code/226/.local/share/virtualenvs/awt_claude-ATjes9Jb/lib/python3.12/site-packages/httpx/_client.py", line 1730, in _send_single_request
    response = await transport.handle_async_request(request)
               ^^^^^^^^^^^^^^^^^^^^^^^^^^^^^^^^^^^^^^^^^^^^^
  File "/home/muzaffar/snap/code/226/.local/share/virtualenvs/awt_claude-ATjes9Jb/lib/python3.12/site-packages/httpx/_transports/default.py", line 393, in handle_async_request
    with map_httpcore_exceptions():
  File "/usr/lib/python3.12/contextlib.py", line 158, in __exit__
    self.gen.throw(value)
  File "/home/muzaffar/snap/code/226/.local/share/virtualenvs/awt_claude-ATjes9Jb/lib/python3.12/site-packages/httpx/_transports/default.py", line 118, in map_httpcore_exceptions
    raise mapped_exc(message) from exc
httpx.ConnectError: [Errno -3] Temporary failure in name resolution

The above exception was the direct cause of the following exception:

Traceback (most recent call last):
  File "/home/muzaffar/snap/code/226/.local/share/virtualenvs/awt_claude-ATjes9Jb/lib/python3.12/site-packages/telegram/ext/_utils/networkloop.py", line 161, in network_retry_loop
    await do_action()
  File "/home/muzaffar/snap/code/226/.local/share/virtualenvs/awt_claude-ATjes9Jb/lib/python3.12/site-packages/telegram/ext/_utils/networkloop.py", line 154, in do_action
    action_cb_task.result()
  File "/home/muzaffar/snap/code/226/.local/share/virtualenvs/awt_claude-ATjes9Jb/lib/python3.12/site-packages/telegram/ext/_updater.py", line 340, in polling_action_cb
    updates = await self.bot.get_updates(
              ^^^^^^^^^^^^^^^^^^^^^^^^^^^
  File "/home/muzaffar/snap/code/226/.local/share/virtualenvs/awt_claude-ATjes9Jb/lib/python3.12/site-packages/telegram/ext/_extbot.py", line 671, in get_updates
    updates = await super().get_updates(
              ^^^^^^^^^^^^^^^^^^^^^^^^^^
  File "/home/muzaffar/snap/code/226/.local/share/virtualenvs/awt_claude-ATjes9Jb/lib/python3.12/site-packages/telegram/_bot.py", line 4860, in get_updates
    await self._post(
  File "/home/muzaffar/snap/code/226/.local/share/virtualenvs/awt_claude-ATjes9Jb/lib/python3.12/site-packages/telegram/_bot.py", line 703, in _post
    return await self._do_post(
           ^^^^^^^^^^^^^^^^^^^^
  File "/home/muzaffar/snap/code/226/.local/share/virtualenvs/awt_claude-ATjes9Jb/lib/python3.12/site-packages/telegram/ext/_extbot.py", line 369, in _do_post
    return await super()._do_post(
           ^^^^^^^^^^^^^^^^^^^^^^^
  File "/home/muzaffar/snap/code/226/.local/share/virtualenvs/awt_claude-ATjes9Jb/lib/python3.12/site-packages/telegram/_bot.py", line 732, in _do_post
    result = await request.post(
             ^^^^^^^^^^^^^^^^^^^
  File "/home/muzaffar/snap/code/226/.local/share/virtualenvs/awt_claude-ATjes9Jb/lib/python3.12/site-packages/telegram/request/_baserequest.py", line 198, in post
    result = await self._request_wrapper(
             ^^^^^^^^^^^^^^^^^^^^^^^^^^^^
  File "/home/muzaffar/snap/code/226/.local/share/virtualenvs/awt_claude-ATjes9Jb/lib/python3.12/site-packages/telegram/request/_baserequest.py", line 305, in _request_wrapper
    code, payload = await self.do_request(
                    ^^^^^^^^^^^^^^^^^^^^^^
  File "/home/muzaffar/snap/code/226/.local/share/virtualenvs/awt_claude-ATjes9Jb/lib/python3.12/site-packages/telegram/request/_httpxrequest.py", line 303, in do_request
    raise NetworkError(f"httpx.{err.__class__.__name__}: {err}") from err
telegram.error.NetworkError: httpx.ConnectError: [Errno -3] Temporary failure in name resolution
2026-03-05 12:11:55,789 [ERROR] No error handlers are registered, logging exception.
Traceback (most recent call last):
  File "/home/muzaffar/snap/code/226/.local/share/virtualenvs/awt_claude-ATjes9Jb/lib/python3.12/site-packages/httpx/_transports/default.py", line 101, in map_httpcore_exceptions
    yield
  File "/home/muzaffar/snap/code/226/.local/share/virtualenvs/awt_claude-ATjes9Jb/lib/python3.12/site-packages/httpx/_transports/default.py", line 394, in handle_async_request
    resp = await self._pool.handle_async_request(req)
           ^^^^^^^^^^^^^^^^^^^^^^^^^^^^^^^^^^^^^^^^^^
  File "/home/muzaffar/snap/code/226/.local/share/virtualenvs/awt_claude-ATjes9Jb/lib/python3.12/site-packages/httpcore/_async/connection_pool.py", line 256, in handle_async_request
    raise exc from None
  File "/home/muzaffar/snap/code/226/.local/share/virtualenvs/awt_claude-ATjes9Jb/lib/python3.12/site-packages/httpcore/_async/connection_pool.py", line 236, in handle_async_request
    response = await connection.handle_async_request(
               ^^^^^^^^^^^^^^^^^^^^^^^^^^^^^^^^^^^^^^
  File "/home/muzaffar/snap/code/226/.local/share/virtualenvs/awt_claude-ATjes9Jb/lib/python3.12/site-packages/httpcore/_async/connection.py", line 101, in handle_async_request
    raise exc
  File "/home/muzaffar/snap/code/226/.local/share/virtualenvs/awt_claude-ATjes9Jb/lib/python3.12/site-packages/httpcore/_async/connection.py", line 78, in handle_async_request
    stream = await self._connect(request)
             ^^^^^^^^^^^^^^^^^^^^^^^^^^^^
  File "/home/muzaffar/snap/code/226/.local/share/virtualenvs/awt_claude-ATjes9Jb/lib/python3.12/site-packages/httpcore/_async/connection.py", line 124, in _connect
    stream = await self._network_backend.connect_tcp(**kwargs)
             ^^^^^^^^^^^^^^^^^^^^^^^^^^^^^^^^^^^^^^^^^^^^^^^^^
  File "/home/muzaffar/snap/code/226/.local/share/virtualenvs/awt_claude-ATjes9Jb/lib/python3.12/site-packages/httpcore/_backends/auto.py", line 31, in connect_tcp
    return await self._backend.connect_tcp(
           ^^^^^^^^^^^^^^^^^^^^^^^^^^^^^^^^
  File "/home/muzaffar/snap/code/226/.local/share/virtualenvs/awt_claude-ATjes9Jb/lib/python3.12/site-packages/httpcore/_backends/anyio.py", line 113, in connect_tcp
    with map_exceptions(exc_map):
  File "/usr/lib/python3.12/contextlib.py", line 158, in __exit__
    self.gen.throw(value)
  File "/home/muzaffar/snap/code/226/.local/share/virtualenvs/awt_claude-ATjes9Jb/lib/python3.12/site-packages/httpcore/_exceptions.py", line 14, in map_exceptions
    raise to_exc(exc) from exc
httpcore.ConnectError: [Errno -3] Temporary failure in name resolution

The above exception was the direct cause of the following exception:

Traceback (most recent call last):
  File "/home/muzaffar/snap/code/226/.local/share/virtualenvs/awt_claude-ATjes9Jb/lib/python3.12/site-packages/telegram/request/_httpxrequest.py", line 279, in do_request
    res = await self._client.request(
          ^^^^^^^^^^^^^^^^^^^^^^^^^^^
  File "/home/muzaffar/snap/code/226/.local/share/virtualenvs/awt_claude-ATjes9Jb/lib/python3.12/site-packages/httpx/_client.py", line 1540, in request
    return await self.send(request, auth=auth, follow_redirects=follow_redirects)
           ^^^^^^^^^^^^^^^^^^^^^^^^^^^^^^^^^^^^^^^^^^^^^^^^^^^^^^^^^^^^^^^^^^^^^^
  File "/home/muzaffar/snap/code/226/.local/share/virtualenvs/awt_claude-ATjes9Jb/lib/python3.12/site-packages/httpx/_client.py", line 1629, in send
    response = await self._send_handling_auth(
               ^^^^^^^^^^^^^^^^^^^^^^^^^^^^^^^
  File "/home/muzaffar/snap/code/226/.local/share/virtualenvs/awt_claude-ATjes9Jb/lib/python3.12/site-packages/httpx/_client.py", line 1657, in _send_handling_auth
    response = await self._send_handling_redirects(
               ^^^^^^^^^^^^^^^^^^^^^^^^^^^^^^^^^^^^
  File "/home/muzaffar/snap/code/226/.local/share/virtualenvs/awt_claude-ATjes9Jb/lib/python3.12/site-packages/httpx/_client.py", line 1694, in _send_handling_redirects
    response = await self._send_single_request(request)
               ^^^^^^^^^^^^^^^^^^^^^^^^^^^^^^^^^^^^^^^^
  File "/home/muzaffar/snap/code/226/.local/share/virtualenvs/awt_claude-ATjes9Jb/lib/python3.12/site-packages/httpx/_client.py", line 1730, in _send_single_request
    response = await transport.handle_async_request(request)
               ^^^^^^^^^^^^^^^^^^^^^^^^^^^^^^^^^^^^^^^^^^^^^
  File "/home/muzaffar/snap/code/226/.local/share/virtualenvs/awt_claude-ATjes9Jb/lib/python3.12/site-packages/httpx/_transports/default.py", line 393, in handle_async_request
    with map_httpcore_exceptions():
  File "/usr/lib/python3.12/contextlib.py", line 158, in __exit__
    self.gen.throw(value)
  File "/home/muzaffar/snap/code/226/.local/share/virtualenvs/awt_claude-ATjes9Jb/lib/python3.12/site-packages/httpx/_transports/default.py", line 118, in map_httpcore_exceptions
    raise mapped_exc(message) from exc
httpx.ConnectError: [Errno -3] Temporary failure in name resolution

The above exception was the direct cause of the following exception:

Traceback (most recent call last):
  File "/home/muzaffar/snap/code/226/.local/share/virtualenvs/awt_claude-ATjes9Jb/lib/python3.12/site-packages/telegram/ext/_utils/networkloop.py", line 161, in network_retry_loop
    await do_action()
  File "/home/muzaffar/snap/code/226/.local/share/virtualenvs/awt_claude-ATjes9Jb/lib/python3.12/site-packages/telegram/ext/_utils/networkloop.py", line 154, in do_action
    action_cb_task.result()
  File "/home/muzaffar/snap/code/226/.local/share/virtualenvs/awt_claude-ATjes9Jb/lib/python3.12/site-packages/telegram/ext/_updater.py", line 340, in polling_action_cb
    updates = await self.bot.get_updates(
              ^^^^^^^^^^^^^^^^^^^^^^^^^^^
  File "/home/muzaffar/snap/code/226/.local/share/virtualenvs/awt_claude-ATjes9Jb/lib/python3.12/site-packages/telegram/ext/_extbot.py", line 671, in get_updates
    updates = await super().get_updates(
              ^^^^^^^^^^^^^^^^^^^^^^^^^^
  File "/home/muzaffar/snap/code/226/.local/share/virtualenvs/awt_claude-ATjes9Jb/lib/python3.12/site-packages/telegram/_bot.py", line 4860, in get_updates
    await self._post(
  File "/home/muzaffar/snap/code/226/.local/share/virtualenvs/awt_claude-ATjes9Jb/lib/python3.12/site-packages/telegram/_bot.py", line 703, in _post
    return await self._do_post(
           ^^^^^^^^^^^^^^^^^^^^
  File "/home/muzaffar/snap/code/226/.local/share/virtualenvs/awt_claude-ATjes9Jb/lib/python3.12/site-packages/telegram/ext/_extbot.py", line 369, in _do_post
    return await super()._do_post(
           ^^^^^^^^^^^^^^^^^^^^^^^
  File "/home/muzaffar/snap/code/226/.local/share/virtualenvs/awt_claude-ATjes9Jb/lib/python3.12/site-packages/telegram/_bot.py", line 732, in _do_post
    result = await request.post(
             ^^^^^^^^^^^^^^^^^^^
  File "/home/muzaffar/snap/code/226/.local/share/virtualenvs/awt_claude-ATjes9Jb/lib/python3.12/site-packages/telegram/request/_baserequest.py", line 198, in post
    result = await self._request_wrapper(
             ^^^^^^^^^^^^^^^^^^^^^^^^^^^^
  File "/home/muzaffar/snap/code/226/.local/share/virtualenvs/awt_claude-ATjes9Jb/lib/python3.12/site-packages/telegram/request/_baserequest.py", line 305, in _request_wrapper
    code, payload = await self.do_request(
                    ^^^^^^^^^^^^^^^^^^^^^^
  File "/home/muzaffar/snap/code/226/.local/share/virtualenvs/awt_claude-ATjes9Jb/lib/python3.12/site-packages/telegram/request/_httpxrequest.py", line 303, in do_request
    raise NetworkError(f"httpx.{err.__class__.__name__}: {err}") from err
telegram.error.NetworkError: httpx.ConnectError: [Errno -3] Temporary failure in name resolution
2026-03-05 12:12:07,185 [ERROR] No error handlers are registered, logging exception.
Traceback (most recent call last):
  File "/home/muzaffar/snap/code/226/.local/share/virtualenvs/awt_claude-ATjes9Jb/lib/python3.12/site-packages/httpx/_transports/default.py", line 101, in map_httpcore_exceptions
    yield
  File "/home/muzaffar/snap/code/226/.local/share/virtualenvs/awt_claude-ATjes9Jb/lib/python3.12/site-packages/httpx/_transports/default.py", line 394, in handle_async_request
    resp = await self._pool.handle_async_request(req)
           ^^^^^^^^^^^^^^^^^^^^^^^^^^^^^^^^^^^^^^^^^^
  File "/home/muzaffar/snap/code/226/.local/share/virtualenvs/awt_claude-ATjes9Jb/lib/python3.12/site-packages/httpcore/_async/connection_pool.py", line 256, in handle_async_request
    raise exc from None
  File "/home/muzaffar/snap/code/226/.local/share/virtualenvs/awt_claude-ATjes9Jb/lib/python3.12/site-packages/httpcore/_async/connection_pool.py", line 236, in handle_async_request
    response = await connection.handle_async_request(
               ^^^^^^^^^^^^^^^^^^^^^^^^^^^^^^^^^^^^^^
  File "/home/muzaffar/snap/code/226/.local/share/virtualenvs/awt_claude-ATjes9Jb/lib/python3.12/site-packages/httpcore/_async/connection.py", line 101, in handle_async_request
    raise exc
  File "/home/muzaffar/snap/code/226/.local/share/virtualenvs/awt_claude-ATjes9Jb/lib/python3.12/site-packages/httpcore/_async/connection.py", line 78, in handle_async_request
    stream = await self._connect(request)
             ^^^^^^^^^^^^^^^^^^^^^^^^^^^^
  File "/home/muzaffar/snap/code/226/.local/share/virtualenvs/awt_claude-ATjes9Jb/lib/python3.12/site-packages/httpcore/_async/connection.py", line 124, in _connect
    stream = await self._network_backend.connect_tcp(**kwargs)
             ^^^^^^^^^^^^^^^^^^^^^^^^^^^^^^^^^^^^^^^^^^^^^^^^^
  File "/home/muzaffar/snap/code/226/.local/share/virtualenvs/awt_claude-ATjes9Jb/lib/python3.12/site-packages/httpcore/_backends/auto.py", line 31, in connect_tcp
    return await self._backend.connect_tcp(
           ^^^^^^^^^^^^^^^^^^^^^^^^^^^^^^^^
  File "/home/muzaffar/snap/code/226/.local/share/virtualenvs/awt_claude-ATjes9Jb/lib/python3.12/site-packages/httpcore/_backends/anyio.py", line 113, in connect_tcp
    with map_exceptions(exc_map):
  File "/usr/lib/python3.12/contextlib.py", line 158, in __exit__
    self.gen.throw(value)
  File "/home/muzaffar/snap/code/226/.local/share/virtualenvs/awt_claude-ATjes9Jb/lib/python3.12/site-packages/httpcore/_exceptions.py", line 14, in map_exceptions
    raise to_exc(exc) from exc
httpcore.ConnectError: [Errno -3] Temporary failure in name resolution

The above exception was the direct cause of the following exception:

Traceback (most recent call last):
  File "/home/muzaffar/snap/code/226/.local/share/virtualenvs/awt_claude-ATjes9Jb/lib/python3.12/site-packages/telegram/request/_httpxrequest.py", line 279, in do_request
    res = await self._client.request(
          ^^^^^^^^^^^^^^^^^^^^^^^^^^^
  File "/home/muzaffar/snap/code/226/.local/share/virtualenvs/awt_claude-ATjes9Jb/lib/python3.12/site-packages/httpx/_client.py", line 1540, in request
    return await self.send(request, auth=auth, follow_redirects=follow_redirects)
           ^^^^^^^^^^^^^^^^^^^^^^^^^^^^^^^^^^^^^^^^^^^^^^^^^^^^^^^^^^^^^^^^^^^^^^
  File "/home/muzaffar/snap/code/226/.local/share/virtualenvs/awt_claude-ATjes9Jb/lib/python3.12/site-packages/httpx/_client.py", line 1629, in send
    response = await self._send_handling_auth(
               ^^^^^^^^^^^^^^^^^^^^^^^^^^^^^^^
  File "/home/muzaffar/snap/code/226/.local/share/virtualenvs/awt_claude-ATjes9Jb/lib/python3.12/site-packages/httpx/_client.py", line 1657, in _send_handling_auth
    response = await self._send_handling_redirects(
               ^^^^^^^^^^^^^^^^^^^^^^^^^^^^^^^^^^^^
  File "/home/muzaffar/snap/code/226/.local/share/virtualenvs/awt_claude-ATjes9Jb/lib/python3.12/site-packages/httpx/_client.py", line 1694, in _send_handling_redirects
    response = await self._send_single_request(request)
               ^^^^^^^^^^^^^^^^^^^^^^^^^^^^^^^^^^^^^^^^
  File "/home/muzaffar/snap/code/226/.local/share/virtualenvs/awt_claude-ATjes9Jb/lib/python3.12/site-packages/httpx/_client.py", line 1730, in _send_single_request
    response = await transport.handle_async_request(request)
               ^^^^^^^^^^^^^^^^^^^^^^^^^^^^^^^^^^^^^^^^^^^^^
  File "/home/muzaffar/snap/code/226/.local/share/virtualenvs/awt_claude-ATjes9Jb/lib/python3.12/site-packages/httpx/_transports/default.py", line 393, in handle_async_request
    with map_httpcore_exceptions():
  File "/usr/lib/python3.12/contextlib.py", line 158, in __exit__
    self.gen.throw(value)
  File "/home/muzaffar/snap/code/226/.local/share/virtualenvs/awt_claude-ATjes9Jb/lib/python3.12/site-packages/httpx/_transports/default.py", line 118, in map_httpcore_exceptions
    raise mapped_exc(message) from exc
httpx.ConnectError: [Errno -3] Temporary failure in name resolution

The above exception was the direct cause of the following exception:

Traceback (most recent call last):
  File "/home/muzaffar/snap/code/226/.local/share/virtualenvs/awt_claude-ATjes9Jb/lib/python3.12/site-packages/telegram/ext/_utils/networkloop.py", line 161, in network_retry_loop
    await do_action()
  File "/home/muzaffar/snap/code/226/.local/share/virtualenvs/awt_claude-ATjes9Jb/lib/python3.12/site-packages/telegram/ext/_utils/networkloop.py", line 154, in do_action
    action_cb_task.result()
  File "/home/muzaffar/snap/code/226/.local/share/virtualenvs/awt_claude-ATjes9Jb/lib/python3.12/site-packages/telegram/ext/_updater.py", line 340, in polling_action_cb
    updates = await self.bot.get_updates(
              ^^^^^^^^^^^^^^^^^^^^^^^^^^^
  File "/home/muzaffar/snap/code/226/.local/share/virtualenvs/awt_claude-ATjes9Jb/lib/python3.12/site-packages/telegram/ext/_extbot.py", line 671, in get_updates
    updates = await super().get_updates(
              ^^^^^^^^^^^^^^^^^^^^^^^^^^
  File "/home/muzaffar/snap/code/226/.local/share/virtualenvs/awt_claude-ATjes9Jb/lib/python3.12/site-packages/telegram/_bot.py", line 4860, in get_updates
    await self._post(
  File "/home/muzaffar/snap/code/226/.local/share/virtualenvs/awt_claude-ATjes9Jb/lib/python3.12/site-packages/telegram/_bot.py", line 703, in _post
    return await self._do_post(
           ^^^^^^^^^^^^^^^^^^^^
  File "/home/muzaffar/snap/code/226/.local/share/virtualenvs/awt_claude-ATjes9Jb/lib/python3.12/site-packages/telegram/ext/_extbot.py", line 369, in _do_post
    return await super()._do_post(
           ^^^^^^^^^^^^^^^^^^^^^^^
  File "/home/muzaffar/snap/code/226/.local/share/virtualenvs/awt_claude-ATjes9Jb/lib/python3.12/site-packages/telegram/_bot.py", line 732, in _do_post
    result = await request.post(
             ^^^^^^^^^^^^^^^^^^^
  File "/home/muzaffar/snap/code/226/.local/share/virtualenvs/awt_claude-ATjes9Jb/lib/python3.12/site-packages/telegram/request/_baserequest.py", line 198, in post
    result = await self._request_wrapper(
             ^^^^^^^^^^^^^^^^^^^^^^^^^^^^
  File "/home/muzaffar/snap/code/226/.local/share/virtualenvs/awt_claude-ATjes9Jb/lib/python3.12/site-packages/telegram/request/_baserequest.py", line 305, in _request_wrapper
    code, payload = await self.do_request(
                    ^^^^^^^^^^^^^^^^^^^^^^
  File "/home/muzaffar/snap/code/226/.local/share/virtualenvs/awt_claude-ATjes9Jb/lib/python3.12/site-packages/telegram/request/_httpxrequest.py", line 303, in do_request
    raise NetworkError(f"httpx.{err.__class__.__name__}: {err}") from err
telegram.error.NetworkError: httpx.ConnectError: [Errno -3] Temporary failure in name resolution
2026-03-05 12:12:24,632 [INFO] HTTP Request: POST https://api.telegram.org/bot5800257941:AAHvixqllrdWAuavbQNpwgalzQrI9wkF5vs/getUpdates "HTTP/1.1 200 OK"
2026-03-05 12:12:24,961 [INFO] HTTP Request: POST https://api.telegram.org/bot5800257941:AAHvixqllrdWAuavbQNpwgalzQrI9wkF5vs/sendMessage "HTTP/1.1 200 OK"
2026-03-05 12:12:25,972 [INFO] HTTP Request: POST https://api.telegram.org/bot5800257941:AAHvixqllrdWAuavbQNpwgalzQrI9wkF5vs/getUpdates "HTTP/1.1 200 OK"
2026-03-05 12:12:26,149 [INFO] HTTP Request: POST https://api.telegram.org/bot5800257941:AAHvixqllrdWAuavbQNpwgalzQrI9wkF5vs/sendMessage "HTTP/1.1 200 OK"
2026-03-05 12:12:40,993 [ERROR] No error handlers are registered, logging exception.
Traceback (most recent call last):
  File "/home/muzaffar/snap/code/226/.local/share/virtualenvs/awt_claude-ATjes9Jb/lib/python3.12/site-packages/httpx/_transports/default.py", line 101, in map_httpcore_exceptions
    yield
  File "/home/muzaffar/snap/code/226/.local/share/virtualenvs/awt_claude-ATjes9Jb/lib/python3.12/site-packages/httpx/_transports/default.py", line 394, in handle_async_request
    resp = await self._pool.handle_async_request(req)
           ^^^^^^^^^^^^^^^^^^^^^^^^^^^^^^^^^^^^^^^^^^
  File "/home/muzaffar/snap/code/226/.local/share/virtualenvs/awt_claude-ATjes9Jb/lib/python3.12/site-packages/httpcore/_async/connection_pool.py", line 256, in handle_async_request
    raise exc from None
  File "/home/muzaffar/snap/code/226/.local/share/virtualenvs/awt_claude-ATjes9Jb/lib/python3.12/site-packages/httpcore/_async/connection_pool.py", line 236, in handle_async_request
    response = await connection.handle_async_request(
               ^^^^^^^^^^^^^^^^^^^^^^^^^^^^^^^^^^^^^^
  File "/home/muzaffar/snap/code/226/.local/share/virtualenvs/awt_claude-ATjes9Jb/lib/python3.12/site-packages/httpcore/_async/connection.py", line 101, in handle_async_request
    raise exc
  File "/home/muzaffar/snap/code/226/.local/share/virtualenvs/awt_claude-ATjes9Jb/lib/python3.12/site-packages/httpcore/_async/connection.py", line 78, in handle_async_request
    stream = await self._connect(request)
             ^^^^^^^^^^^^^^^^^^^^^^^^^^^^
  File "/home/muzaffar/snap/code/226/.local/share/virtualenvs/awt_claude-ATjes9Jb/lib/python3.12/site-packages/httpcore/_async/connection.py", line 124, in _connect
    stream = await self._network_backend.connect_tcp(**kwargs)
             ^^^^^^^^^^^^^^^^^^^^^^^^^^^^^^^^^^^^^^^^^^^^^^^^^
  File "/home/muzaffar/snap/code/226/.local/share/virtualenvs/awt_claude-ATjes9Jb/lib/python3.12/site-packages/httpcore/_backends/auto.py", line 31, in connect_tcp
    return await self._backend.connect_tcp(
           ^^^^^^^^^^^^^^^^^^^^^^^^^^^^^^^^
  File "/home/muzaffar/snap/code/226/.local/share/virtualenvs/awt_claude-ATjes9Jb/lib/python3.12/site-packages/httpcore/_backends/anyio.py", line 113, in connect_tcp
    with map_exceptions(exc_map):
  File "/usr/lib/python3.12/contextlib.py", line 158, in __exit__
    self.gen.throw(value)
  File "/home/muzaffar/snap/code/226/.local/share/virtualenvs/awt_claude-ATjes9Jb/lib/python3.12/site-packages/httpcore/_exceptions.py", line 14, in map_exceptions
    raise to_exc(exc) from exc
httpcore.ConnectError: [Errno -3] Temporary failure in name resolution

The above exception was the direct cause of the following exception:

Traceback (most recent call last):
  File "/home/muzaffar/snap/code/226/.local/share/virtualenvs/awt_claude-ATjes9Jb/lib/python3.12/site-packages/telegram/request/_httpxrequest.py", line 279, in do_request
    res = await self._client.request(
          ^^^^^^^^^^^^^^^^^^^^^^^^^^^
  File "/home/muzaffar/snap/code/226/.local/share/virtualenvs/awt_claude-ATjes9Jb/lib/python3.12/site-packages/httpx/_client.py", line 1540, in request
    return await self.send(request, auth=auth, follow_redirects=follow_redirects)
           ^^^^^^^^^^^^^^^^^^^^^^^^^^^^^^^^^^^^^^^^^^^^^^^^^^^^^^^^^^^^^^^^^^^^^^
  File "/home/muzaffar/snap/code/226/.local/share/virtualenvs/awt_claude-ATjes9Jb/lib/python3.12/site-packages/httpx/_client.py", line 1629, in send
    response = await self._send_handling_auth(
               ^^^^^^^^^^^^^^^^^^^^^^^^^^^^^^^
  File "/home/muzaffar/snap/code/226/.local/share/virtualenvs/awt_claude-ATjes9Jb/lib/python3.12/site-packages/httpx/_client.py", line 1657, in _send_handling_auth
    response = await self._send_handling_redirects(
               ^^^^^^^^^^^^^^^^^^^^^^^^^^^^^^^^^^^^
  File "/home/muzaffar/snap/code/226/.local/share/virtualenvs/awt_claude-ATjes9Jb/lib/python3.12/site-packages/httpx/_client.py", line 1694, in _send_handling_redirects
    response = await self._send_single_request(request)
               ^^^^^^^^^^^^^^^^^^^^^^^^^^^^^^^^^^^^^^^^
  File "/home/muzaffar/snap/code/226/.local/share/virtualenvs/awt_claude-ATjes9Jb/lib/python3.12/site-packages/httpx/_client.py", line 1730, in _send_single_request
    response = await transport.handle_async_request(request)
               ^^^^^^^^^^^^^^^^^^^^^^^^^^^^^^^^^^^^^^^^^^^^^
  File "/home/muzaffar/snap/code/226/.local/share/virtualenvs/awt_claude-ATjes9Jb/lib/python3.12/site-packages/httpx/_transports/default.py", line 393, in handle_async_request
    with map_httpcore_exceptions():
  File "/usr/lib/python3.12/contextlib.py", line 158, in __exit__
    self.gen.throw(value)
  File "/home/muzaffar/snap/code/226/.local/share/virtualenvs/awt_claude-ATjes9Jb/lib/python3.12/site-packages/httpx/_transports/default.py", line 118, in map_httpcore_exceptions
    raise mapped_exc(message) from exc
httpx.ConnectError: [Errno -3] Temporary failure in name resolution

The above exception was the direct cause of the following exception:

Traceback (most recent call last):
  File "/home/muzaffar/snap/code/226/.local/share/virtualenvs/awt_claude-ATjes9Jb/lib/python3.12/site-packages/telegram/ext/_utils/networkloop.py", line 161, in network_retry_loop
    await do_action()
  File "/home/muzaffar/snap/code/226/.local/share/virtualenvs/awt_claude-ATjes9Jb/lib/python3.12/site-packages/telegram/ext/_utils/networkloop.py", line 154, in do_action
    action_cb_task.result()
  File "/home/muzaffar/snap/code/226/.local/share/virtualenvs/awt_claude-ATjes9Jb/lib/python3.12/site-packages/telegram/ext/_updater.py", line 340, in polling_action_cb
    updates = await self.bot.get_updates(
              ^^^^^^^^^^^^^^^^^^^^^^^^^^^
  File "/home/muzaffar/snap/code/226/.local/share/virtualenvs/awt_claude-ATjes9Jb/lib/python3.12/site-packages/telegram/ext/_extbot.py", line 671, in get_updates
    updates = await super().get_updates(
              ^^^^^^^^^^^^^^^^^^^^^^^^^^
  File "/home/muzaffar/snap/code/226/.local/share/virtualenvs/awt_claude-ATjes9Jb/lib/python3.12/site-packages/telegram/_bot.py", line 4860, in get_updates
    await self._post(
  File "/home/muzaffar/snap/code/226/.local/share/virtualenvs/awt_claude-ATjes9Jb/lib/python3.12/site-packages/telegram/_bot.py", line 703, in _post
    return await self._do_post(
           ^^^^^^^^^^^^^^^^^^^^
  File "/home/muzaffar/snap/code/226/.local/share/virtualenvs/awt_claude-ATjes9Jb/lib/python3.12/site-packages/telegram/ext/_extbot.py", line 369, in _do_post
    return await super()._do_post(
           ^^^^^^^^^^^^^^^^^^^^^^^
  File "/home/muzaffar/snap/code/226/.local/share/virtualenvs/awt_claude-ATjes9Jb/lib/python3.12/site-packages/telegram/_bot.py", line 732, in _do_post
    result = await request.post(
             ^^^^^^^^^^^^^^^^^^^
  File "/home/muzaffar/snap/code/226/.local/share/virtualenvs/awt_claude-ATjes9Jb/lib/python3.12/site-packages/telegram/request/_baserequest.py", line 198, in post
    result = await self._request_wrapper(
             ^^^^^^^^^^^^^^^^^^^^^^^^^^^^
  File "/home/muzaffar/snap/code/226/.local/share/virtualenvs/awt_claude-ATjes9Jb/lib/python3.12/site-packages/telegram/request/_baserequest.py", line 305, in _request_wrapper
    code, payload = await self.do_request(
                    ^^^^^^^^^^^^^^^^^^^^^^
  File "/home/muzaffar/snap/code/226/.local/share/virtualenvs/awt_claude-ATjes9Jb/lib/python3.12/site-packages/telegram/request/_httpxrequest.py", line 303, in do_request
    raise NetworkError(f"httpx.{err.__class__.__name__}: {err}") from err
telegram.error.NetworkError: httpx.ConnectError: [Errno -3] Temporary failure in name resolution
2026-03-05 12:12:41,996 [ERROR] No error handlers are registered, logging exception.
Traceback (most recent call last):
  File "/home/muzaffar/snap/code/226/.local/share/virtualenvs/awt_claude-ATjes9Jb/lib/python3.12/site-packages/httpx/_transports/default.py", line 101, in map_httpcore_exceptions
    yield
  File "/home/muzaffar/snap/code/226/.local/share/virtualenvs/awt_claude-ATjes9Jb/lib/python3.12/site-packages/httpx/_transports/default.py", line 394, in handle_async_request
    resp = await self._pool.handle_async_request(req)
           ^^^^^^^^^^^^^^^^^^^^^^^^^^^^^^^^^^^^^^^^^^
  File "/home/muzaffar/snap/code/226/.local/share/virtualenvs/awt_claude-ATjes9Jb/lib/python3.12/site-packages/httpcore/_async/connection_pool.py", line 256, in handle_async_request
    raise exc from None
  File "/home/muzaffar/snap/code/226/.local/share/virtualenvs/awt_claude-ATjes9Jb/lib/python3.12/site-packages/httpcore/_async/connection_pool.py", line 236, in handle_async_request
    response = await connection.handle_async_request(
               ^^^^^^^^^^^^^^^^^^^^^^^^^^^^^^^^^^^^^^
  File "/home/muzaffar/snap/code/226/.local/share/virtualenvs/awt_claude-ATjes9Jb/lib/python3.12/site-packages/httpcore/_async/connection.py", line 101, in handle_async_request
    raise exc
  File "/home/muzaffar/snap/code/226/.local/share/virtualenvs/awt_claude-ATjes9Jb/lib/python3.12/site-packages/httpcore/_async/connection.py", line 78, in handle_async_request
    stream = await self._connect(request)
             ^^^^^^^^^^^^^^^^^^^^^^^^^^^^
  File "/home/muzaffar/snap/code/226/.local/share/virtualenvs/awt_claude-ATjes9Jb/lib/python3.12/site-packages/httpcore/_async/connection.py", line 124, in _connect
    stream = await self._network_backend.connect_tcp(**kwargs)
             ^^^^^^^^^^^^^^^^^^^^^^^^^^^^^^^^^^^^^^^^^^^^^^^^^
  File "/home/muzaffar/snap/code/226/.local/share/virtualenvs/awt_claude-ATjes9Jb/lib/python3.12/site-packages/httpcore/_backends/auto.py", line 31, in connect_tcp
    return await self._backend.connect_tcp(
           ^^^^^^^^^^^^^^^^^^^^^^^^^^^^^^^^
  File "/home/muzaffar/snap/code/226/.local/share/virtualenvs/awt_claude-ATjes9Jb/lib/python3.12/site-packages/httpcore/_backends/anyio.py", line 113, in connect_tcp
    with map_exceptions(exc_map):
  File "/usr/lib/python3.12/contextlib.py", line 158, in __exit__
    self.gen.throw(value)
  File "/home/muzaffar/snap/code/226/.local/share/virtualenvs/awt_claude-ATjes9Jb/lib/python3.12/site-packages/httpcore/_exceptions.py", line 14, in map_exceptions
    raise to_exc(exc) from exc
httpcore.ConnectError: [Errno -3] Temporary failure in name resolution

The above exception was the direct cause of the following exception:

Traceback (most recent call last):
  File "/home/muzaffar/snap/code/226/.local/share/virtualenvs/awt_claude-ATjes9Jb/lib/python3.12/site-packages/telegram/request/_httpxrequest.py", line 279, in do_request
    res = await self._client.request(
          ^^^^^^^^^^^^^^^^^^^^^^^^^^^
  File "/home/muzaffar/snap/code/226/.local/share/virtualenvs/awt_claude-ATjes9Jb/lib/python3.12/site-packages/httpx/_client.py", line 1540, in request
    return await self.send(request, auth=auth, follow_redirects=follow_redirects)
           ^^^^^^^^^^^^^^^^^^^^^^^^^^^^^^^^^^^^^^^^^^^^^^^^^^^^^^^^^^^^^^^^^^^^^^
  File "/home/muzaffar/snap/code/226/.local/share/virtualenvs/awt_claude-ATjes9Jb/lib/python3.12/site-packages/httpx/_client.py", line 1629, in send
    response = await self._send_handling_auth(
               ^^^^^^^^^^^^^^^^^^^^^^^^^^^^^^^
  File "/home/muzaffar/snap/code/226/.local/share/virtualenvs/awt_claude-ATjes9Jb/lib/python3.12/site-packages/httpx/_client.py", line 1657, in _send_handling_auth
    response = await self._send_handling_redirects(
               ^^^^^^^^^^^^^^^^^^^^^^^^^^^^^^^^^^^^
  File "/home/muzaffar/snap/code/226/.local/share/virtualenvs/awt_claude-ATjes9Jb/lib/python3.12/site-packages/httpx/_client.py", line 1694, in _send_handling_redirects
    response = await self._send_single_request(request)
               ^^^^^^^^^^^^^^^^^^^^^^^^^^^^^^^^^^^^^^^^
  File "/home/muzaffar/snap/code/226/.local/share/virtualenvs/awt_claude-ATjes9Jb/lib/python3.12/site-packages/httpx/_client.py", line 1730, in _send_single_request
    response = await transport.handle_async_request(request)
               ^^^^^^^^^^^^^^^^^^^^^^^^^^^^^^^^^^^^^^^^^^^^^
  File "/home/muzaffar/snap/code/226/.local/share/virtualenvs/awt_claude-ATjes9Jb/lib/python3.12/site-packages/httpx/_transports/default.py", line 393, in handle_async_request
    with map_httpcore_exceptions():
  File "/usr/lib/python3.12/contextlib.py", line 158, in __exit__
    self.gen.throw(value)
  File "/home/muzaffar/snap/code/226/.local/share/virtualenvs/awt_claude-ATjes9Jb/lib/python3.12/site-packages/httpx/_transports/default.py", line 118, in map_httpcore_exceptions
    raise mapped_exc(message) from exc
httpx.ConnectError: [Errno -3] Temporary failure in name resolution

The above exception was the direct cause of the following exception:

Traceback (most recent call last):
  File "/home/muzaffar/snap/code/226/.local/share/virtualenvs/awt_claude-ATjes9Jb/lib/python3.12/site-packages/telegram/ext/_utils/networkloop.py", line 161, in network_retry_loop
    await do_action()
  File "/home/muzaffar/snap/code/226/.local/share/virtualenvs/awt_claude-ATjes9Jb/lib/python3.12/site-packages/telegram/ext/_utils/networkloop.py", line 154, in do_action
    action_cb_task.result()
  File "/home/muzaffar/snap/code/226/.local/share/virtualenvs/awt_claude-ATjes9Jb/lib/python3.12/site-packages/telegram/ext/_updater.py", line 340, in polling_action_cb
    updates = await self.bot.get_updates(
              ^^^^^^^^^^^^^^^^^^^^^^^^^^^
  File "/home/muzaffar/snap/code/226/.local/share/virtualenvs/awt_claude-ATjes9Jb/lib/python3.12/site-packages/telegram/ext/_extbot.py", line 671, in get_updates
    updates = await super().get_updates(
              ^^^^^^^^^^^^^^^^^^^^^^^^^^
  File "/home/muzaffar/snap/code/226/.local/share/virtualenvs/awt_claude-ATjes9Jb/lib/python3.12/site-packages/telegram/_bot.py", line 4860, in get_updates
    await self._post(
  File "/home/muzaffar/snap/code/226/.local/share/virtualenvs/awt_claude-ATjes9Jb/lib/python3.12/site-packages/telegram/_bot.py", line 703, in _post
    return await self._do_post(
           ^^^^^^^^^^^^^^^^^^^^
  File "/home/muzaffar/snap/code/226/.local/share/virtualenvs/awt_claude-ATjes9Jb/lib/python3.12/site-packages/telegram/ext/_extbot.py", line 369, in _do_post
    return await super()._do_post(
           ^^^^^^^^^^^^^^^^^^^^^^^
  File "/home/muzaffar/snap/code/226/.local/share/virtualenvs/awt_claude-ATjes9Jb/lib/python3.12/site-packages/telegram/_bot.py", line 732, in _do_post
    result = await request.post(
             ^^^^^^^^^^^^^^^^^^^
  File "/home/muzaffar/snap/code/226/.local/share/virtualenvs/awt_claude-ATjes9Jb/lib/python3.12/site-packages/telegram/request/_baserequest.py", line 198, in post
    result = await self._request_wrapper(
             ^^^^^^^^^^^^^^^^^^^^^^^^^^^^
  File "/home/muzaffar/snap/code/226/.local/share/virtualenvs/awt_claude-ATjes9Jb/lib/python3.12/site-packages/telegram/request/_baserequest.py", line 305, in _request_wrapper
    code, payload = await self.do_request(
                    ^^^^^^^^^^^^^^^^^^^^^^
  File "/home/muzaffar/snap/code/226/.local/share/virtualenvs/awt_claude-ATjes9Jb/lib/python3.12/site-packages/telegram/request/_httpxrequest.py", line 303, in do_request
    raise NetworkError(f"httpx.{err.__class__.__name__}: {err}") from err
telegram.error.NetworkError: httpx.ConnectError: [Errno -3] Temporary failure in name resolution
2026-03-05 12:12:43,789 [INFO] HTTP Request: POST https://api.telegram.org/bot5800257941:AAHvixqllrdWAuavbQNpwgalzQrI9wkF5vs/getUpdates "HTTP/1.1 200 OK"
2026-03-05 12:12:44,104 [INFO] HTTP Request: POST https://api.telegram.org/bot5800257941:AAHvixqllrdWAuavbQNpwgalzQrI9wkF5vs/sendMessage "HTTP/1.1 200 OK"
2026-03-05 12:12:44,231 [INFO] HTTP Request: POST https://api.telegram.org/bot5800257941:AAHvixqllrdWAuavbQNpwgalzQrI9wkF5vs/sendMessage "HTTP/1.1 200 OK"
2026-03-05 12:12:44,355 [INFO] HTTP Request: POST https://api.telegram.org/bot5800257941:AAHvixqllrdWAuavbQNpwgalzQrI9wkF5vs/sendMessage "HTTP/1.1 200 OK"
2026-03-05 12:12:53,888 [INFO] HTTP Request: POST https://api.telegram.org/bot5800257941:AAHvixqllrdWAuavbQNpwgalzQrI9wkF5vs/getUpdates "HTTP/1.1 200 OK"
2026-03-05 12:13:03,984 [INFO] HTTP Request: POST https://api.telegram.org/bot5800257941:AAHvixqllrdWAuavbQNpwgalzQrI9wkF5vs/getUpdates "HTTP/1.1 200 OK"
2026-03-05 12:13:14,079 [INFO] HTTP Request: POST https://api.telegram.org/bot5800257941:AAHvixqllrdWAuavbQNpwgalzQrI9wkF5vs/getUpdates "HTTP/1.1 200 OK"
2026-03-05 12:13:24,176 [INFO] HTTP Request: POST https://api.telegram.org/bot5800257941:AAHvixqllrdWAuavbQNpwgalzQrI9wkF5vs/getUpdates "HTTP/1.1 200 OK"
2026-03-05 12:13:34,273 [INFO] HTTP Request: POST https://api.telegram.org/bot5800257941:AAHvixqllrdWAuavbQNpwgalzQrI9wkF5vs/getUpdates "HTTP/1.1 200 OK"
2026-03-05 12:13:44,369 [INFO] HTTP Request: POST https://api.telegram.org/bot5800257941:AAHvixqllrdWAuavbQNpwgalzQrI9wkF5vs/getUpdates "HTTP/1.1 200 OK"
2026-03-05 12:13:54,467 [INFO] HTTP Request: POST https://api.telegram.org/bot5800257941:AAHvixqllrdWAuavbQNpwgalzQrI9wkF5vs/getUpdates "HTTP/1.1 200 OK"
2026-03-05 12:14:04,563 [INFO] HTTP Request: POST https://api.telegram.org/bot5800257941:AAHvixqllrdWAuavbQNpwgalzQrI9wkF5vs/getUpdates "HTTP/1.1 200 OK"
2026-03-05 12:14:14,661 [INFO] HTTP Request: POST https://api.telegram.org/bot5800257941:AAHvixqllrdWAuavbQNpwgalzQrI9wkF5vs/getUpdates "HTTP/1.1 200 OK"
2026-03-05 12:14:24,756 [INFO] HTTP Request: POST https://api.telegram.org/bot5800257941:AAHvixqllrdWAuavbQNpwgalzQrI9wkF5vs/getUpdates "HTTP/1.1 200 OK"
2026-03-05 12:14:34,853 [INFO] HTTP Request: POST https://api.telegram.org/bot5800257941:AAHvixqllrdWAuavbQNpwgalzQrI9wkF5vs/getUpdates "HTTP/1.1 200 OK"
2026-03-05 12:14:44,948 [INFO] HTTP Request: POST https://api.telegram.org/bot5800257941:AAHvixqllrdWAuavbQNpwgalzQrI9wkF5vs/getUpdates "HTTP/1.1 200 OK"
2026-03-05 12:14:55,043 [INFO] HTTP Request: POST https://api.telegram.org/bot5800257941:AAHvixqllrdWAuavbQNpwgalzQrI9wkF5vs/getUpdates "HTTP/1.1 200 OK"
2026-03-05 12:15:05,139 [INFO] HTTP Request: POST https://api.telegram.org/bot5800257941:AAHvixqllrdWAuavbQNpwgalzQrI9wkF5vs/getUpdates "HTTP/1.1 200 OK"
2026-03-05 12:15:15,235 [INFO] HTTP Request: POST https://api.telegram.org/bot5800257941:AAHvixqllrdWAuavbQNpwgalzQrI9wkF5vs/getUpdates "HTTP/1.1 200 OK"
2026-03-05 12:15:25,330 [INFO] HTTP Request: POST https://api.telegram.org/bot5800257941:AAHvixqllrdWAuavbQNpwgalzQrI9wkF5vs/getUpdates "HTTP/1.1 200 OK"
2026-03-05 12:15:35,428 [INFO] HTTP Request: POST https://api.telegram.org/bot5800257941:AAHvixqllrdWAuavbQNpwgalzQrI9wkF5vs/getUpdates "HTTP/1.1 200 OK"
2026-03-05 12:15:45,523 [INFO] HTTP Request: POST https://api.telegram.org/bot5800257941:AAHvixqllrdWAuavbQNpwgalzQrI9wkF5vs/getUpdates "HTTP/1.1 200 OK"
2026-03-05 12:15:55,621 [INFO] HTTP Request: POST https://api.telegram.org/bot5800257941:AAHvixqllrdWAuavbQNpwgalzQrI9wkF5vs/getUpdates "HTTP/1.1 200 OK"
2026-03-05 12:16:05,716 [INFO] HTTP Request: POST https://api.telegram.org/bot5800257941:AAHvixqllrdWAuavbQNpwgalzQrI9wkF5vs/getUpdates "HTTP/1.1 200 OK"
2026-03-05 12:16:15,812 [INFO] HTTP Request: POST https://api.telegram.org/bot5800257941:AAHvixqllrdWAuavbQNpwgalzQrI9wkF5vs/getUpdates "HTTP/1.1 200 OK"
2026-03-05 12:16:25,907 [INFO] HTTP Request: POST https://api.telegram.org/bot5800257941:AAHvixqllrdWAuavbQNpwgalzQrI9wkF5vs/getUpdates "HTTP/1.1 200 OK"
2026-03-05 12:16:36,003 [INFO] HTTP Request: POST https://api.telegram.org/bot5800257941:AAHvixqllrdWAuavbQNpwgalzQrI9wkF5vs/getUpdates "HTTP/1.1 200 OK"
2026-03-05 12:16:46,099 [INFO] HTTP Request: POST https://api.telegram.org/bot5800257941:AAHvixqllrdWAuavbQNpwgalzQrI9wkF5vs/getUpdates "HTTP/1.1 200 OK"
2026-03-05 12:16:56,194 [INFO] HTTP Request: POST https://api.telegram.org/bot5800257941:AAHvixqllrdWAuavbQNpwgalzQrI9wkF5vs/getUpdates "HTTP/1.1 200 OK"
2026-03-05 12:17:06,290 [INFO] HTTP Request: POST https://api.telegram.org/bot5800257941:AAHvixqllrdWAuavbQNpwgalzQrI9wkF5vs/getUpdates "HTTP/1.1 200 OK"
2026-03-05 12:17:16,386 [INFO] HTTP Request: POST https://api.telegram.org/bot5800257941:AAHvixqllrdWAuavbQNpwgalzQrI9wkF5vs/getUpdates "HTTP/1.1 200 OK"
2026-03-05 12:17:26,484 [INFO] HTTP Request: POST https://api.telegram.org/bot5800257941:AAHvixqllrdWAuavbQNpwgalzQrI9wkF5vs/getUpdates "HTTP/1.1 200 OK"
2026-03-05 12:17:36,581 [INFO] HTTP Request: POST https://api.telegram.org/bot5800257941:AAHvixqllrdWAuavbQNpwgalzQrI9wkF5vs/getUpdates "HTTP/1.1 200 OK"
2026-03-05 12:17:46,676 [INFO] HTTP Request: POST https://api.telegram.org/bot5800257941:AAHvixqllrdWAuavbQNpwgalzQrI9wkF5vs/getUpdates "HTTP/1.1 200 OK"
2026-03-05 12:17:56,772 [INFO] HTTP Request: POST https://api.telegram.org/bot5800257941:AAHvixqllrdWAuavbQNpwgalzQrI9wkF5vs/getUpdates "HTTP/1.1 200 OK"
2026-03-05 12:18:06,876 [INFO] HTTP Request: POST https://api.telegram.org/bot5800257941:AAHvixqllrdWAuavbQNpwgalzQrI9wkF5vs/getUpdates "HTTP/1.1 200 OK"
2026-03-05 12:18:16,982 [INFO] HTTP Request: POST https://api.telegram.org/bot5800257941:AAHvixqllrdWAuavbQNpwgalzQrI9wkF5vs/getUpdates "HTTP/1.1 200 OK"
2026-03-05 12:18:27,091 [INFO] HTTP Request: POST https://api.telegram.org/bot5800257941:AAHvixqllrdWAuavbQNpwgalzQrI9wkF5vs/getUpdates "HTTP/1.1 200 OK"
2026-03-05 12:18:37,201 [INFO] HTTP Request: POST https://api.telegram.org/bot5800257941:AAHvixqllrdWAuavbQNpwgalzQrI9wkF5vs/getUpdates "HTTP/1.1 200 OK"
2026-03-05 12:18:47,423 [INFO] HTTP Request: POST https://api.telegram.org/bot5800257941:AAHvixqllrdWAuavbQNpwgalzQrI9wkF5vs/getUpdates "HTTP/1.1 200 OK"
2026-03-05 12:19:11,628 [INFO] HTTP Request: POST https://api.telegram.org/bot5800257941:AAHvixqllrdWAuavbQNpwgalzQrI9wkF5vs/getUpdates "HTTP/1.1 200 OK"
2026-03-05 12:19:42,125 [INFO] HTTP Request: POST https://api.telegram.org/bot5800257941:AAHvixqllrdWAuavbQNpwgalzQrI9wkF5vs/getUpdates "HTTP/1.1 200 OK"
2026-03-05 12:19:52,339 [INFO] HTTP Request: POST https://api.telegram.org/bot5800257941:AAHvixqllrdWAuavbQNpwgalzQrI9wkF5vs/getUpdates "HTTP/1.1 200 OK"
2026-03-05 12:20:02,457 [INFO] HTTP Request: POST https://api.telegram.org/bot5800257941:AAHvixqllrdWAuavbQNpwgalzQrI9wkF5vs/getUpdates "HTTP/1.1 200 OK"
2026-03-05 12:20:12,603 [INFO] HTTP Request: POST https://api.telegram.org/bot5800257941:AAHvixqllrdWAuavbQNpwgalzQrI9wkF5vs/getUpdates "HTTP/1.1 200 OK"
2026-03-05 12:20:14,799 [INFO] HTTP Request: POST https://api.telegram.org/bot5800257941:AAHvixqllrdWAuavbQNpwgalzQrI9wkF5vs/getUpdates "HTTP/1.1 200 OK"
2026-03-05 12:20:15,244 [INFO] HTTP Request: POST https://api.telegram.org/bot5800257941:AAHvixqllrdWAuavbQNpwgalzQrI9wkF5vs/sendMessage "HTTP/1.1 200 OK"
2026-03-05 12:20:32,853 [INFO] HTTP Request: POST https://api.telegram.org/bot5800257941:AAHvixqllrdWAuavbQNpwgalzQrI9wkF5vs/getUpdates "HTTP/1.1 200 OK"
2026-03-05 12:20:42,984 [INFO] HTTP Request: POST https://api.telegram.org/bot5800257941:AAHvixqllrdWAuavbQNpwgalzQrI9wkF5vs/getUpdates "HTTP/1.1 200 OK"
2026-03-05 12:20:53,089 [INFO] HTTP Request: POST https://api.telegram.org/bot5800257941:AAHvixqllrdWAuavbQNpwgalzQrI9wkF5vs/getUpdates "HTTP/1.1 200 OK"
2026-03-05 12:21:03,195 [INFO] HTTP Request: POST https://api.telegram.org/bot5800257941:AAHvixqllrdWAuavbQNpwgalzQrI9wkF5vs/getUpdates "HTTP/1.1 200 OK"
2026-03-05 12:21:13,301 [INFO] HTTP Request: POST https://api.telegram.org/bot5800257941:AAHvixqllrdWAuavbQNpwgalzQrI9wkF5vs/getUpdates "HTTP/1.1 200 OK"
2026-03-05 12:21:23,405 [INFO] HTTP Request: POST https://api.telegram.org/bot5800257941:AAHvixqllrdWAuavbQNpwgalzQrI9wkF5vs/getUpdates "HTTP/1.1 200 OK"
2026-03-05 12:21:33,507 [INFO] HTTP Request: POST https://api.telegram.org/bot5800257941:AAHvixqllrdWAuavbQNpwgalzQrI9wkF5vs/getUpdates "HTTP/1.1 200 OK"
2026-03-05 12:21:43,608 [INFO] HTTP Request: POST https://api.telegram.org/bot5800257941:AAHvixqllrdWAuavbQNpwgalzQrI9wkF5vs/getUpdates "HTTP/1.1 200 OK"
2026-03-05 12:21:53,711 [INFO] HTTP Request: POST https://api.telegram.org/bot5800257941:AAHvixqllrdWAuavbQNpwgalzQrI9wkF5vs/getUpdates "HTTP/1.1 200 OK"
2026-03-05 12:22:03,819 [INFO] HTTP Request: POST https://api.telegram.org/bot5800257941:AAHvixqllrdWAuavbQNpwgalzQrI9wkF5vs/getUpdates "HTTP/1.1 200 OK"
2026-03-05 12:22:13,949 [INFO] HTTP Request: POST https://api.telegram.org/bot5800257941:AAHvixqllrdWAuavbQNpwgalzQrI9wkF5vs/getUpdates "HTTP/1.1 200 OK"
2026-03-05 12:22:24,053 [INFO] HTTP Request: POST https://api.telegram.org/bot5800257941:AAHvixqllrdWAuavbQNpwgalzQrI9wkF5vs/getUpdates "HTTP/1.1 200 OK"
2026-03-05 12:22:34,153 [INFO] HTTP Request: POST https://api.telegram.org/bot5800257941:AAHvixqllrdWAuavbQNpwgalzQrI9wkF5vs/getUpdates "HTTP/1.1 200 OK"
2026-03-05 12:22:44,256 [INFO] HTTP Request: POST https://api.telegram.org/bot5800257941:AAHvixqllrdWAuavbQNpwgalzQrI9wkF5vs/getUpdates "HTTP/1.1 200 OK"
2026-03-05 12:22:54,359 [INFO] HTTP Request: POST https://api.telegram.org/bot5800257941:AAHvixqllrdWAuavbQNpwgalzQrI9wkF5vs/getUpdates "HTTP/1.1 200 OK"
2026-03-05 12:23:04,461 [INFO] HTTP Request: POST https://api.telegram.org/bot5800257941:AAHvixqllrdWAuavbQNpwgalzQrI9wkF5vs/getUpdates "HTTP/1.1 200 OK"
2026-03-05 12:23:14,562 [INFO] HTTP Request: POST https://api.telegram.org/bot5800257941:AAHvixqllrdWAuavbQNpwgalzQrI9wkF5vs/getUpdates "HTTP/1.1 200 OK"
2026-03-05 12:23:24,662 [INFO] HTTP Request: POST https://api.telegram.org/bot5800257941:AAHvixqllrdWAuavbQNpwgalzQrI9wkF5vs/getUpdates "HTTP/1.1 200 OK"
2026-03-05 12:23:34,762 [INFO] HTTP Request: POST https://api.telegram.org/bot5800257941:AAHvixqllrdWAuavbQNpwgalzQrI9wkF5vs/getUpdates "HTTP/1.1 200 OK"
2026-03-05 12:23:44,862 [INFO] HTTP Request: POST https://api.telegram.org/bot5800257941:AAHvixqllrdWAuavbQNpwgalzQrI9wkF5vs/getUpdates "HTTP/1.1 200 OK"
2026-03-05 12:23:54,966 [INFO] HTTP Request: POST https://api.telegram.org/bot5800257941:AAHvixqllrdWAuavbQNpwgalzQrI9wkF5vs/getUpdates "HTTP/1.1 200 OK"
2026-03-05 12:24:05,069 [INFO] HTTP Request: POST https://api.telegram.org/bot5800257941:AAHvixqllrdWAuavbQNpwgalzQrI9wkF5vs/getUpdates "HTTP/1.1 200 OK"
2026-03-05 12:24:15,173 [INFO] HTTP Request: POST https://api.telegram.org/bot5800257941:AAHvixqllrdWAuavbQNpwgalzQrI9wkF5vs/getUpdates "HTTP/1.1 200 OK"
2026-03-05 12:24:25,298 [INFO] HTTP Request: POST https://api.telegram.org/bot5800257941:AAHvixqllrdWAuavbQNpwgalzQrI9wkF5vs/getUpdates "HTTP/1.1 200 OK"
2026-03-05 12:24:35,398 [INFO] HTTP Request: POST https://api.telegram.org/bot5800257941:AAHvixqllrdWAuavbQNpwgalzQrI9wkF5vs/getUpdates "HTTP/1.1 200 OK"
2026-03-05 12:24:45,501 [INFO] HTTP Request: POST https://api.telegram.org/bot5800257941:AAHvixqllrdWAuavbQNpwgalzQrI9wkF5vs/getUpdates "HTTP/1.1 200 OK"
2026-03-05 12:24:55,602 [INFO] HTTP Request: POST https://api.telegram.org/bot5800257941:AAHvixqllrdWAuavbQNpwgalzQrI9wkF5vs/getUpdates "HTTP/1.1 200 OK"
2026-03-05 12:25:05,702 [INFO] HTTP Request: POST https://api.telegram.org/bot5800257941:AAHvixqllrdWAuavbQNpwgalzQrI9wkF5vs/getUpdates "HTTP/1.1 200 OK"
2026-03-05 12:25:15,803 [INFO] HTTP Request: POST https://api.telegram.org/bot5800257941:AAHvixqllrdWAuavbQNpwgalzQrI9wkF5vs/getUpdates "HTTP/1.1 200 OK"
2026-03-05 12:25:25,904 [INFO] HTTP Request: POST https://api.telegram.org/bot5800257941:AAHvixqllrdWAuavbQNpwgalzQrI9wkF5vs/getUpdates "HTTP/1.1 200 OK"
2026-03-05 12:25:36,004 [INFO] HTTP Request: POST https://api.telegram.org/bot5800257941:AAHvixqllrdWAuavbQNpwgalzQrI9wkF5vs/getUpdates "HTTP/1.1 200 OK"
2026-03-05 12:25:46,103 [INFO] HTTP Request: POST https://api.telegram.org/bot5800257941:AAHvixqllrdWAuavbQNpwgalzQrI9wkF5vs/getUpdates "HTTP/1.1 200 OK"
2026-03-05 12:25:56,202 [INFO] HTTP Request: POST https://api.telegram.org/bot5800257941:AAHvixqllrdWAuavbQNpwgalzQrI9wkF5vs/getUpdates "HTTP/1.1 200 OK"
2026-03-05 12:26:06,304 [INFO] HTTP Request: POST https://api.telegram.org/bot5800257941:AAHvixqllrdWAuavbQNpwgalzQrI9wkF5vs/getUpdates "HTTP/1.1 200 OK"
2026-03-05 12:26:16,411 [INFO] HTTP Request: POST https://api.telegram.org/bot5800257941:AAHvixqllrdWAuavbQNpwgalzQrI9wkF5vs/getUpdates "HTTP/1.1 200 OK"
2026-03-05 12:26:26,511 [INFO] HTTP Request: POST https://api.telegram.org/bot5800257941:AAHvixqllrdWAuavbQNpwgalzQrI9wkF5vs/getUpdates "HTTP/1.1 200 OK"
2026-03-05 12:26:36,621 [INFO] HTTP Request: POST https://api.telegram.org/bot5800257941:AAHvixqllrdWAuavbQNpwgalzQrI9wkF5vs/getUpdates "HTTP/1.1 200 OK"
2026-03-05 12:26:46,723 [INFO] HTTP Request: POST https://api.telegram.org/bot5800257941:AAHvixqllrdWAuavbQNpwgalzQrI9wkF5vs/getUpdates "HTTP/1.1 200 OK"
2026-03-05 12:26:56,826 [INFO] HTTP Request: POST https://api.telegram.org/bot5800257941:AAHvixqllrdWAuavbQNpwgalzQrI9wkF5vs/getUpdates "HTTP/1.1 200 OK"
2026-03-05 12:27:06,928 [INFO] HTTP Request: POST https://api.telegram.org/bot5800257941:AAHvixqllrdWAuavbQNpwgalzQrI9wkF5vs/getUpdates "HTTP/1.1 200 OK"
2026-03-05 12:27:17,029 [INFO] HTTP Request: POST https://api.telegram.org/bot5800257941:AAHvixqllrdWAuavbQNpwgalzQrI9wkF5vs/getUpdates "HTTP/1.1 200 OK"
2026-03-05 12:27:27,128 [INFO] HTTP Request: POST https://api.telegram.org/bot5800257941:AAHvixqllrdWAuavbQNpwgalzQrI9wkF5vs/getUpdates "HTTP/1.1 200 OK"
2026-03-05 12:27:37,229 [INFO] HTTP Request: POST https://api.telegram.org/bot5800257941:AAHvixqllrdWAuavbQNpwgalzQrI9wkF5vs/getUpdates "HTTP/1.1 200 OK"
2026-03-05 12:27:47,327 [INFO] HTTP Request: POST https://api.telegram.org/bot5800257941:AAHvixqllrdWAuavbQNpwgalzQrI9wkF5vs/getUpdates "HTTP/1.1 200 OK"
2026-03-05 12:27:57,428 [INFO] HTTP Request: POST https://api.telegram.org/bot5800257941:AAHvixqllrdWAuavbQNpwgalzQrI9wkF5vs/getUpdates "HTTP/1.1 200 OK"
2026-03-05 12:28:07,532 [INFO] HTTP Request: POST https://api.telegram.org/bot5800257941:AAHvixqllrdWAuavbQNpwgalzQrI9wkF5vs/getUpdates "HTTP/1.1 200 OK"
2026-03-05 12:28:17,637 [INFO] HTTP Request: POST https://api.telegram.org/bot5800257941:AAHvixqllrdWAuavbQNpwgalzQrI9wkF5vs/getUpdates "HTTP/1.1 200 OK"
2026-03-05 12:28:27,739 [INFO] HTTP Request: POST https://api.telegram.org/bot5800257941:AAHvixqllrdWAuavbQNpwgalzQrI9wkF5vs/getUpdates "HTTP/1.1 200 OK"
2026-03-05 12:28:37,841 [INFO] HTTP Request: POST https://api.telegram.org/bot5800257941:AAHvixqllrdWAuavbQNpwgalzQrI9wkF5vs/getUpdates "HTTP/1.1 200 OK"
2026-03-05 12:28:47,940 [INFO] HTTP Request: POST https://api.telegram.org/bot5800257941:AAHvixqllrdWAuavbQNpwgalzQrI9wkF5vs/getUpdates "HTTP/1.1 200 OK"
2026-03-05 12:28:58,044 [INFO] HTTP Request: POST https://api.telegram.org/bot5800257941:AAHvixqllrdWAuavbQNpwgalzQrI9wkF5vs/getUpdates "HTTP/1.1 200 OK"
2026-03-05 12:29:08,143 [INFO] HTTP Request: POST https://api.telegram.org/bot5800257941:AAHvixqllrdWAuavbQNpwgalzQrI9wkF5vs/getUpdates "HTTP/1.1 200 OK"
2026-03-05 12:29:18,243 [INFO] HTTP Request: POST https://api.telegram.org/bot5800257941:AAHvixqllrdWAuavbQNpwgalzQrI9wkF5vs/getUpdates "HTTP/1.1 200 OK"
2026-03-05 12:29:28,351 [INFO] HTTP Request: POST https://api.telegram.org/bot5800257941:AAHvixqllrdWAuavbQNpwgalzQrI9wkF5vs/getUpdates "HTTP/1.1 200 OK"
2026-03-05 12:29:38,451 [INFO] HTTP Request: POST https://api.telegram.org/bot5800257941:AAHvixqllrdWAuavbQNpwgalzQrI9wkF5vs/getUpdates "HTTP/1.1 200 OK"
2026-03-05 12:29:48,566 [INFO] HTTP Request: POST https://api.telegram.org/bot5800257941:AAHvixqllrdWAuavbQNpwgalzQrI9wkF5vs/getUpdates "HTTP/1.1 200 OK"
2026-03-05 12:29:58,671 [INFO] HTTP Request: POST https://api.telegram.org/bot5800257941:AAHvixqllrdWAuavbQNpwgalzQrI9wkF5vs/getUpdates "HTTP/1.1 200 OK"
2026-03-05 12:30:08,772 [INFO] HTTP Request: POST https://api.telegram.org/bot5800257941:AAHvixqllrdWAuavbQNpwgalzQrI9wkF5vs/getUpdates "HTTP/1.1 200 OK"
2026-03-05 12:30:18,872 [INFO] HTTP Request: POST https://api.telegram.org/bot5800257941:AAHvixqllrdWAuavbQNpwgalzQrI9wkF5vs/getUpdates "HTTP/1.1 200 OK"
2026-03-05 12:30:28,977 [INFO] HTTP Request: POST https://api.telegram.org/bot5800257941:AAHvixqllrdWAuavbQNpwgalzQrI9wkF5vs/getUpdates "HTTP/1.1 200 OK"
2026-03-05 12:30:39,079 [INFO] HTTP Request: POST https://api.telegram.org/bot5800257941:AAHvixqllrdWAuavbQNpwgalzQrI9wkF5vs/getUpdates "HTTP/1.1 200 OK"
2026-03-05 12:30:49,188 [INFO] HTTP Request: POST https://api.telegram.org/bot5800257941:AAHvixqllrdWAuavbQNpwgalzQrI9wkF5vs/getUpdates "HTTP/1.1 200 OK"
2026-03-05 12:30:59,291 [INFO] HTTP Request: POST https://api.telegram.org/bot5800257941:AAHvixqllrdWAuavbQNpwgalzQrI9wkF5vs/getUpdates "HTTP/1.1 200 OK"
2026-03-05 12:31:09,403 [INFO] HTTP Request: POST https://api.telegram.org/bot5800257941:AAHvixqllrdWAuavbQNpwgalzQrI9wkF5vs/getUpdates "HTTP/1.1 200 OK"
2026-03-05 12:31:19,507 [INFO] HTTP Request: POST https://api.telegram.org/bot5800257941:AAHvixqllrdWAuavbQNpwgalzQrI9wkF5vs/getUpdates "HTTP/1.1 200 OK"
2026-03-05 12:31:29,607 [INFO] HTTP Request: POST https://api.telegram.org/bot5800257941:AAHvixqllrdWAuavbQNpwgalzQrI9wkF5vs/getUpdates "HTTP/1.1 200 OK"
2026-03-05 12:31:39,710 [INFO] HTTP Request: POST https://api.telegram.org/bot5800257941:AAHvixqllrdWAuavbQNpwgalzQrI9wkF5vs/getUpdates "HTTP/1.1 200 OK"
2026-03-05 12:31:49,810 [INFO] HTTP Request: POST https://api.telegram.org/bot5800257941:AAHvixqllrdWAuavbQNpwgalzQrI9wkF5vs/getUpdates "HTTP/1.1 200 OK"
2026-03-05 12:31:59,912 [INFO] HTTP Request: POST https://api.telegram.org/bot5800257941:AAHvixqllrdWAuavbQNpwgalzQrI9wkF5vs/getUpdates "HTTP/1.1 200 OK"
2026-03-05 12:32:10,016 [INFO] HTTP Request: POST https://api.telegram.org/bot5800257941:AAHvixqllrdWAuavbQNpwgalzQrI9wkF5vs/getUpdates "HTTP/1.1 200 OK"
2026-03-05 12:32:20,118 [INFO] HTTP Request: POST https://api.telegram.org/bot5800257941:AAHvixqllrdWAuavbQNpwgalzQrI9wkF5vs/getUpdates "HTTP/1.1 200 OK"
2026-03-05 12:32:30,216 [INFO] HTTP Request: POST https://api.telegram.org/bot5800257941:AAHvixqllrdWAuavbQNpwgalzQrI9wkF5vs/getUpdates "HTTP/1.1 200 OK"
2026-03-05 12:32:40,316 [INFO] HTTP Request: POST https://api.telegram.org/bot5800257941:AAHvixqllrdWAuavbQNpwgalzQrI9wkF5vs/getUpdates "HTTP/1.1 200 OK"
2026-03-05 12:32:50,418 [INFO] HTTP Request: POST https://api.telegram.org/bot5800257941:AAHvixqllrdWAuavbQNpwgalzQrI9wkF5vs/getUpdates "HTTP/1.1 200 OK"
2026-03-05 12:33:00,518 [INFO] HTTP Request: POST https://api.telegram.org/bot5800257941:AAHvixqllrdWAuavbQNpwgalzQrI9wkF5vs/getUpdates "HTTP/1.1 200 OK"
2026-03-05 12:33:10,621 [INFO] HTTP Request: POST https://api.telegram.org/bot5800257941:AAHvixqllrdWAuavbQNpwgalzQrI9wkF5vs/getUpdates "HTTP/1.1 200 OK"
2026-03-05 12:33:20,721 [INFO] HTTP Request: POST https://api.telegram.org/bot5800257941:AAHvixqllrdWAuavbQNpwgalzQrI9wkF5vs/getUpdates "HTTP/1.1 200 OK"
2026-03-05 12:33:30,825 [INFO] HTTP Request: POST https://api.telegram.org/bot5800257941:AAHvixqllrdWAuavbQNpwgalzQrI9wkF5vs/getUpdates "HTTP/1.1 200 OK"
2026-03-05 12:33:40,924 [INFO] HTTP Request: POST https://api.telegram.org/bot5800257941:AAHvixqllrdWAuavbQNpwgalzQrI9wkF5vs/getUpdates "HTTP/1.1 200 OK"
2026-03-05 12:33:51,024 [INFO] HTTP Request: POST https://api.telegram.org/bot5800257941:AAHvixqllrdWAuavbQNpwgalzQrI9wkF5vs/getUpdates "HTTP/1.1 200 OK"
2026-03-05 12:34:01,125 [INFO] HTTP Request: POST https://api.telegram.org/bot5800257941:AAHvixqllrdWAuavbQNpwgalzQrI9wkF5vs/getUpdates "HTTP/1.1 200 OK"
2026-03-05 12:34:11,225 [INFO] HTTP Request: POST https://api.telegram.org/bot5800257941:AAHvixqllrdWAuavbQNpwgalzQrI9wkF5vs/getUpdates "HTTP/1.1 200 OK"
2026-03-05 12:34:21,325 [INFO] HTTP Request: POST https://api.telegram.org/bot5800257941:AAHvixqllrdWAuavbQNpwgalzQrI9wkF5vs/getUpdates "HTTP/1.1 200 OK"
2026-03-05 12:34:31,425 [INFO] HTTP Request: POST https://api.telegram.org/bot5800257941:AAHvixqllrdWAuavbQNpwgalzQrI9wkF5vs/getUpdates "HTTP/1.1 200 OK"
2026-03-05 12:34:41,526 [INFO] HTTP Request: POST https://api.telegram.org/bot5800257941:AAHvixqllrdWAuavbQNpwgalzQrI9wkF5vs/getUpdates "HTTP/1.1 200 OK"
2026-03-05 12:34:51,626 [INFO] HTTP Request: POST https://api.telegram.org/bot5800257941:AAHvixqllrdWAuavbQNpwgalzQrI9wkF5vs/getUpdates "HTTP/1.1 200 OK"
2026-03-05 12:35:01,729 [INFO] HTTP Request: POST https://api.telegram.org/bot5800257941:AAHvixqllrdWAuavbQNpwgalzQrI9wkF5vs/getUpdates "HTTP/1.1 200 OK"
2026-03-05 12:35:11,955 [INFO] HTTP Request: POST https://api.telegram.org/bot5800257941:AAHvixqllrdWAuavbQNpwgalzQrI9wkF5vs/getUpdates "HTTP/1.1 200 OK"
2026-03-05 12:35:22,075 [INFO] HTTP Request: POST https://api.telegram.org/bot5800257941:AAHvixqllrdWAuavbQNpwgalzQrI9wkF5vs/getUpdates "HTTP/1.1 200 OK"
2026-03-05 12:35:32,179 [INFO] HTTP Request: POST https://api.telegram.org/bot5800257941:AAHvixqllrdWAuavbQNpwgalzQrI9wkF5vs/getUpdates "HTTP/1.1 200 OK"
2026-03-05 12:35:42,280 [INFO] HTTP Request: POST https://api.telegram.org/bot5800257941:AAHvixqllrdWAuavbQNpwgalzQrI9wkF5vs/getUpdates "HTTP/1.1 200 OK"
2026-03-05 12:35:52,381 [INFO] HTTP Request: POST https://api.telegram.org/bot5800257941:AAHvixqllrdWAuavbQNpwgalzQrI9wkF5vs/getUpdates "HTTP/1.1 200 OK"
2026-03-05 12:36:02,480 [INFO] HTTP Request: POST https://api.telegram.org/bot5800257941:AAHvixqllrdWAuavbQNpwgalzQrI9wkF5vs/getUpdates "HTTP/1.1 200 OK"
2026-03-05 12:36:12,579 [INFO] HTTP Request: POST https://api.telegram.org/bot5800257941:AAHvixqllrdWAuavbQNpwgalzQrI9wkF5vs/getUpdates "HTTP/1.1 200 OK"
2026-03-05 12:36:22,683 [INFO] HTTP Request: POST https://api.telegram.org/bot5800257941:AAHvixqllrdWAuavbQNpwgalzQrI9wkF5vs/getUpdates "HTTP/1.1 200 OK"
2026-03-05 12:36:33,072 [INFO] HTTP Request: POST https://api.telegram.org/bot5800257941:AAHvixqllrdWAuavbQNpwgalzQrI9wkF5vs/getUpdates "HTTP/1.1 200 OK"
2026-03-05 12:36:43,167 [INFO] HTTP Request: POST https://api.telegram.org/bot5800257941:AAHvixqllrdWAuavbQNpwgalzQrI9wkF5vs/getUpdates "HTTP/1.1 200 OK"
2026-03-05 12:36:53,263 [INFO] HTTP Request: POST https://api.telegram.org/bot5800257941:AAHvixqllrdWAuavbQNpwgalzQrI9wkF5vs/getUpdates "HTTP/1.1 200 OK"
2026-03-05 12:37:03,358 [INFO] HTTP Request: POST https://api.telegram.org/bot5800257941:AAHvixqllrdWAuavbQNpwgalzQrI9wkF5vs/getUpdates "HTTP/1.1 200 OK"
2026-03-05 12:37:13,454 [INFO] HTTP Request: POST https://api.telegram.org/bot5800257941:AAHvixqllrdWAuavbQNpwgalzQrI9wkF5vs/getUpdates "HTTP/1.1 200 OK"
2026-03-05 12:37:23,549 [INFO] HTTP Request: POST https://api.telegram.org/bot5800257941:AAHvixqllrdWAuavbQNpwgalzQrI9wkF5vs/getUpdates "HTTP/1.1 200 OK"
2026-03-05 12:37:33,645 [INFO] HTTP Request: POST https://api.telegram.org/bot5800257941:AAHvixqllrdWAuavbQNpwgalzQrI9wkF5vs/getUpdates "HTTP/1.1 200 OK"
2026-03-05 12:37:43,740 [INFO] HTTP Request: POST https://api.telegram.org/bot5800257941:AAHvixqllrdWAuavbQNpwgalzQrI9wkF5vs/getUpdates "HTTP/1.1 200 OK"
2026-03-05 12:37:53,837 [INFO] HTTP Request: POST https://api.telegram.org/bot5800257941:AAHvixqllrdWAuavbQNpwgalzQrI9wkF5vs/getUpdates "HTTP/1.1 200 OK"
2026-03-05 12:38:03,932 [INFO] HTTP Request: POST https://api.telegram.org/bot5800257941:AAHvixqllrdWAuavbQNpwgalzQrI9wkF5vs/getUpdates "HTTP/1.1 200 OK"
2026-03-05 12:38:14,028 [INFO] HTTP Request: POST https://api.telegram.org/bot5800257941:AAHvixqllrdWAuavbQNpwgalzQrI9wkF5vs/getUpdates "HTTP/1.1 200 OK"
2026-03-05 12:38:24,127 [INFO] HTTP Request: POST https://api.telegram.org/bot5800257941:AAHvixqllrdWAuavbQNpwgalzQrI9wkF5vs/getUpdates "HTTP/1.1 200 OK"
2026-03-05 12:38:34,222 [INFO] HTTP Request: POST https://api.telegram.org/bot5800257941:AAHvixqllrdWAuavbQNpwgalzQrI9wkF5vs/getUpdates "HTTP/1.1 200 OK"
2026-03-05 12:38:44,318 [INFO] HTTP Request: POST https://api.telegram.org/bot5800257941:AAHvixqllrdWAuavbQNpwgalzQrI9wkF5vs/getUpdates "HTTP/1.1 200 OK"
2026-03-05 12:38:54,413 [INFO] HTTP Request: POST https://api.telegram.org/bot5800257941:AAHvixqllrdWAuavbQNpwgalzQrI9wkF5vs/getUpdates "HTTP/1.1 200 OK"
2026-03-05 12:39:04,514 [INFO] HTTP Request: POST https://api.telegram.org/bot5800257941:AAHvixqllrdWAuavbQNpwgalzQrI9wkF5vs/getUpdates "HTTP/1.1 200 OK"
2026-03-05 12:39:14,610 [INFO] HTTP Request: POST https://api.telegram.org/bot5800257941:AAHvixqllrdWAuavbQNpwgalzQrI9wkF5vs/getUpdates "HTTP/1.1 200 OK"
2026-03-05 12:39:24,707 [INFO] HTTP Request: POST https://api.telegram.org/bot5800257941:AAHvixqllrdWAuavbQNpwgalzQrI9wkF5vs/getUpdates "HTTP/1.1 200 OK"
2026-03-05 12:39:34,806 [INFO] HTTP Request: POST https://api.telegram.org/bot5800257941:AAHvixqllrdWAuavbQNpwgalzQrI9wkF5vs/getUpdates "HTTP/1.1 200 OK"
2026-03-05 12:39:44,905 [INFO] HTTP Request: POST https://api.telegram.org/bot5800257941:AAHvixqllrdWAuavbQNpwgalzQrI9wkF5vs/getUpdates "HTTP/1.1 200 OK"
2026-03-05 12:39:55,015 [INFO] HTTP Request: POST https://api.telegram.org/bot5800257941:AAHvixqllrdWAuavbQNpwgalzQrI9wkF5vs/getUpdates "HTTP/1.1 200 OK"
2026-03-05 12:40:05,112 [INFO] HTTP Request: POST https://api.telegram.org/bot5800257941:AAHvixqllrdWAuavbQNpwgalzQrI9wkF5vs/getUpdates "HTTP/1.1 200 OK"
2026-03-05 12:40:15,210 [INFO] HTTP Request: POST https://api.telegram.org/bot5800257941:AAHvixqllrdWAuavbQNpwgalzQrI9wkF5vs/getUpdates "HTTP/1.1 200 OK"
2026-03-05 12:40:25,307 [INFO] HTTP Request: POST https://api.telegram.org/bot5800257941:AAHvixqllrdWAuavbQNpwgalzQrI9wkF5vs/getUpdates "HTTP/1.1 200 OK"
2026-03-05 12:40:35,403 [INFO] HTTP Request: POST https://api.telegram.org/bot5800257941:AAHvixqllrdWAuavbQNpwgalzQrI9wkF5vs/getUpdates "HTTP/1.1 200 OK"
2026-03-05 12:40:45,498 [INFO] HTTP Request: POST https://api.telegram.org/bot5800257941:AAHvixqllrdWAuavbQNpwgalzQrI9wkF5vs/getUpdates "HTTP/1.1 200 OK"
2026-03-05 12:40:55,596 [INFO] HTTP Request: POST https://api.telegram.org/bot5800257941:AAHvixqllrdWAuavbQNpwgalzQrI9wkF5vs/getUpdates "HTTP/1.1 200 OK"
2026-03-05 12:41:05,706 [INFO] HTTP Request: POST https://api.telegram.org/bot5800257941:AAHvixqllrdWAuavbQNpwgalzQrI9wkF5vs/getUpdates "HTTP/1.1 200 OK"
2026-03-05 12:41:15,802 [INFO] HTTP Request: POST https://api.telegram.org/bot5800257941:AAHvixqllrdWAuavbQNpwgalzQrI9wkF5vs/getUpdates "HTTP/1.1 200 OK"
2026-03-05 12:41:25,898 [INFO] HTTP Request: POST https://api.telegram.org/bot5800257941:AAHvixqllrdWAuavbQNpwgalzQrI9wkF5vs/getUpdates "HTTP/1.1 200 OK"
2026-03-05 12:41:35,994 [INFO] HTTP Request: POST https://api.telegram.org/bot5800257941:AAHvixqllrdWAuavbQNpwgalzQrI9wkF5vs/getUpdates "HTTP/1.1 200 OK"
2026-03-05 12:41:46,090 [INFO] HTTP Request: POST https://api.telegram.org/bot5800257941:AAHvixqllrdWAuavbQNpwgalzQrI9wkF5vs/getUpdates "HTTP/1.1 200 OK"
2026-03-05 12:41:56,185 [INFO] HTTP Request: POST https://api.telegram.org/bot5800257941:AAHvixqllrdWAuavbQNpwgalzQrI9wkF5vs/getUpdates "HTTP/1.1 200 OK"
2026-03-05 12:42:06,284 [INFO] HTTP Request: POST https://api.telegram.org/bot5800257941:AAHvixqllrdWAuavbQNpwgalzQrI9wkF5vs/getUpdates "HTTP/1.1 200 OK"
2026-03-05 12:42:16,380 [INFO] HTTP Request: POST https://api.telegram.org/bot5800257941:AAHvixqllrdWAuavbQNpwgalzQrI9wkF5vs/getUpdates "HTTP/1.1 200 OK"
2026-03-05 12:42:26,476 [INFO] HTTP Request: POST https://api.telegram.org/bot5800257941:AAHvixqllrdWAuavbQNpwgalzQrI9wkF5vs/getUpdates "HTTP/1.1 200 OK"
2026-03-05 12:42:36,571 [INFO] HTTP Request: POST https://api.telegram.org/bot5800257941:AAHvixqllrdWAuavbQNpwgalzQrI9wkF5vs/getUpdates "HTTP/1.1 200 OK"
2026-03-05 12:42:46,666 [INFO] HTTP Request: POST https://api.telegram.org/bot5800257941:AAHvixqllrdWAuavbQNpwgalzQrI9wkF5vs/getUpdates "HTTP/1.1 200 OK"
2026-03-05 12:42:56,762 [INFO] HTTP Request: POST https://api.telegram.org/bot5800257941:AAHvixqllrdWAuavbQNpwgalzQrI9wkF5vs/getUpdates "HTTP/1.1 200 OK"
2026-03-05 12:43:06,858 [INFO] HTTP Request: POST https://api.telegram.org/bot5800257941:AAHvixqllrdWAuavbQNpwgalzQrI9wkF5vs/getUpdates "HTTP/1.1 200 OK"
2026-03-05 12:43:16,955 [INFO] HTTP Request: POST https://api.telegram.org/bot5800257941:AAHvixqllrdWAuavbQNpwgalzQrI9wkF5vs/getUpdates "HTTP/1.1 200 OK"
2026-03-05 12:43:27,052 [INFO] HTTP Request: POST https://api.telegram.org/bot5800257941:AAHvixqllrdWAuavbQNpwgalzQrI9wkF5vs/getUpdates "HTTP/1.1 200 OK"
2026-03-05 12:43:37,155 [INFO] HTTP Request: POST https://api.telegram.org/bot5800257941:AAHvixqllrdWAuavbQNpwgalzQrI9wkF5vs/getUpdates "HTTP/1.1 200 OK"
2026-03-05 12:43:47,255 [INFO] HTTP Request: POST https://api.telegram.org/bot5800257941:AAHvixqllrdWAuavbQNpwgalzQrI9wkF5vs/getUpdates "HTTP/1.1 200 OK"
2026-03-05 12:43:57,354 [INFO] HTTP Request: POST https://api.telegram.org/bot5800257941:AAHvixqllrdWAuavbQNpwgalzQrI9wkF5vs/getUpdates "HTTP/1.1 200 OK"
2026-03-05 12:44:07,450 [INFO] HTTP Request: POST https://api.telegram.org/bot5800257941:AAHvixqllrdWAuavbQNpwgalzQrI9wkF5vs/getUpdates "HTTP/1.1 200 OK"
2026-03-05 12:44:17,546 [INFO] HTTP Request: POST https://api.telegram.org/bot5800257941:AAHvixqllrdWAuavbQNpwgalzQrI9wkF5vs/getUpdates "HTTP/1.1 200 OK"
2026-03-05 12:44:27,643 [INFO] HTTP Request: POST https://api.telegram.org/bot5800257941:AAHvixqllrdWAuavbQNpwgalzQrI9wkF5vs/getUpdates "HTTP/1.1 200 OK"
2026-03-05 12:44:37,739 [INFO] HTTP Request: POST https://api.telegram.org/bot5800257941:AAHvixqllrdWAuavbQNpwgalzQrI9wkF5vs/getUpdates "HTTP/1.1 200 OK"
2026-03-05 12:44:47,837 [INFO] HTTP Request: POST https://api.telegram.org/bot5800257941:AAHvixqllrdWAuavbQNpwgalzQrI9wkF5vs/getUpdates "HTTP/1.1 200 OK"
2026-03-05 12:44:57,936 [INFO] HTTP Request: POST https://api.telegram.org/bot5800257941:AAHvixqllrdWAuavbQNpwgalzQrI9wkF5vs/getUpdates "HTTP/1.1 200 OK"
2026-03-05 12:45:08,034 [INFO] HTTP Request: POST https://api.telegram.org/bot5800257941:AAHvixqllrdWAuavbQNpwgalzQrI9wkF5vs/getUpdates "HTTP/1.1 200 OK"
2026-03-05 12:45:18,132 [INFO] HTTP Request: POST https://api.telegram.org/bot5800257941:AAHvixqllrdWAuavbQNpwgalzQrI9wkF5vs/getUpdates "HTTP/1.1 200 OK"
2026-03-05 12:45:28,228 [INFO] HTTP Request: POST https://api.telegram.org/bot5800257941:AAHvixqllrdWAuavbQNpwgalzQrI9wkF5vs/getUpdates "HTTP/1.1 200 OK"
2026-03-05 12:45:38,325 [INFO] HTTP Request: POST https://api.telegram.org/bot5800257941:AAHvixqllrdWAuavbQNpwgalzQrI9wkF5vs/getUpdates "HTTP/1.1 200 OK"
2026-03-05 12:45:48,422 [INFO] HTTP Request: POST https://api.telegram.org/bot5800257941:AAHvixqllrdWAuavbQNpwgalzQrI9wkF5vs/getUpdates "HTTP/1.1 200 OK"
2026-03-05 12:45:58,519 [INFO] HTTP Request: POST https://api.telegram.org/bot5800257941:AAHvixqllrdWAuavbQNpwgalzQrI9wkF5vs/getUpdates "HTTP/1.1 200 OK"
2026-03-05 12:46:08,616 [INFO] HTTP Request: POST https://api.telegram.org/bot5800257941:AAHvixqllrdWAuavbQNpwgalzQrI9wkF5vs/getUpdates "HTTP/1.1 200 OK"
2026-03-05 12:46:18,713 [INFO] HTTP Request: POST https://api.telegram.org/bot5800257941:AAHvixqllrdWAuavbQNpwgalzQrI9wkF5vs/getUpdates "HTTP/1.1 200 OK"
2026-03-05 12:46:28,809 [INFO] HTTP Request: POST https://api.telegram.org/bot5800257941:AAHvixqllrdWAuavbQNpwgalzQrI9wkF5vs/getUpdates "HTTP/1.1 200 OK"
2026-03-05 12:46:38,907 [INFO] HTTP Request: POST https://api.telegram.org/bot5800257941:AAHvixqllrdWAuavbQNpwgalzQrI9wkF5vs/getUpdates "HTTP/1.1 200 OK"
2026-03-05 12:46:49,003 [INFO] HTTP Request: POST https://api.telegram.org/bot5800257941:AAHvixqllrdWAuavbQNpwgalzQrI9wkF5vs/getUpdates "HTTP/1.1 200 OK"
2026-03-05 12:46:59,099 [INFO] HTTP Request: POST https://api.telegram.org/bot5800257941:AAHvixqllrdWAuavbQNpwgalzQrI9wkF5vs/getUpdates "HTTP/1.1 200 OK"
2026-03-05 12:47:09,195 [INFO] HTTP Request: POST https://api.telegram.org/bot5800257941:AAHvixqllrdWAuavbQNpwgalzQrI9wkF5vs/getUpdates "HTTP/1.1 200 OK"
2026-03-05 12:47:19,292 [INFO] HTTP Request: POST https://api.telegram.org/bot5800257941:AAHvixqllrdWAuavbQNpwgalzQrI9wkF5vs/getUpdates "HTTP/1.1 200 OK"
2026-03-05 12:47:29,393 [INFO] HTTP Request: POST https://api.telegram.org/bot5800257941:AAHvixqllrdWAuavbQNpwgalzQrI9wkF5vs/getUpdates "HTTP/1.1 200 OK"
2026-03-05 12:47:39,492 [INFO] HTTP Request: POST https://api.telegram.org/bot5800257941:AAHvixqllrdWAuavbQNpwgalzQrI9wkF5vs/getUpdates "HTTP/1.1 200 OK"
2026-03-05 12:47:49,591 [INFO] HTTP Request: POST https://api.telegram.org/bot5800257941:AAHvixqllrdWAuavbQNpwgalzQrI9wkF5vs/getUpdates "HTTP/1.1 200 OK"
2026-03-05 12:47:59,688 [INFO] HTTP Request: POST https://api.telegram.org/bot5800257941:AAHvixqllrdWAuavbQNpwgalzQrI9wkF5vs/getUpdates "HTTP/1.1 200 OK"
2026-03-05 12:48:09,787 [INFO] HTTP Request: POST https://api.telegram.org/bot5800257941:AAHvixqllrdWAuavbQNpwgalzQrI9wkF5vs/getUpdates "HTTP/1.1 200 OK"
2026-03-05 12:48:19,883 [INFO] HTTP Request: POST https://api.telegram.org/bot5800257941:AAHvixqllrdWAuavbQNpwgalzQrI9wkF5vs/getUpdates "HTTP/1.1 200 OK"
2026-03-05 12:48:29,979 [INFO] HTTP Request: POST https://api.telegram.org/bot5800257941:AAHvixqllrdWAuavbQNpwgalzQrI9wkF5vs/getUpdates "HTTP/1.1 200 OK"
2026-03-05 12:48:40,107 [INFO] HTTP Request: POST https://api.telegram.org/bot5800257941:AAHvixqllrdWAuavbQNpwgalzQrI9wkF5vs/getUpdates "HTTP/1.1 200 OK"
2026-03-05 12:48:50,203 [INFO] HTTP Request: POST https://api.telegram.org/bot5800257941:AAHvixqllrdWAuavbQNpwgalzQrI9wkF5vs/getUpdates "HTTP/1.1 200 OK"
2026-03-05 12:49:00,299 [INFO] HTTP Request: POST https://api.telegram.org/bot5800257941:AAHvixqllrdWAuavbQNpwgalzQrI9wkF5vs/getUpdates "HTTP/1.1 200 OK"
2026-03-05 12:49:10,402 [INFO] HTTP Request: POST https://api.telegram.org/bot5800257941:AAHvixqllrdWAuavbQNpwgalzQrI9wkF5vs/getUpdates "HTTP/1.1 200 OK"
2026-03-05 12:49:20,509 [INFO] HTTP Request: POST https://api.telegram.org/bot5800257941:AAHvixqllrdWAuavbQNpwgalzQrI9wkF5vs/getUpdates "HTTP/1.1 200 OK"
2026-03-05 12:49:30,605 [INFO] HTTP Request: POST https://api.telegram.org/bot5800257941:AAHvixqllrdWAuavbQNpwgalzQrI9wkF5vs/getUpdates "HTTP/1.1 200 OK"
2026-03-05 12:49:40,702 [INFO] HTTP Request: POST https://api.telegram.org/bot5800257941:AAHvixqllrdWAuavbQNpwgalzQrI9wkF5vs/getUpdates "HTTP/1.1 200 OK"
2026-03-05 12:49:50,798 [INFO] HTTP Request: POST https://api.telegram.org/bot5800257941:AAHvixqllrdWAuavbQNpwgalzQrI9wkF5vs/getUpdates "HTTP/1.1 200 OK"
2026-03-05 12:50:00,896 [INFO] HTTP Request: POST https://api.telegram.org/bot5800257941:AAHvixqllrdWAuavbQNpwgalzQrI9wkF5vs/getUpdates "HTTP/1.1 200 OK"
2026-03-05 12:50:10,994 [INFO] HTTP Request: POST https://api.telegram.org/bot5800257941:AAHvixqllrdWAuavbQNpwgalzQrI9wkF5vs/getUpdates "HTTP/1.1 200 OK"
2026-03-05 12:50:21,090 [INFO] HTTP Request: POST https://api.telegram.org/bot5800257941:AAHvixqllrdWAuavbQNpwgalzQrI9wkF5vs/getUpdates "HTTP/1.1 200 OK"
2026-03-05 12:50:31,186 [INFO] HTTP Request: POST https://api.telegram.org/bot5800257941:AAHvixqllrdWAuavbQNpwgalzQrI9wkF5vs/getUpdates "HTTP/1.1 200 OK"
2026-03-05 12:50:41,283 [INFO] HTTP Request: POST https://api.telegram.org/bot5800257941:AAHvixqllrdWAuavbQNpwgalzQrI9wkF5vs/getUpdates "HTTP/1.1 200 OK"
2026-03-05 12:50:51,382 [INFO] HTTP Request: POST https://api.telegram.org/bot5800257941:AAHvixqllrdWAuavbQNpwgalzQrI9wkF5vs/getUpdates "HTTP/1.1 200 OK"
2026-03-05 12:51:01,478 [INFO] HTTP Request: POST https://api.telegram.org/bot5800257941:AAHvixqllrdWAuavbQNpwgalzQrI9wkF5vs/getUpdates "HTTP/1.1 200 OK"
2026-03-05 12:51:11,575 [INFO] HTTP Request: POST https://api.telegram.org/bot5800257941:AAHvixqllrdWAuavbQNpwgalzQrI9wkF5vs/getUpdates "HTTP/1.1 200 OK"
2026-03-05 12:51:21,672 [INFO] HTTP Request: POST https://api.telegram.org/bot5800257941:AAHvixqllrdWAuavbQNpwgalzQrI9wkF5vs/getUpdates "HTTP/1.1 200 OK"
2026-03-05 12:51:31,768 [INFO] HTTP Request: POST https://api.telegram.org/bot5800257941:AAHvixqllrdWAuavbQNpwgalzQrI9wkF5vs/getUpdates "HTTP/1.1 200 OK"
2026-03-05 12:51:41,896 [INFO] HTTP Request: POST https://api.telegram.org/bot5800257941:AAHvixqllrdWAuavbQNpwgalzQrI9wkF5vs/getUpdates "HTTP/1.1 200 OK"
2026-03-05 12:51:51,994 [INFO] HTTP Request: POST https://api.telegram.org/bot5800257941:AAHvixqllrdWAuavbQNpwgalzQrI9wkF5vs/getUpdates "HTTP/1.1 200 OK"
2026-03-05 12:52:02,089 [INFO] HTTP Request: POST https://api.telegram.org/bot5800257941:AAHvixqllrdWAuavbQNpwgalzQrI9wkF5vs/getUpdates "HTTP/1.1 200 OK"
2026-03-05 12:52:12,185 [INFO] HTTP Request: POST https://api.telegram.org/bot5800257941:AAHvixqllrdWAuavbQNpwgalzQrI9wkF5vs/getUpdates "HTTP/1.1 200 OK"
2026-03-05 12:52:22,281 [INFO] HTTP Request: POST https://api.telegram.org/bot5800257941:AAHvixqllrdWAuavbQNpwgalzQrI9wkF5vs/getUpdates "HTTP/1.1 200 OK"
2026-03-05 12:52:32,377 [INFO] HTTP Request: POST https://api.telegram.org/bot5800257941:AAHvixqllrdWAuavbQNpwgalzQrI9wkF5vs/getUpdates "HTTP/1.1 200 OK"
2026-03-05 12:52:42,474 [INFO] HTTP Request: POST https://api.telegram.org/bot5800257941:AAHvixqllrdWAuavbQNpwgalzQrI9wkF5vs/getUpdates "HTTP/1.1 200 OK"
2026-03-05 12:52:52,581 [INFO] HTTP Request: POST https://api.telegram.org/bot5800257941:AAHvixqllrdWAuavbQNpwgalzQrI9wkF5vs/getUpdates "HTTP/1.1 200 OK"
2026-03-05 12:53:02,732 [INFO] HTTP Request: POST https://api.telegram.org/bot5800257941:AAHvixqllrdWAuavbQNpwgalzQrI9wkF5vs/getUpdates "HTTP/1.1 200 OK"
2026-03-05 12:53:12,827 [INFO] HTTP Request: POST https://api.telegram.org/bot5800257941:AAHvixqllrdWAuavbQNpwgalzQrI9wkF5vs/getUpdates "HTTP/1.1 200 OK"
2026-03-05 12:53:23,219 [INFO] HTTP Request: POST https://api.telegram.org/bot5800257941:AAHvixqllrdWAuavbQNpwgalzQrI9wkF5vs/getUpdates "HTTP/1.1 200 OK"
2026-03-05 12:53:33,315 [INFO] HTTP Request: POST https://api.telegram.org/bot5800257941:AAHvixqllrdWAuavbQNpwgalzQrI9wkF5vs/getUpdates "HTTP/1.1 200 OK"
2026-03-05 12:53:43,414 [INFO] HTTP Request: POST https://api.telegram.org/bot5800257941:AAHvixqllrdWAuavbQNpwgalzQrI9wkF5vs/getUpdates "HTTP/1.1 200 OK"
2026-03-05 12:53:53,514 [INFO] HTTP Request: POST https://api.telegram.org/bot5800257941:AAHvixqllrdWAuavbQNpwgalzQrI9wkF5vs/getUpdates "HTTP/1.1 200 OK"
2026-03-05 12:54:03,612 [INFO] HTTP Request: POST https://api.telegram.org/bot5800257941:AAHvixqllrdWAuavbQNpwgalzQrI9wkF5vs/getUpdates "HTTP/1.1 200 OK"
2026-03-05 12:54:13,714 [INFO] HTTP Request: POST https://api.telegram.org/bot5800257941:AAHvixqllrdWAuavbQNpwgalzQrI9wkF5vs/getUpdates "HTTP/1.1 200 OK"
2026-03-05 12:54:23,853 [INFO] HTTP Request: POST https://api.telegram.org/bot5800257941:AAHvixqllrdWAuavbQNpwgalzQrI9wkF5vs/getUpdates "HTTP/1.1 200 OK"
2026-03-05 12:54:33,952 [INFO] HTTP Request: POST https://api.telegram.org/bot5800257941:AAHvixqllrdWAuavbQNpwgalzQrI9wkF5vs/getUpdates "HTTP/1.1 200 OK"
2026-03-05 12:54:44,049 [INFO] HTTP Request: POST https://api.telegram.org/bot5800257941:AAHvixqllrdWAuavbQNpwgalzQrI9wkF5vs/getUpdates "HTTP/1.1 200 OK"
2026-03-05 12:54:54,153 [INFO] HTTP Request: POST https://api.telegram.org/bot5800257941:AAHvixqllrdWAuavbQNpwgalzQrI9wkF5vs/getUpdates "HTTP/1.1 200 OK"
2026-03-05 12:55:04,251 [INFO] HTTP Request: POST https://api.telegram.org/bot5800257941:AAHvixqllrdWAuavbQNpwgalzQrI9wkF5vs/getUpdates "HTTP/1.1 200 OK"
2026-03-05 12:55:14,351 [INFO] HTTP Request: POST https://api.telegram.org/bot5800257941:AAHvixqllrdWAuavbQNpwgalzQrI9wkF5vs/getUpdates "HTTP/1.1 200 OK"
2026-03-05 12:55:24,458 [INFO] HTTP Request: POST https://api.telegram.org/bot5800257941:AAHvixqllrdWAuavbQNpwgalzQrI9wkF5vs/getUpdates "HTTP/1.1 200 OK"
2026-03-05 12:55:34,573 [INFO] HTTP Request: POST https://api.telegram.org/bot5800257941:AAHvixqllrdWAuavbQNpwgalzQrI9wkF5vs/getUpdates "HTTP/1.1 200 OK"
2026-03-05 12:55:44,695 [INFO] HTTP Request: POST https://api.telegram.org/bot5800257941:AAHvixqllrdWAuavbQNpwgalzQrI9wkF5vs/getUpdates "HTTP/1.1 200 OK"
2026-03-05 12:55:54,867 [INFO] HTTP Request: POST https://api.telegram.org/bot5800257941:AAHvixqllrdWAuavbQNpwgalzQrI9wkF5vs/getUpdates "HTTP/1.1 200 OK"
2026-03-05 12:56:04,967 [INFO] HTTP Request: POST https://api.telegram.org/bot5800257941:AAHvixqllrdWAuavbQNpwgalzQrI9wkF5vs/getUpdates "HTTP/1.1 200 OK"
2026-03-05 12:56:15,066 [INFO] HTTP Request: POST https://api.telegram.org/bot5800257941:AAHvixqllrdWAuavbQNpwgalzQrI9wkF5vs/getUpdates "HTTP/1.1 200 OK"
2026-03-05 12:56:25,169 [INFO] HTTP Request: POST https://api.telegram.org/bot5800257941:AAHvixqllrdWAuavbQNpwgalzQrI9wkF5vs/getUpdates "HTTP/1.1 200 OK"
2026-03-05 12:56:35,279 [INFO] HTTP Request: POST https://api.telegram.org/bot5800257941:AAHvixqllrdWAuavbQNpwgalzQrI9wkF5vs/getUpdates "HTTP/1.1 200 OK"
2026-03-05 12:56:45,412 [INFO] HTTP Request: POST https://api.telegram.org/bot5800257941:AAHvixqllrdWAuavbQNpwgalzQrI9wkF5vs/getUpdates "HTTP/1.1 200 OK"
2026-03-05 12:56:55,549 [INFO] HTTP Request: POST https://api.telegram.org/bot5800257941:AAHvixqllrdWAuavbQNpwgalzQrI9wkF5vs/getUpdates "HTTP/1.1 200 OK"
2026-03-05 12:57:05,650 [INFO] HTTP Request: POST https://api.telegram.org/bot5800257941:AAHvixqllrdWAuavbQNpwgalzQrI9wkF5vs/getUpdates "HTTP/1.1 200 OK"
2026-03-05 12:57:15,746 [INFO] HTTP Request: POST https://api.telegram.org/bot5800257941:AAHvixqllrdWAuavbQNpwgalzQrI9wkF5vs/getUpdates "HTTP/1.1 200 OK"
2026-03-05 12:57:25,842 [INFO] HTTP Request: POST https://api.telegram.org/bot5800257941:AAHvixqllrdWAuavbQNpwgalzQrI9wkF5vs/getUpdates "HTTP/1.1 200 OK"
2026-03-05 12:57:36,052 [INFO] HTTP Request: POST https://api.telegram.org/bot5800257941:AAHvixqllrdWAuavbQNpwgalzQrI9wkF5vs/getUpdates "HTTP/1.1 200 OK"
2026-03-05 12:57:46,257 [INFO] HTTP Request: POST https://api.telegram.org/bot5800257941:AAHvixqllrdWAuavbQNpwgalzQrI9wkF5vs/getUpdates "HTTP/1.1 200 OK"
2026-03-05 12:57:56,429 [INFO] HTTP Request: POST https://api.telegram.org/bot5800257941:AAHvixqllrdWAuavbQNpwgalzQrI9wkF5vs/getUpdates "HTTP/1.1 200 OK"
2026-03-05 12:58:06,550 [INFO] HTTP Request: POST https://api.telegram.org/bot5800257941:AAHvixqllrdWAuavbQNpwgalzQrI9wkF5vs/getUpdates "HTTP/1.1 200 OK"
2026-03-05 12:58:16,685 [INFO] HTTP Request: POST https://api.telegram.org/bot5800257941:AAHvixqllrdWAuavbQNpwgalzQrI9wkF5vs/getUpdates "HTTP/1.1 200 OK"
2026-03-05 12:58:26,929 [INFO] HTTP Request: POST https://api.telegram.org/bot5800257941:AAHvixqllrdWAuavbQNpwgalzQrI9wkF5vs/getUpdates "HTTP/1.1 200 OK"
2026-03-05 12:58:37,110 [INFO] HTTP Request: POST https://api.telegram.org/bot5800257941:AAHvixqllrdWAuavbQNpwgalzQrI9wkF5vs/getUpdates "HTTP/1.1 200 OK"
2026-03-05 12:58:47,230 [INFO] HTTP Request: POST https://api.telegram.org/bot5800257941:AAHvixqllrdWAuavbQNpwgalzQrI9wkF5vs/getUpdates "HTTP/1.1 200 OK"
2026-03-05 12:58:57,389 [INFO] HTTP Request: POST https://api.telegram.org/bot5800257941:AAHvixqllrdWAuavbQNpwgalzQrI9wkF5vs/getUpdates "HTTP/1.1 200 OK"
2026-03-05 12:59:07,579 [INFO] HTTP Request: POST https://api.telegram.org/bot5800257941:AAHvixqllrdWAuavbQNpwgalzQrI9wkF5vs/getUpdates "HTTP/1.1 200 OK"
2026-03-05 12:59:17,722 [INFO] HTTP Request: POST https://api.telegram.org/bot5800257941:AAHvixqllrdWAuavbQNpwgalzQrI9wkF5vs/getUpdates "HTTP/1.1 200 OK"
2026-03-05 12:59:27,895 [INFO] HTTP Request: POST https://api.telegram.org/bot5800257941:AAHvixqllrdWAuavbQNpwgalzQrI9wkF5vs/getUpdates "HTTP/1.1 200 OK"
2026-03-05 12:59:38,081 [INFO] HTTP Request: POST https://api.telegram.org/bot5800257941:AAHvixqllrdWAuavbQNpwgalzQrI9wkF5vs/getUpdates "HTTP/1.1 200 OK"
2026-03-05 12:59:48,277 [INFO] HTTP Request: POST https://api.telegram.org/bot5800257941:AAHvixqllrdWAuavbQNpwgalzQrI9wkF5vs/getUpdates "HTTP/1.1 200 OK"
2026-03-05 12:59:58,466 [INFO] HTTP Request: POST https://api.telegram.org/bot5800257941:AAHvixqllrdWAuavbQNpwgalzQrI9wkF5vs/getUpdates "HTTP/1.1 200 OK"
2026-03-05 13:00:08,628 [INFO] HTTP Request: POST https://api.telegram.org/bot5800257941:AAHvixqllrdWAuavbQNpwgalzQrI9wkF5vs/getUpdates "HTTP/1.1 200 OK"
2026-03-05 13:00:18,873 [INFO] HTTP Request: POST https://api.telegram.org/bot5800257941:AAHvixqllrdWAuavbQNpwgalzQrI9wkF5vs/getUpdates "HTTP/1.1 200 OK"
2026-03-05 13:00:29,026 [INFO] HTTP Request: POST https://api.telegram.org/bot5800257941:AAHvixqllrdWAuavbQNpwgalzQrI9wkF5vs/getUpdates "HTTP/1.1 200 OK"
2026-03-05 13:00:39,262 [INFO] HTTP Request: POST https://api.telegram.org/bot5800257941:AAHvixqllrdWAuavbQNpwgalzQrI9wkF5vs/getUpdates "HTTP/1.1 200 OK"
2026-03-05 13:00:49,519 [INFO] HTTP Request: POST https://api.telegram.org/bot5800257941:AAHvixqllrdWAuavbQNpwgalzQrI9wkF5vs/getUpdates "HTTP/1.1 200 OK"
2026-03-05 13:00:59,685 [INFO] HTTP Request: POST https://api.telegram.org/bot5800257941:AAHvixqllrdWAuavbQNpwgalzQrI9wkF5vs/getUpdates "HTTP/1.1 200 OK"
2026-03-05 13:01:09,874 [INFO] HTTP Request: POST https://api.telegram.org/bot5800257941:AAHvixqllrdWAuavbQNpwgalzQrI9wkF5vs/getUpdates "HTTP/1.1 200 OK"
2026-03-05 13:01:20,083 [INFO] HTTP Request: POST https://api.telegram.org/bot5800257941:AAHvixqllrdWAuavbQNpwgalzQrI9wkF5vs/getUpdates "HTTP/1.1 200 OK"
2026-03-05 13:01:30,326 [INFO] HTTP Request: POST https://api.telegram.org/bot5800257941:AAHvixqllrdWAuavbQNpwgalzQrI9wkF5vs/getUpdates "HTTP/1.1 200 OK"
2026-03-05 13:01:40,456 [INFO] HTTP Request: POST https://api.telegram.org/bot5800257941:AAHvixqllrdWAuavbQNpwgalzQrI9wkF5vs/getUpdates "HTTP/1.1 200 OK"
2026-03-05 13:01:50,679 [INFO] HTTP Request: POST https://api.telegram.org/bot5800257941:AAHvixqllrdWAuavbQNpwgalzQrI9wkF5vs/getUpdates "HTTP/1.1 200 OK"
2026-03-05 13:02:00,918 [INFO] HTTP Request: POST https://api.telegram.org/bot5800257941:AAHvixqllrdWAuavbQNpwgalzQrI9wkF5vs/getUpdates "HTTP/1.1 200 OK"
2026-03-05 13:02:04,427 [INFO] HTTP Request: POST https://api.telegram.org/bot5800257941:AAHvixqllrdWAuavbQNpwgalzQrI9wkF5vs/getUpdates "HTTP/1.1 200 OK"
2026-03-05 13:02:05,024 [INFO] HTTP Request: POST https://api.telegram.org/bot5800257941:AAHvixqllrdWAuavbQNpwgalzQrI9wkF5vs/sendMessage "HTTP/1.1 200 OK"
2026-03-05 13:02:14,658 [INFO] HTTP Request: POST https://api.telegram.org/bot5800257941:AAHvixqllrdWAuavbQNpwgalzQrI9wkF5vs/getUpdates "HTTP/1.1 200 OK"
2026-03-05 13:02:24,883 [INFO] HTTP Request: POST https://api.telegram.org/bot5800257941:AAHvixqllrdWAuavbQNpwgalzQrI9wkF5vs/getUpdates "HTTP/1.1 200 OK"
2026-03-05 13:02:35,095 [INFO] HTTP Request: POST https://api.telegram.org/bot5800257941:AAHvixqllrdWAuavbQNpwgalzQrI9wkF5vs/getUpdates "HTTP/1.1 200 OK"
2026-03-05 13:02:45,288 [INFO] HTTP Request: POST https://api.telegram.org/bot5800257941:AAHvixqllrdWAuavbQNpwgalzQrI9wkF5vs/getUpdates "HTTP/1.1 200 OK"
2026-03-05 13:02:55,433 [INFO] HTTP Request: POST https://api.telegram.org/bot5800257941:AAHvixqllrdWAuavbQNpwgalzQrI9wkF5vs/getUpdates "HTTP/1.1 200 OK"
2026-03-05 13:03:05,678 [INFO] HTTP Request: POST https://api.telegram.org/bot5800257941:AAHvixqllrdWAuavbQNpwgalzQrI9wkF5vs/getUpdates "HTTP/1.1 200 OK"
2026-03-05 13:03:15,882 [INFO] HTTP Request: POST https://api.telegram.org/bot5800257941:AAHvixqllrdWAuavbQNpwgalzQrI9wkF5vs/getUpdates "HTTP/1.1 200 OK"
2026-03-05 13:03:25,978 [INFO] HTTP Request: POST https://api.telegram.org/bot5800257941:AAHvixqllrdWAuavbQNpwgalzQrI9wkF5vs/getUpdates "HTTP/1.1 200 OK"
2026-03-05 13:03:36,075 [INFO] HTTP Request: POST https://api.telegram.org/bot5800257941:AAHvixqllrdWAuavbQNpwgalzQrI9wkF5vs/getUpdates "HTTP/1.1 200 OK"
2026-03-05 13:03:46,174 [INFO] HTTP Request: POST https://api.telegram.org/bot5800257941:AAHvixqllrdWAuavbQNpwgalzQrI9wkF5vs/getUpdates "HTTP/1.1 200 OK"
2026-03-05 13:03:56,269 [INFO] HTTP Request: POST https://api.telegram.org/bot5800257941:AAHvixqllrdWAuavbQNpwgalzQrI9wkF5vs/getUpdates "HTTP/1.1 200 OK"
2026-03-05 13:04:06,379 [INFO] HTTP Request: POST https://api.telegram.org/bot5800257941:AAHvixqllrdWAuavbQNpwgalzQrI9wkF5vs/getUpdates "HTTP/1.1 200 OK"
2026-03-05 13:04:16,485 [INFO] HTTP Request: POST https://api.telegram.org/bot5800257941:AAHvixqllrdWAuavbQNpwgalzQrI9wkF5vs/getUpdates "HTTP/1.1 200 OK"
2026-03-05 13:04:26,583 [INFO] HTTP Request: POST https://api.telegram.org/bot5800257941:AAHvixqllrdWAuavbQNpwgalzQrI9wkF5vs/getUpdates "HTTP/1.1 200 OK"
2026-03-05 13:04:36,679 [INFO] HTTP Request: POST https://api.telegram.org/bot5800257941:AAHvixqllrdWAuavbQNpwgalzQrI9wkF5vs/getUpdates "HTTP/1.1 200 OK"
2026-03-05 13:04:46,778 [INFO] HTTP Request: POST https://api.telegram.org/bot5800257941:AAHvixqllrdWAuavbQNpwgalzQrI9wkF5vs/getUpdates "HTTP/1.1 200 OK"
2026-03-05 13:04:56,883 [INFO] HTTP Request: POST https://api.telegram.org/bot5800257941:AAHvixqllrdWAuavbQNpwgalzQrI9wkF5vs/getUpdates "HTTP/1.1 200 OK"
2026-03-05 13:05:06,985 [INFO] HTTP Request: POST https://api.telegram.org/bot5800257941:AAHvixqllrdWAuavbQNpwgalzQrI9wkF5vs/getUpdates "HTTP/1.1 200 OK"
2026-03-05 13:05:17,083 [INFO] HTTP Request: POST https://api.telegram.org/bot5800257941:AAHvixqllrdWAuavbQNpwgalzQrI9wkF5vs/getUpdates "HTTP/1.1 200 OK"
2026-03-05 13:05:27,182 [INFO] HTTP Request: POST https://api.telegram.org/bot5800257941:AAHvixqllrdWAuavbQNpwgalzQrI9wkF5vs/getUpdates "HTTP/1.1 200 OK"
2026-03-05 13:05:37,279 [INFO] HTTP Request: POST https://api.telegram.org/bot5800257941:AAHvixqllrdWAuavbQNpwgalzQrI9wkF5vs/getUpdates "HTTP/1.1 200 OK"
2026-03-05 13:05:47,471 [INFO] HTTP Request: POST https://api.telegram.org/bot5800257941:AAHvixqllrdWAuavbQNpwgalzQrI9wkF5vs/getUpdates "HTTP/1.1 200 OK"
2026-03-05 13:05:57,574 [INFO] HTTP Request: POST https://api.telegram.org/bot5800257941:AAHvixqllrdWAuavbQNpwgalzQrI9wkF5vs/getUpdates "HTTP/1.1 200 OK"
2026-03-05 13:06:07,675 [INFO] HTTP Request: POST https://api.telegram.org/bot5800257941:AAHvixqllrdWAuavbQNpwgalzQrI9wkF5vs/getUpdates "HTTP/1.1 200 OK"
2026-03-05 13:06:17,806 [INFO] HTTP Request: POST https://api.telegram.org/bot5800257941:AAHvixqllrdWAuavbQNpwgalzQrI9wkF5vs/getUpdates "HTTP/1.1 200 OK"
2026-03-05 13:06:27,905 [INFO] HTTP Request: POST https://api.telegram.org/bot5800257941:AAHvixqllrdWAuavbQNpwgalzQrI9wkF5vs/getUpdates "HTTP/1.1 200 OK"
2026-03-05 13:06:38,008 [INFO] HTTP Request: POST https://api.telegram.org/bot5800257941:AAHvixqllrdWAuavbQNpwgalzQrI9wkF5vs/getUpdates "HTTP/1.1 200 OK"
2026-03-05 13:06:48,103 [INFO] HTTP Request: POST https://api.telegram.org/bot5800257941:AAHvixqllrdWAuavbQNpwgalzQrI9wkF5vs/getUpdates "HTTP/1.1 200 OK"
2026-03-05 13:06:58,200 [INFO] HTTP Request: POST https://api.telegram.org/bot5800257941:AAHvixqllrdWAuavbQNpwgalzQrI9wkF5vs/getUpdates "HTTP/1.1 200 OK"
2026-03-05 13:07:08,304 [INFO] HTTP Request: POST https://api.telegram.org/bot5800257941:AAHvixqllrdWAuavbQNpwgalzQrI9wkF5vs/getUpdates "HTTP/1.1 200 OK"
2026-03-05 13:07:18,411 [INFO] HTTP Request: POST https://api.telegram.org/bot5800257941:AAHvixqllrdWAuavbQNpwgalzQrI9wkF5vs/getUpdates "HTTP/1.1 200 OK"
2026-03-05 13:07:28,508 [INFO] HTTP Request: POST https://api.telegram.org/bot5800257941:AAHvixqllrdWAuavbQNpwgalzQrI9wkF5vs/getUpdates "HTTP/1.1 200 OK"
2026-03-05 13:07:38,711 [INFO] HTTP Request: POST https://api.telegram.org/bot5800257941:AAHvixqllrdWAuavbQNpwgalzQrI9wkF5vs/getUpdates "HTTP/1.1 200 OK"
2026-03-05 13:07:48,820 [INFO] HTTP Request: POST https://api.telegram.org/bot5800257941:AAHvixqllrdWAuavbQNpwgalzQrI9wkF5vs/getUpdates "HTTP/1.1 200 OK"
2026-03-05 13:07:58,920 [INFO] HTTP Request: POST https://api.telegram.org/bot5800257941:AAHvixqllrdWAuavbQNpwgalzQrI9wkF5vs/getUpdates "HTTP/1.1 200 OK"
2026-03-05 13:08:09,018 [INFO] HTTP Request: POST https://api.telegram.org/bot5800257941:AAHvixqllrdWAuavbQNpwgalzQrI9wkF5vs/getUpdates "HTTP/1.1 200 OK"
2026-03-05 13:08:19,117 [INFO] HTTP Request: POST https://api.telegram.org/bot5800257941:AAHvixqllrdWAuavbQNpwgalzQrI9wkF5vs/getUpdates "HTTP/1.1 200 OK"
2026-03-05 13:08:29,222 [INFO] HTTP Request: POST https://api.telegram.org/bot5800257941:AAHvixqllrdWAuavbQNpwgalzQrI9wkF5vs/getUpdates "HTTP/1.1 200 OK"
2026-03-05 13:08:39,348 [INFO] HTTP Request: POST https://api.telegram.org/bot5800257941:AAHvixqllrdWAuavbQNpwgalzQrI9wkF5vs/getUpdates "HTTP/1.1 200 OK"
2026-03-05 13:08:49,444 [INFO] HTTP Request: POST https://api.telegram.org/bot5800257941:AAHvixqllrdWAuavbQNpwgalzQrI9wkF5vs/getUpdates "HTTP/1.1 200 OK"
2026-03-05 13:08:59,540 [INFO] HTTP Request: POST https://api.telegram.org/bot5800257941:AAHvixqllrdWAuavbQNpwgalzQrI9wkF5vs/getUpdates "HTTP/1.1 200 OK"
2026-03-05 13:09:09,638 [INFO] HTTP Request: POST https://api.telegram.org/bot5800257941:AAHvixqllrdWAuavbQNpwgalzQrI9wkF5vs/getUpdates "HTTP/1.1 200 OK"
2026-03-05 13:09:19,734 [INFO] HTTP Request: POST https://api.telegram.org/bot5800257941:AAHvixqllrdWAuavbQNpwgalzQrI9wkF5vs/getUpdates "HTTP/1.1 200 OK"
2026-03-05 13:09:29,833 [INFO] HTTP Request: POST https://api.telegram.org/bot5800257941:AAHvixqllrdWAuavbQNpwgalzQrI9wkF5vs/getUpdates "HTTP/1.1 200 OK"
2026-03-05 13:09:39,930 [INFO] HTTP Request: POST https://api.telegram.org/bot5800257941:AAHvixqllrdWAuavbQNpwgalzQrI9wkF5vs/getUpdates "HTTP/1.1 200 OK"
2026-03-05 13:09:50,025 [INFO] HTTP Request: POST https://api.telegram.org/bot5800257941:AAHvixqllrdWAuavbQNpwgalzQrI9wkF5vs/getUpdates "HTTP/1.1 200 OK"
2026-03-05 13:10:00,175 [INFO] HTTP Request: POST https://api.telegram.org/bot5800257941:AAHvixqllrdWAuavbQNpwgalzQrI9wkF5vs/getUpdates "HTTP/1.1 200 OK"
2026-03-05 13:10:10,711 [INFO] HTTP Request: POST https://api.telegram.org/bot5800257941:AAHvixqllrdWAuavbQNpwgalzQrI9wkF5vs/getUpdates "HTTP/1.1 200 OK"
2026-03-05 13:10:20,808 [INFO] HTTP Request: POST https://api.telegram.org/bot5800257941:AAHvixqllrdWAuavbQNpwgalzQrI9wkF5vs/getUpdates "HTTP/1.1 200 OK"
2026-03-05 13:10:30,908 [INFO] HTTP Request: POST https://api.telegram.org/bot5800257941:AAHvixqllrdWAuavbQNpwgalzQrI9wkF5vs/getUpdates "HTTP/1.1 200 OK"
2026-03-05 13:10:41,020 [INFO] HTTP Request: POST https://api.telegram.org/bot5800257941:AAHvixqllrdWAuavbQNpwgalzQrI9wkF5vs/getUpdates "HTTP/1.1 200 OK"
2026-03-05 13:10:51,120 [INFO] HTTP Request: POST https://api.telegram.org/bot5800257941:AAHvixqllrdWAuavbQNpwgalzQrI9wkF5vs/getUpdates "HTTP/1.1 200 OK"
2026-03-05 13:11:01,218 [INFO] HTTP Request: POST https://api.telegram.org/bot5800257941:AAHvixqllrdWAuavbQNpwgalzQrI9wkF5vs/getUpdates "HTTP/1.1 200 OK"
2026-03-05 13:11:11,339 [INFO] HTTP Request: POST https://api.telegram.org/bot5800257941:AAHvixqllrdWAuavbQNpwgalzQrI9wkF5vs/getUpdates "HTTP/1.1 200 OK"
2026-03-05 13:11:21,462 [INFO] HTTP Request: POST https://api.telegram.org/bot5800257941:AAHvixqllrdWAuavbQNpwgalzQrI9wkF5vs/getUpdates "HTTP/1.1 200 OK"
2026-03-05 13:11:31,566 [INFO] HTTP Request: POST https://api.telegram.org/bot5800257941:AAHvixqllrdWAuavbQNpwgalzQrI9wkF5vs/getUpdates "HTTP/1.1 200 OK"
2026-03-05 13:11:41,667 [INFO] HTTP Request: POST https://api.telegram.org/bot5800257941:AAHvixqllrdWAuavbQNpwgalzQrI9wkF5vs/getUpdates "HTTP/1.1 200 OK"
2026-03-05 13:11:51,768 [INFO] HTTP Request: POST https://api.telegram.org/bot5800257941:AAHvixqllrdWAuavbQNpwgalzQrI9wkF5vs/getUpdates "HTTP/1.1 200 OK"
2026-03-05 13:12:01,866 [INFO] HTTP Request: POST https://api.telegram.org/bot5800257941:AAHvixqllrdWAuavbQNpwgalzQrI9wkF5vs/getUpdates "HTTP/1.1 200 OK"
2026-03-05 13:12:11,964 [INFO] HTTP Request: POST https://api.telegram.org/bot5800257941:AAHvixqllrdWAuavbQNpwgalzQrI9wkF5vs/getUpdates "HTTP/1.1 200 OK"
2026-03-05 13:12:22,063 [INFO] HTTP Request: POST https://api.telegram.org/bot5800257941:AAHvixqllrdWAuavbQNpwgalzQrI9wkF5vs/getUpdates "HTTP/1.1 200 OK"
2026-03-05 13:12:32,166 [INFO] HTTP Request: POST https://api.telegram.org/bot5800257941:AAHvixqllrdWAuavbQNpwgalzQrI9wkF5vs/getUpdates "HTTP/1.1 200 OK"
2026-03-05 13:12:42,265 [INFO] HTTP Request: POST https://api.telegram.org/bot5800257941:AAHvixqllrdWAuavbQNpwgalzQrI9wkF5vs/getUpdates "HTTP/1.1 200 OK"
2026-03-05 13:12:52,369 [INFO] HTTP Request: POST https://api.telegram.org/bot5800257941:AAHvixqllrdWAuavbQNpwgalzQrI9wkF5vs/getUpdates "HTTP/1.1 200 OK"
2026-03-05 13:13:02,468 [INFO] HTTP Request: POST https://api.telegram.org/bot5800257941:AAHvixqllrdWAuavbQNpwgalzQrI9wkF5vs/getUpdates "HTTP/1.1 200 OK"
2026-03-05 13:13:12,566 [INFO] HTTP Request: POST https://api.telegram.org/bot5800257941:AAHvixqllrdWAuavbQNpwgalzQrI9wkF5vs/getUpdates "HTTP/1.1 200 OK"
2026-03-05 13:13:22,665 [INFO] HTTP Request: POST https://api.telegram.org/bot5800257941:AAHvixqllrdWAuavbQNpwgalzQrI9wkF5vs/getUpdates "HTTP/1.1 200 OK"
2026-03-05 13:13:32,764 [INFO] HTTP Request: POST https://api.telegram.org/bot5800257941:AAHvixqllrdWAuavbQNpwgalzQrI9wkF5vs/getUpdates "HTTP/1.1 200 OK"
2026-03-05 13:13:42,862 [INFO] HTTP Request: POST https://api.telegram.org/bot5800257941:AAHvixqllrdWAuavbQNpwgalzQrI9wkF5vs/getUpdates "HTTP/1.1 200 OK"
2026-03-05 13:13:52,959 [INFO] HTTP Request: POST https://api.telegram.org/bot5800257941:AAHvixqllrdWAuavbQNpwgalzQrI9wkF5vs/getUpdates "HTTP/1.1 200 OK"
2026-03-05 13:14:03,059 [INFO] HTTP Request: POST https://api.telegram.org/bot5800257941:AAHvixqllrdWAuavbQNpwgalzQrI9wkF5vs/getUpdates "HTTP/1.1 200 OK"
2026-03-05 13:14:13,272 [INFO] HTTP Request: POST https://api.telegram.org/bot5800257941:AAHvixqllrdWAuavbQNpwgalzQrI9wkF5vs/getUpdates "HTTP/1.1 200 OK"
2026-03-05 13:14:23,418 [INFO] HTTP Request: POST https://api.telegram.org/bot5800257941:AAHvixqllrdWAuavbQNpwgalzQrI9wkF5vs/getUpdates "HTTP/1.1 200 OK"
2026-03-05 13:14:33,562 [INFO] HTTP Request: POST https://api.telegram.org/bot5800257941:AAHvixqllrdWAuavbQNpwgalzQrI9wkF5vs/getUpdates "HTTP/1.1 200 OK"
2026-03-05 13:14:43,663 [INFO] HTTP Request: POST https://api.telegram.org/bot5800257941:AAHvixqllrdWAuavbQNpwgalzQrI9wkF5vs/getUpdates "HTTP/1.1 200 OK"
2026-03-05 13:14:53,785 [INFO] HTTP Request: POST https://api.telegram.org/bot5800257941:AAHvixqllrdWAuavbQNpwgalzQrI9wkF5vs/getUpdates "HTTP/1.1 200 OK"
2026-03-05 13:15:03,885 [INFO] HTTP Request: POST https://api.telegram.org/bot5800257941:AAHvixqllrdWAuavbQNpwgalzQrI9wkF5vs/getUpdates "HTTP/1.1 200 OK"
2026-03-05 13:15:13,984 [INFO] HTTP Request: POST https://api.telegram.org/bot5800257941:AAHvixqllrdWAuavbQNpwgalzQrI9wkF5vs/getUpdates "HTTP/1.1 200 OK"
2026-03-05 13:15:24,083 [INFO] HTTP Request: POST https://api.telegram.org/bot5800257941:AAHvixqllrdWAuavbQNpwgalzQrI9wkF5vs/getUpdates "HTTP/1.1 200 OK"
2026-03-05 13:15:34,181 [INFO] HTTP Request: POST https://api.telegram.org/bot5800257941:AAHvixqllrdWAuavbQNpwgalzQrI9wkF5vs/getUpdates "HTTP/1.1 200 OK"
2026-03-05 13:15:44,304 [INFO] HTTP Request: POST https://api.telegram.org/bot5800257941:AAHvixqllrdWAuavbQNpwgalzQrI9wkF5vs/getUpdates "HTTP/1.1 200 OK"
2026-03-05 13:15:54,403 [INFO] HTTP Request: POST https://api.telegram.org/bot5800257941:AAHvixqllrdWAuavbQNpwgalzQrI9wkF5vs/getUpdates "HTTP/1.1 200 OK"
2026-03-05 13:16:04,502 [INFO] HTTP Request: POST https://api.telegram.org/bot5800257941:AAHvixqllrdWAuavbQNpwgalzQrI9wkF5vs/getUpdates "HTTP/1.1 200 OK"
2026-03-05 13:16:14,604 [INFO] HTTP Request: POST https://api.telegram.org/bot5800257941:AAHvixqllrdWAuavbQNpwgalzQrI9wkF5vs/getUpdates "HTTP/1.1 200 OK"
2026-03-05 13:16:24,702 [INFO] HTTP Request: POST https://api.telegram.org/bot5800257941:AAHvixqllrdWAuavbQNpwgalzQrI9wkF5vs/getUpdates "HTTP/1.1 200 OK"
2026-03-05 13:16:34,802 [INFO] HTTP Request: POST https://api.telegram.org/bot5800257941:AAHvixqllrdWAuavbQNpwgalzQrI9wkF5vs/getUpdates "HTTP/1.1 200 OK"
2026-03-05 13:16:44,900 [INFO] HTTP Request: POST https://api.telegram.org/bot5800257941:AAHvixqllrdWAuavbQNpwgalzQrI9wkF5vs/getUpdates "HTTP/1.1 200 OK"
2026-03-05 13:16:55,000 [INFO] HTTP Request: POST https://api.telegram.org/bot5800257941:AAHvixqllrdWAuavbQNpwgalzQrI9wkF5vs/getUpdates "HTTP/1.1 200 OK"
2026-03-05 13:17:05,099 [INFO] HTTP Request: POST https://api.telegram.org/bot5800257941:AAHvixqllrdWAuavbQNpwgalzQrI9wkF5vs/getUpdates "HTTP/1.1 200 OK"
2026-03-05 13:17:15,198 [INFO] HTTP Request: POST https://api.telegram.org/bot5800257941:AAHvixqllrdWAuavbQNpwgalzQrI9wkF5vs/getUpdates "HTTP/1.1 200 OK"
2026-03-05 13:17:25,296 [INFO] HTTP Request: POST https://api.telegram.org/bot5800257941:AAHvixqllrdWAuavbQNpwgalzQrI9wkF5vs/getUpdates "HTTP/1.1 200 OK"
2026-03-05 13:17:35,395 [INFO] HTTP Request: POST https://api.telegram.org/bot5800257941:AAHvixqllrdWAuavbQNpwgalzQrI9wkF5vs/getUpdates "HTTP/1.1 200 OK"
2026-03-05 13:17:45,494 [INFO] HTTP Request: POST https://api.telegram.org/bot5800257941:AAHvixqllrdWAuavbQNpwgalzQrI9wkF5vs/getUpdates "HTTP/1.1 200 OK"
2026-03-05 13:17:55,593 [INFO] HTTP Request: POST https://api.telegram.org/bot5800257941:AAHvixqllrdWAuavbQNpwgalzQrI9wkF5vs/getUpdates "HTTP/1.1 200 OK"
2026-03-05 13:18:05,692 [INFO] HTTP Request: POST https://api.telegram.org/bot5800257941:AAHvixqllrdWAuavbQNpwgalzQrI9wkF5vs/getUpdates "HTTP/1.1 200 OK"
2026-03-05 13:18:15,794 [INFO] HTTP Request: POST https://api.telegram.org/bot5800257941:AAHvixqllrdWAuavbQNpwgalzQrI9wkF5vs/getUpdates "HTTP/1.1 200 OK"
2026-03-05 13:18:25,896 [INFO] HTTP Request: POST https://api.telegram.org/bot5800257941:AAHvixqllrdWAuavbQNpwgalzQrI9wkF5vs/getUpdates "HTTP/1.1 200 OK"
2026-03-05 13:18:35,994 [INFO] HTTP Request: POST https://api.telegram.org/bot5800257941:AAHvixqllrdWAuavbQNpwgalzQrI9wkF5vs/getUpdates "HTTP/1.1 200 OK"
2026-03-05 13:18:46,093 [INFO] HTTP Request: POST https://api.telegram.org/bot5800257941:AAHvixqllrdWAuavbQNpwgalzQrI9wkF5vs/getUpdates "HTTP/1.1 200 OK"
2026-03-05 13:18:56,192 [INFO] HTTP Request: POST https://api.telegram.org/bot5800257941:AAHvixqllrdWAuavbQNpwgalzQrI9wkF5vs/getUpdates "HTTP/1.1 200 OK"
2026-03-05 13:19:06,298 [INFO] HTTP Request: POST https://api.telegram.org/bot5800257941:AAHvixqllrdWAuavbQNpwgalzQrI9wkF5vs/getUpdates "HTTP/1.1 200 OK"
2026-03-05 13:19:16,399 [INFO] HTTP Request: POST https://api.telegram.org/bot5800257941:AAHvixqllrdWAuavbQNpwgalzQrI9wkF5vs/getUpdates "HTTP/1.1 200 OK"
2026-03-05 13:19:26,498 [INFO] HTTP Request: POST https://api.telegram.org/bot5800257941:AAHvixqllrdWAuavbQNpwgalzQrI9wkF5vs/getUpdates "HTTP/1.1 200 OK"
2026-03-05 13:19:36,597 [INFO] HTTP Request: POST https://api.telegram.org/bot5800257941:AAHvixqllrdWAuavbQNpwgalzQrI9wkF5vs/getUpdates "HTTP/1.1 200 OK"
2026-03-05 13:19:46,695 [INFO] HTTP Request: POST https://api.telegram.org/bot5800257941:AAHvixqllrdWAuavbQNpwgalzQrI9wkF5vs/getUpdates "HTTP/1.1 200 OK"
2026-03-05 13:19:56,794 [INFO] HTTP Request: POST https://api.telegram.org/bot5800257941:AAHvixqllrdWAuavbQNpwgalzQrI9wkF5vs/getUpdates "HTTP/1.1 200 OK"
2026-03-05 13:20:06,892 [INFO] HTTP Request: POST https://api.telegram.org/bot5800257941:AAHvixqllrdWAuavbQNpwgalzQrI9wkF5vs/getUpdates "HTTP/1.1 200 OK"
2026-03-05 13:20:16,991 [INFO] HTTP Request: POST https://api.telegram.org/bot5800257941:AAHvixqllrdWAuavbQNpwgalzQrI9wkF5vs/getUpdates "HTTP/1.1 200 OK"
2026-03-05 13:20:27,091 [INFO] HTTP Request: POST https://api.telegram.org/bot5800257941:AAHvixqllrdWAuavbQNpwgalzQrI9wkF5vs/getUpdates "HTTP/1.1 200 OK"
2026-03-05 13:20:37,190 [INFO] HTTP Request: POST https://api.telegram.org/bot5800257941:AAHvixqllrdWAuavbQNpwgalzQrI9wkF5vs/getUpdates "HTTP/1.1 200 OK"
2026-03-05 13:20:47,294 [INFO] HTTP Request: POST https://api.telegram.org/bot5800257941:AAHvixqllrdWAuavbQNpwgalzQrI9wkF5vs/getUpdates "HTTP/1.1 200 OK"
2026-03-05 13:20:57,393 [INFO] HTTP Request: POST https://api.telegram.org/bot5800257941:AAHvixqllrdWAuavbQNpwgalzQrI9wkF5vs/getUpdates "HTTP/1.1 200 OK"
2026-03-05 13:21:07,493 [INFO] HTTP Request: POST https://api.telegram.org/bot5800257941:AAHvixqllrdWAuavbQNpwgalzQrI9wkF5vs/getUpdates "HTTP/1.1 200 OK"
2026-03-05 13:21:17,591 [INFO] HTTP Request: POST https://api.telegram.org/bot5800257941:AAHvixqllrdWAuavbQNpwgalzQrI9wkF5vs/getUpdates "HTTP/1.1 200 OK"
2026-03-05 13:21:27,690 [INFO] HTTP Request: POST https://api.telegram.org/bot5800257941:AAHvixqllrdWAuavbQNpwgalzQrI9wkF5vs/getUpdates "HTTP/1.1 200 OK"
2026-03-05 13:21:37,803 [INFO] HTTP Request: POST https://api.telegram.org/bot5800257941:AAHvixqllrdWAuavbQNpwgalzQrI9wkF5vs/getUpdates "HTTP/1.1 200 OK"
2026-03-05 13:21:47,902 [INFO] HTTP Request: POST https://api.telegram.org/bot5800257941:AAHvixqllrdWAuavbQNpwgalzQrI9wkF5vs/getUpdates "HTTP/1.1 200 OK"
2026-03-05 13:21:58,001 [INFO] HTTP Request: POST https://api.telegram.org/bot5800257941:AAHvixqllrdWAuavbQNpwgalzQrI9wkF5vs/getUpdates "HTTP/1.1 200 OK"
2026-03-05 13:22:08,099 [INFO] HTTP Request: POST https://api.telegram.org/bot5800257941:AAHvixqllrdWAuavbQNpwgalzQrI9wkF5vs/getUpdates "HTTP/1.1 200 OK"
2026-03-05 13:22:18,197 [INFO] HTTP Request: POST https://api.telegram.org/bot5800257941:AAHvixqllrdWAuavbQNpwgalzQrI9wkF5vs/getUpdates "HTTP/1.1 200 OK"
2026-03-05 13:22:28,297 [INFO] HTTP Request: POST https://api.telegram.org/bot5800257941:AAHvixqllrdWAuavbQNpwgalzQrI9wkF5vs/getUpdates "HTTP/1.1 200 OK"
2026-03-05 13:22:38,395 [INFO] HTTP Request: POST https://api.telegram.org/bot5800257941:AAHvixqllrdWAuavbQNpwgalzQrI9wkF5vs/getUpdates "HTTP/1.1 200 OK"
2026-03-05 13:22:48,505 [INFO] HTTP Request: POST https://api.telegram.org/bot5800257941:AAHvixqllrdWAuavbQNpwgalzQrI9wkF5vs/getUpdates "HTTP/1.1 200 OK"
2026-03-05 13:22:58,604 [INFO] HTTP Request: POST https://api.telegram.org/bot5800257941:AAHvixqllrdWAuavbQNpwgalzQrI9wkF5vs/getUpdates "HTTP/1.1 200 OK"
2026-03-05 13:23:08,705 [INFO] HTTP Request: POST https://api.telegram.org/bot5800257941:AAHvixqllrdWAuavbQNpwgalzQrI9wkF5vs/getUpdates "HTTP/1.1 200 OK"
2026-03-05 13:23:18,804 [INFO] HTTP Request: POST https://api.telegram.org/bot5800257941:AAHvixqllrdWAuavbQNpwgalzQrI9wkF5vs/getUpdates "HTTP/1.1 200 OK"
2026-03-05 13:23:28,902 [INFO] HTTP Request: POST https://api.telegram.org/bot5800257941:AAHvixqllrdWAuavbQNpwgalzQrI9wkF5vs/getUpdates "HTTP/1.1 200 OK"
2026-03-05 13:23:39,002 [INFO] HTTP Request: POST https://api.telegram.org/bot5800257941:AAHvixqllrdWAuavbQNpwgalzQrI9wkF5vs/getUpdates "HTTP/1.1 200 OK"
2026-03-05 13:23:49,102 [INFO] HTTP Request: POST https://api.telegram.org/bot5800257941:AAHvixqllrdWAuavbQNpwgalzQrI9wkF5vs/getUpdates "HTTP/1.1 200 OK"
2026-03-05 13:23:59,201 [INFO] HTTP Request: POST https://api.telegram.org/bot5800257941:AAHvixqllrdWAuavbQNpwgalzQrI9wkF5vs/getUpdates "HTTP/1.1 200 OK"
2026-03-05 13:24:09,300 [INFO] HTTP Request: POST https://api.telegram.org/bot5800257941:AAHvixqllrdWAuavbQNpwgalzQrI9wkF5vs/getUpdates "HTTP/1.1 200 OK"
2026-03-05 13:24:19,398 [INFO] HTTP Request: POST https://api.telegram.org/bot5800257941:AAHvixqllrdWAuavbQNpwgalzQrI9wkF5vs/getUpdates "HTTP/1.1 200 OK"
2026-03-05 13:24:29,498 [INFO] HTTP Request: POST https://api.telegram.org/bot5800257941:AAHvixqllrdWAuavbQNpwgalzQrI9wkF5vs/getUpdates "HTTP/1.1 200 OK"
2026-03-05 13:24:39,596 [INFO] HTTP Request: POST https://api.telegram.org/bot5800257941:AAHvixqllrdWAuavbQNpwgalzQrI9wkF5vs/getUpdates "HTTP/1.1 200 OK"
2026-03-05 13:24:49,694 [INFO] HTTP Request: POST https://api.telegram.org/bot5800257941:AAHvixqllrdWAuavbQNpwgalzQrI9wkF5vs/getUpdates "HTTP/1.1 200 OK"
2026-03-05 13:24:59,793 [INFO] HTTP Request: POST https://api.telegram.org/bot5800257941:AAHvixqllrdWAuavbQNpwgalzQrI9wkF5vs/getUpdates "HTTP/1.1 200 OK"
2026-03-05 13:25:09,902 [INFO] HTTP Request: POST https://api.telegram.org/bot5800257941:AAHvixqllrdWAuavbQNpwgalzQrI9wkF5vs/getUpdates "HTTP/1.1 200 OK"
2026-03-05 13:25:20,001 [INFO] HTTP Request: POST https://api.telegram.org/bot5800257941:AAHvixqllrdWAuavbQNpwgalzQrI9wkF5vs/getUpdates "HTTP/1.1 200 OK"
2026-03-05 13:25:30,100 [INFO] HTTP Request: POST https://api.telegram.org/bot5800257941:AAHvixqllrdWAuavbQNpwgalzQrI9wkF5vs/getUpdates "HTTP/1.1 200 OK"
2026-03-05 13:25:40,198 [INFO] HTTP Request: POST https://api.telegram.org/bot5800257941:AAHvixqllrdWAuavbQNpwgalzQrI9wkF5vs/getUpdates "HTTP/1.1 200 OK"
2026-03-05 13:25:50,298 [INFO] HTTP Request: POST https://api.telegram.org/bot5800257941:AAHvixqllrdWAuavbQNpwgalzQrI9wkF5vs/getUpdates "HTTP/1.1 200 OK"
2026-03-05 13:26:00,399 [INFO] HTTP Request: POST https://api.telegram.org/bot5800257941:AAHvixqllrdWAuavbQNpwgalzQrI9wkF5vs/getUpdates "HTTP/1.1 200 OK"
2026-03-05 13:26:10,498 [INFO] HTTP Request: POST https://api.telegram.org/bot5800257941:AAHvixqllrdWAuavbQNpwgalzQrI9wkF5vs/getUpdates "HTTP/1.1 200 OK"
2026-03-05 13:26:20,598 [INFO] HTTP Request: POST https://api.telegram.org/bot5800257941:AAHvixqllrdWAuavbQNpwgalzQrI9wkF5vs/getUpdates "HTTP/1.1 200 OK"
2026-03-05 13:26:30,696 [INFO] HTTP Request: POST https://api.telegram.org/bot5800257941:AAHvixqllrdWAuavbQNpwgalzQrI9wkF5vs/getUpdates "HTTP/1.1 200 OK"
2026-03-05 13:26:40,794 [INFO] HTTP Request: POST https://api.telegram.org/bot5800257941:AAHvixqllrdWAuavbQNpwgalzQrI9wkF5vs/getUpdates "HTTP/1.1 200 OK"
2026-03-05 13:26:50,893 [INFO] HTTP Request: POST https://api.telegram.org/bot5800257941:AAHvixqllrdWAuavbQNpwgalzQrI9wkF5vs/getUpdates "HTTP/1.1 200 OK"
2026-03-05 13:27:01,274 [INFO] HTTP Request: POST https://api.telegram.org/bot5800257941:AAHvixqllrdWAuavbQNpwgalzQrI9wkF5vs/getUpdates "HTTP/1.1 200 OK"
2026-03-05 13:27:11,374 [INFO] HTTP Request: POST https://api.telegram.org/bot5800257941:AAHvixqllrdWAuavbQNpwgalzQrI9wkF5vs/getUpdates "HTTP/1.1 200 OK"
2026-03-05 13:27:21,474 [INFO] HTTP Request: POST https://api.telegram.org/bot5800257941:AAHvixqllrdWAuavbQNpwgalzQrI9wkF5vs/getUpdates "HTTP/1.1 200 OK"
2026-03-05 13:27:31,575 [INFO] HTTP Request: POST https://api.telegram.org/bot5800257941:AAHvixqllrdWAuavbQNpwgalzQrI9wkF5vs/getUpdates "HTTP/1.1 200 OK"
2026-03-05 13:27:41,676 [INFO] HTTP Request: POST https://api.telegram.org/bot5800257941:AAHvixqllrdWAuavbQNpwgalzQrI9wkF5vs/getUpdates "HTTP/1.1 200 OK"
2026-03-05 13:27:51,775 [INFO] HTTP Request: POST https://api.telegram.org/bot5800257941:AAHvixqllrdWAuavbQNpwgalzQrI9wkF5vs/getUpdates "HTTP/1.1 200 OK"
2026-03-05 13:28:01,877 [INFO] HTTP Request: POST https://api.telegram.org/bot5800257941:AAHvixqllrdWAuavbQNpwgalzQrI9wkF5vs/getUpdates "HTTP/1.1 200 OK"
2026-03-05 13:28:11,976 [INFO] HTTP Request: POST https://api.telegram.org/bot5800257941:AAHvixqllrdWAuavbQNpwgalzQrI9wkF5vs/getUpdates "HTTP/1.1 200 OK"
2026-03-05 13:28:22,078 [INFO] HTTP Request: POST https://api.telegram.org/bot5800257941:AAHvixqllrdWAuavbQNpwgalzQrI9wkF5vs/getUpdates "HTTP/1.1 200 OK"
2026-03-05 13:28:32,177 [INFO] HTTP Request: POST https://api.telegram.org/bot5800257941:AAHvixqllrdWAuavbQNpwgalzQrI9wkF5vs/getUpdates "HTTP/1.1 200 OK"
2026-03-05 13:28:42,277 [INFO] HTTP Request: POST https://api.telegram.org/bot5800257941:AAHvixqllrdWAuavbQNpwgalzQrI9wkF5vs/getUpdates "HTTP/1.1 200 OK"
2026-03-05 13:28:52,377 [INFO] HTTP Request: POST https://api.telegram.org/bot5800257941:AAHvixqllrdWAuavbQNpwgalzQrI9wkF5vs/getUpdates "HTTP/1.1 200 OK"
2026-03-05 13:29:02,477 [INFO] HTTP Request: POST https://api.telegram.org/bot5800257941:AAHvixqllrdWAuavbQNpwgalzQrI9wkF5vs/getUpdates "HTTP/1.1 200 OK"
2026-03-05 13:29:12,576 [INFO] HTTP Request: POST https://api.telegram.org/bot5800257941:AAHvixqllrdWAuavbQNpwgalzQrI9wkF5vs/getUpdates "HTTP/1.1 200 OK"
2026-03-05 13:29:22,675 [INFO] HTTP Request: POST https://api.telegram.org/bot5800257941:AAHvixqllrdWAuavbQNpwgalzQrI9wkF5vs/getUpdates "HTTP/1.1 200 OK"
2026-03-05 13:29:32,774 [INFO] HTTP Request: POST https://api.telegram.org/bot5800257941:AAHvixqllrdWAuavbQNpwgalzQrI9wkF5vs/getUpdates "HTTP/1.1 200 OK"
2026-03-05 13:29:42,873 [INFO] HTTP Request: POST https://api.telegram.org/bot5800257941:AAHvixqllrdWAuavbQNpwgalzQrI9wkF5vs/getUpdates "HTTP/1.1 200 OK"
2026-03-05 13:29:49,340 [INFO] HTTP Request: POST https://api.telegram.org/bot5800257941:AAHvixqllrdWAuavbQNpwgalzQrI9wkF5vs/getUpdates "HTTP/1.1 200 OK"
2026-03-05 13:29:49,747 [INFO] HTTP Request: POST https://api.telegram.org/bot5800257941:AAHvixqllrdWAuavbQNpwgalzQrI9wkF5vs/sendMessage "HTTP/1.1 200 OK"
2026-03-05 13:29:49,750 [INFO] So'rov [694727943]: config.py faylini ko'rsat
2026-03-05 13:29:49,775 [INFO] Using bundled Claude Code CLI: /home/muzaffar/snap/code/226/.local/share/virtualenvs/awt_claude-ATjes9Jb/lib/python3.12/site-packages/claude_agent_sdk/_bundled/claude
2026-03-05 13:29:50,062 [WARNING] child process pid 108277 exit status already read:  will report returncode 255
2026-03-05 13:29:54,695 [INFO] HTTP Request: POST https://api.telegram.org/bot5800257941:AAHvixqllrdWAuavbQNpwgalzQrI9wkF5vs/editMessageText "HTTP/1.1 200 OK"
2026-03-05 13:29:54,868 [INFO] HTTP Request: POST https://api.telegram.org/bot5800257941:AAHvixqllrdWAuavbQNpwgalzQrI9wkF5vs/editMessageText "HTTP/1.1 200 OK"
2026-03-05 13:29:59,450 [INFO] HTTP Request: POST https://api.telegram.org/bot5800257941:AAHvixqllrdWAuavbQNpwgalzQrI9wkF5vs/getUpdates "HTTP/1.1 200 OK"
2026-03-05 13:30:02,332 [INFO] HTTP Request: POST https://api.telegram.org/bot5800257941:AAHvixqllrdWAuavbQNpwgalzQrI9wkF5vs/editMessageText "HTTP/1.1 200 OK"
2026-03-05 13:30:02,860 [INFO] HTTP Request: POST https://api.telegram.org/bot5800257941:AAHvixqllrdWAuavbQNpwgalzQrI9wkF5vs/editMessageText "HTTP/1.1 200 OK"
2026-03-05 13:30:09,550 [INFO] HTTP Request: POST https://api.telegram.org/bot5800257941:AAHvixqllrdWAuavbQNpwgalzQrI9wkF5vs/getUpdates "HTTP/1.1 200 OK"
2026-03-05 13:30:19,649 [INFO] HTTP Request: POST https://api.telegram.org/bot5800257941:AAHvixqllrdWAuavbQNpwgalzQrI9wkF5vs/getUpdates "HTTP/1.1 200 OK"
2026-03-05 13:30:29,750 [INFO] HTTP Request: POST https://api.telegram.org/bot5800257941:AAHvixqllrdWAuavbQNpwgalzQrI9wkF5vs/getUpdates "HTTP/1.1 200 OK"
2026-03-05 13:30:30,962 [INFO] HTTP Request: POST https://api.telegram.org/bot5800257941:AAHvixqllrdWAuavbQNpwgalzQrI9wkF5vs/getUpdates "HTTP/1.1 200 OK"
2026-03-05 13:30:41,063 [INFO] HTTP Request: POST https://api.telegram.org/bot5800257941:AAHvixqllrdWAuavbQNpwgalzQrI9wkF5vs/getUpdates "HTTP/1.1 200 OK"
2026-03-05 13:30:51,163 [INFO] HTTP Request: POST https://api.telegram.org/bot5800257941:AAHvixqllrdWAuavbQNpwgalzQrI9wkF5vs/getUpdates "HTTP/1.1 200 OK"
2026-03-05 13:31:01,263 [INFO] HTTP Request: POST https://api.telegram.org/bot5800257941:AAHvixqllrdWAuavbQNpwgalzQrI9wkF5vs/getUpdates "HTTP/1.1 200 OK"
2026-03-05 13:31:06,239 [INFO] HTTP Request: POST https://api.telegram.org/bot5800257941:AAHvixqllrdWAuavbQNpwgalzQrI9wkF5vs/getUpdates "HTTP/1.1 200 OK"
2026-03-05 13:31:06,646 [INFO] HTTP Request: POST https://api.telegram.org/bot5800257941:AAHvixqllrdWAuavbQNpwgalzQrI9wkF5vs/sendMessage "HTTP/1.1 200 OK"
2026-03-05 13:31:06,647 [INFO] So'rov [694727943]: bot.py faylini o'qib chiq. U nima haqida?
2026-03-05 13:31:06,649 [INFO] Using bundled Claude Code CLI: /home/muzaffar/snap/code/226/.local/share/virtualenvs/awt_claude-ATjes9Jb/lib/python3.12/site-packages/claude_agent_sdk/_bundled/claude
2026-03-05 13:31:10,352 [INFO] HTTP Request: POST https://api.telegram.org/bot5800257941:AAHvixqllrdWAuavbQNpwgalzQrI9wkF5vs/editMessageText "HTTP/1.1 200 OK"
2026-03-05 13:31:10,774 [INFO] HTTP Request: POST https://api.telegram.org/bot5800257941:AAHvixqllrdWAuavbQNpwgalzQrI9wkF5vs/editMessageText "HTTP/1.1 200 OK"
2026-03-05 13:31:16,341 [INFO] HTTP Request: POST https://api.telegram.org/bot5800257941:AAHvixqllrdWAuavbQNpwgalzQrI9wkF5vs/getUpdates "HTTP/1.1 200 OK"
2026-03-05 13:31:26,442 [INFO] HTTP Request: POST https://api.telegram.org/bot5800257941:AAHvixqllrdWAuavbQNpwgalzQrI9wkF5vs/getUpdates "HTTP/1.1 200 OK"
2026-03-05 13:31:27,542 [INFO] HTTP Request: POST https://api.telegram.org/bot5800257941:AAHvixqllrdWAuavbQNpwgalzQrI9wkF5vs/editMessageText "HTTP/1.1 200 OK"
2026-03-05 13:31:27,739 [INFO] HTTP Request: POST https://api.telegram.org/bot5800257941:AAHvixqllrdWAuavbQNpwgalzQrI9wkF5vs/editMessageText "HTTP/1.1 200 OK"
2026-03-05 13:31:36,577 [INFO] HTTP Request: POST https://api.telegram.org/bot5800257941:AAHvixqllrdWAuavbQNpwgalzQrI9wkF5vs/getUpdates "HTTP/1.1 200 OK"
2026-03-05 13:31:46,677 [INFO] HTTP Request: POST https://api.telegram.org/bot5800257941:AAHvixqllrdWAuavbQNpwgalzQrI9wkF5vs/getUpdates "HTTP/1.1 200 OK"
2026-03-05 13:31:56,775 [INFO] HTTP Request: POST https://api.telegram.org/bot5800257941:AAHvixqllrdWAuavbQNpwgalzQrI9wkF5vs/getUpdates "HTTP/1.1 200 OK"
2026-03-05 13:32:06,874 [INFO] HTTP Request: POST https://api.telegram.org/bot5800257941:AAHvixqllrdWAuavbQNpwgalzQrI9wkF5vs/getUpdates "HTTP/1.1 200 OK"
2026-03-05 13:32:16,976 [INFO] HTTP Request: POST https://api.telegram.org/bot5800257941:AAHvixqllrdWAuavbQNpwgalzQrI9wkF5vs/getUpdates "HTTP/1.1 200 OK"
2026-03-05 13:32:27,076 [INFO] HTTP Request: POST https://api.telegram.org/bot5800257941:AAHvixqllrdWAuavbQNpwgalzQrI9wkF5vs/getUpdates "HTTP/1.1 200 OK"
2026-03-05 13:32:37,176 [INFO] HTTP Request: POST https://api.telegram.org/bot5800257941:AAHvixqllrdWAuavbQNpwgalzQrI9wkF5vs/getUpdates "HTTP/1.1 200 OK"
2026-03-05 13:32:47,275 [INFO] HTTP Request: POST https://api.telegram.org/bot5800257941:AAHvixqllrdWAuavbQNpwgalzQrI9wkF5vs/getUpdates "HTTP/1.1 200 OK"
2026-03-05 13:32:57,375 [INFO] HTTP Request: POST https://api.telegram.org/bot5800257941:AAHvixqllrdWAuavbQNpwgalzQrI9wkF5vs/getUpdates "HTTP/1.1 200 OK"
2026-03-05 13:33:07,474 [INFO] HTTP Request: POST https://api.telegram.org/bot5800257941:AAHvixqllrdWAuavbQNpwgalzQrI9wkF5vs/getUpdates "HTTP/1.1 200 OK"
2026-03-05 13:33:17,573 [INFO] HTTP Request: POST https://api.telegram.org/bot5800257941:AAHvixqllrdWAuavbQNpwgalzQrI9wkF5vs/getUpdates "HTTP/1.1 200 OK"
2026-03-05 13:33:27,672 [INFO] HTTP Request: POST https://api.telegram.org/bot5800257941:AAHvixqllrdWAuavbQNpwgalzQrI9wkF5vs/getUpdates "HTTP/1.1 200 OK"
2026-03-05 13:33:37,771 [INFO] HTTP Request: POST https://api.telegram.org/bot5800257941:AAHvixqllrdWAuavbQNpwgalzQrI9wkF5vs/getUpdates "HTTP/1.1 200 OK"
2026-03-05 13:33:47,872 [INFO] HTTP Request: POST https://api.telegram.org/bot5800257941:AAHvixqllrdWAuavbQNpwgalzQrI9wkF5vs/getUpdates "HTTP/1.1 200 OK"
2026-03-05 13:33:57,971 [INFO] HTTP Request: POST https://api.telegram.org/bot5800257941:AAHvixqllrdWAuavbQNpwgalzQrI9wkF5vs/getUpdates "HTTP/1.1 200 OK"
2026-03-05 13:34:08,072 [INFO] HTTP Request: POST https://api.telegram.org/bot5800257941:AAHvixqllrdWAuavbQNpwgalzQrI9wkF5vs/getUpdates "HTTP/1.1 200 OK"
2026-03-05 13:34:18,180 [INFO] HTTP Request: POST https://api.telegram.org/bot5800257941:AAHvixqllrdWAuavbQNpwgalzQrI9wkF5vs/getUpdates "HTTP/1.1 200 OK"
2026-03-05 13:34:28,280 [INFO] HTTP Request: POST https://api.telegram.org/bot5800257941:AAHvixqllrdWAuavbQNpwgalzQrI9wkF5vs/getUpdates "HTTP/1.1 200 OK"
2026-03-05 13:34:38,379 [INFO] HTTP Request: POST https://api.telegram.org/bot5800257941:AAHvixqllrdWAuavbQNpwgalzQrI9wkF5vs/getUpdates "HTTP/1.1 200 OK"
2026-03-05 13:34:48,479 [INFO] HTTP Request: POST https://api.telegram.org/bot5800257941:AAHvixqllrdWAuavbQNpwgalzQrI9wkF5vs/getUpdates "HTTP/1.1 200 OK"
2026-03-05 13:34:58,578 [INFO] HTTP Request: POST https://api.telegram.org/bot5800257941:AAHvixqllrdWAuavbQNpwgalzQrI9wkF5vs/getUpdates "HTTP/1.1 200 OK"
2026-03-05 13:35:08,678 [INFO] HTTP Request: POST https://api.telegram.org/bot5800257941:AAHvixqllrdWAuavbQNpwgalzQrI9wkF5vs/getUpdates "HTTP/1.1 200 OK"
2026-03-05 13:35:18,777 [INFO] HTTP Request: POST https://api.telegram.org/bot5800257941:AAHvixqllrdWAuavbQNpwgalzQrI9wkF5vs/getUpdates "HTTP/1.1 200 OK"
2026-03-05 13:35:28,876 [INFO] HTTP Request: POST https://api.telegram.org/bot5800257941:AAHvixqllrdWAuavbQNpwgalzQrI9wkF5vs/getUpdates "HTTP/1.1 200 OK"
2026-03-05 13:35:38,976 [INFO] HTTP Request: POST https://api.telegram.org/bot5800257941:AAHvixqllrdWAuavbQNpwgalzQrI9wkF5vs/getUpdates "HTTP/1.1 200 OK"
2026-03-05 13:35:49,075 [INFO] HTTP Request: POST https://api.telegram.org/bot5800257941:AAHvixqllrdWAuavbQNpwgalzQrI9wkF5vs/getUpdates "HTTP/1.1 200 OK"
2026-03-05 13:35:59,179 [INFO] HTTP Request: POST https://api.telegram.org/bot5800257941:AAHvixqllrdWAuavbQNpwgalzQrI9wkF5vs/getUpdates "HTTP/1.1 200 OK"
2026-03-05 13:36:09,279 [INFO] HTTP Request: POST https://api.telegram.org/bot5800257941:AAHvixqllrdWAuavbQNpwgalzQrI9wkF5vs/getUpdates "HTTP/1.1 200 OK"
2026-03-05 13:36:19,378 [INFO] HTTP Request: POST https://api.telegram.org/bot5800257941:AAHvixqllrdWAuavbQNpwgalzQrI9wkF5vs/getUpdates "HTTP/1.1 200 OK"
2026-03-05 13:36:29,477 [INFO] HTTP Request: POST https://api.telegram.org/bot5800257941:AAHvixqllrdWAuavbQNpwgalzQrI9wkF5vs/getUpdates "HTTP/1.1 200 OK"
2026-03-05 13:36:39,578 [INFO] HTTP Request: POST https://api.telegram.org/bot5800257941:AAHvixqllrdWAuavbQNpwgalzQrI9wkF5vs/getUpdates "HTTP/1.1 200 OK"
2026-03-05 13:36:49,677 [INFO] HTTP Request: POST https://api.telegram.org/bot5800257941:AAHvixqllrdWAuavbQNpwgalzQrI9wkF5vs/getUpdates "HTTP/1.1 200 OK"
2026-03-05 13:36:59,777 [INFO] HTTP Request: POST https://api.telegram.org/bot5800257941:AAHvixqllrdWAuavbQNpwgalzQrI9wkF5vs/getUpdates "HTTP/1.1 200 OK"
2026-03-05 13:37:09,876 [INFO] HTTP Request: POST https://api.telegram.org/bot5800257941:AAHvixqllrdWAuavbQNpwgalzQrI9wkF5vs/getUpdates "HTTP/1.1 200 OK"
2026-03-05 13:37:19,974 [INFO] HTTP Request: POST https://api.telegram.org/bot5800257941:AAHvixqllrdWAuavbQNpwgalzQrI9wkF5vs/getUpdates "HTTP/1.1 200 OK"
2026-03-05 13:37:30,073 [INFO] HTTP Request: POST https://api.telegram.org/bot5800257941:AAHvixqllrdWAuavbQNpwgalzQrI9wkF5vs/getUpdates "HTTP/1.1 200 OK"
2026-03-05 13:37:40,172 [INFO] HTTP Request: POST https://api.telegram.org/bot5800257941:AAHvixqllrdWAuavbQNpwgalzQrI9wkF5vs/getUpdates "HTTP/1.1 200 OK"
2026-03-05 13:37:50,271 [INFO] HTTP Request: POST https://api.telegram.org/bot5800257941:AAHvixqllrdWAuavbQNpwgalzQrI9wkF5vs/getUpdates "HTTP/1.1 200 OK"
2026-03-05 13:38:00,370 [INFO] HTTP Request: POST https://api.telegram.org/bot5800257941:AAHvixqllrdWAuavbQNpwgalzQrI9wkF5vs/getUpdates "HTTP/1.1 200 OK"
2026-03-05 13:38:10,470 [INFO] HTTP Request: POST https://api.telegram.org/bot5800257941:AAHvixqllrdWAuavbQNpwgalzQrI9wkF5vs/getUpdates "HTTP/1.1 200 OK"
2026-03-05 13:38:20,569 [INFO] HTTP Request: POST https://api.telegram.org/bot5800257941:AAHvixqllrdWAuavbQNpwgalzQrI9wkF5vs/getUpdates "HTTP/1.1 200 OK"
2026-03-05 13:38:30,669 [INFO] HTTP Request: POST https://api.telegram.org/bot5800257941:AAHvixqllrdWAuavbQNpwgalzQrI9wkF5vs/getUpdates "HTTP/1.1 200 OK"
2026-03-05 13:38:40,769 [INFO] HTTP Request: POST https://api.telegram.org/bot5800257941:AAHvixqllrdWAuavbQNpwgalzQrI9wkF5vs/getUpdates "HTTP/1.1 200 OK"
2026-03-05 13:38:50,868 [INFO] HTTP Request: POST https://api.telegram.org/bot5800257941:AAHvixqllrdWAuavbQNpwgalzQrI9wkF5vs/getUpdates "HTTP/1.1 200 OK"
2026-03-05 13:39:00,968 [INFO] HTTP Request: POST https://api.telegram.org/bot5800257941:AAHvixqllrdWAuavbQNpwgalzQrI9wkF5vs/getUpdates "HTTP/1.1 200 OK"
2026-03-05 13:39:11,067 [INFO] HTTP Request: POST https://api.telegram.org/bot5800257941:AAHvixqllrdWAuavbQNpwgalzQrI9wkF5vs/getUpdates "HTTP/1.1 200 OK"
2026-03-05 13:39:21,167 [INFO] HTTP Request: POST https://api.telegram.org/bot5800257941:AAHvixqllrdWAuavbQNpwgalzQrI9wkF5vs/getUpdates "HTTP/1.1 200 OK"
2026-03-05 13:39:31,266 [INFO] HTTP Request: POST https://api.telegram.org/bot5800257941:AAHvixqllrdWAuavbQNpwgalzQrI9wkF5vs/getUpdates "HTTP/1.1 200 OK"
2026-03-05 13:39:41,410 [INFO] HTTP Request: POST https://api.telegram.org/bot5800257941:AAHvixqllrdWAuavbQNpwgalzQrI9wkF5vs/getUpdates "HTTP/1.1 200 OK"
2026-03-05 13:39:51,509 [INFO] HTTP Request: POST https://api.telegram.org/bot5800257941:AAHvixqllrdWAuavbQNpwgalzQrI9wkF5vs/getUpdates "HTTP/1.1 200 OK"
2026-03-05 13:40:01,609 [INFO] HTTP Request: POST https://api.telegram.org/bot5800257941:AAHvixqllrdWAuavbQNpwgalzQrI9wkF5vs/getUpdates "HTTP/1.1 200 OK"
2026-03-05 13:40:11,708 [INFO] HTTP Request: POST https://api.telegram.org/bot5800257941:AAHvixqllrdWAuavbQNpwgalzQrI9wkF5vs/getUpdates "HTTP/1.1 200 OK"
2026-03-05 13:40:21,807 [INFO] HTTP Request: POST https://api.telegram.org/bot5800257941:AAHvixqllrdWAuavbQNpwgalzQrI9wkF5vs/getUpdates "HTTP/1.1 200 OK"
2026-03-05 13:40:31,906 [INFO] HTTP Request: POST https://api.telegram.org/bot5800257941:AAHvixqllrdWAuavbQNpwgalzQrI9wkF5vs/getUpdates "HTTP/1.1 200 OK"
2026-03-05 13:40:42,039 [INFO] HTTP Request: POST https://api.telegram.org/bot5800257941:AAHvixqllrdWAuavbQNpwgalzQrI9wkF5vs/getUpdates "HTTP/1.1 200 OK"
2026-03-05 13:40:52,138 [INFO] HTTP Request: POST https://api.telegram.org/bot5800257941:AAHvixqllrdWAuavbQNpwgalzQrI9wkF5vs/getUpdates "HTTP/1.1 200 OK"
2026-03-05 13:41:02,237 [INFO] HTTP Request: POST https://api.telegram.org/bot5800257941:AAHvixqllrdWAuavbQNpwgalzQrI9wkF5vs/getUpdates "HTTP/1.1 200 OK"
2026-03-05 13:41:12,337 [INFO] HTTP Request: POST https://api.telegram.org/bot5800257941:AAHvixqllrdWAuavbQNpwgalzQrI9wkF5vs/getUpdates "HTTP/1.1 200 OK"
2026-03-05 13:41:22,437 [INFO] HTTP Request: POST https://api.telegram.org/bot5800257941:AAHvixqllrdWAuavbQNpwgalzQrI9wkF5vs/getUpdates "HTTP/1.1 200 OK"
2026-03-05 13:41:32,537 [INFO] HTTP Request: POST https://api.telegram.org/bot5800257941:AAHvixqllrdWAuavbQNpwgalzQrI9wkF5vs/getUpdates "HTTP/1.1 200 OK"
2026-03-05 13:41:42,637 [INFO] HTTP Request: POST https://api.telegram.org/bot5800257941:AAHvixqllrdWAuavbQNpwgalzQrI9wkF5vs/getUpdates "HTTP/1.1 200 OK"
2026-03-05 13:41:52,736 [INFO] HTTP Request: POST https://api.telegram.org/bot5800257941:AAHvixqllrdWAuavbQNpwgalzQrI9wkF5vs/getUpdates "HTTP/1.1 200 OK"
2026-03-05 13:42:02,836 [INFO] HTTP Request: POST https://api.telegram.org/bot5800257941:AAHvixqllrdWAuavbQNpwgalzQrI9wkF5vs/getUpdates "HTTP/1.1 200 OK"
2026-03-05 13:42:12,935 [INFO] HTTP Request: POST https://api.telegram.org/bot5800257941:AAHvixqllrdWAuavbQNpwgalzQrI9wkF5vs/getUpdates "HTTP/1.1 200 OK"
2026-03-05 13:42:23,035 [INFO] HTTP Request: POST https://api.telegram.org/bot5800257941:AAHvixqllrdWAuavbQNpwgalzQrI9wkF5vs/getUpdates "HTTP/1.1 200 OK"
2026-03-05 13:42:33,134 [INFO] HTTP Request: POST https://api.telegram.org/bot5800257941:AAHvixqllrdWAuavbQNpwgalzQrI9wkF5vs/getUpdates "HTTP/1.1 200 OK"
2026-03-05 13:42:43,233 [INFO] HTTP Request: POST https://api.telegram.org/bot5800257941:AAHvixqllrdWAuavbQNpwgalzQrI9wkF5vs/getUpdates "HTTP/1.1 200 OK"
2026-03-05 13:42:53,335 [INFO] HTTP Request: POST https://api.telegram.org/bot5800257941:AAHvixqllrdWAuavbQNpwgalzQrI9wkF5vs/getUpdates "HTTP/1.1 200 OK"
2026-03-05 13:43:03,434 [INFO] HTTP Request: POST https://api.telegram.org/bot5800257941:AAHvixqllrdWAuavbQNpwgalzQrI9wkF5vs/getUpdates "HTTP/1.1 200 OK"
2026-03-05 13:43:13,534 [INFO] HTTP Request: POST https://api.telegram.org/bot5800257941:AAHvixqllrdWAuavbQNpwgalzQrI9wkF5vs/getUpdates "HTTP/1.1 200 OK"
2026-03-05 13:43:23,633 [INFO] HTTP Request: POST https://api.telegram.org/bot5800257941:AAHvixqllrdWAuavbQNpwgalzQrI9wkF5vs/getUpdates "HTTP/1.1 200 OK"
2026-03-05 13:43:34,028 [INFO] HTTP Request: POST https://api.telegram.org/bot5800257941:AAHvixqllrdWAuavbQNpwgalzQrI9wkF5vs/getUpdates "HTTP/1.1 200 OK"
2026-03-05 13:43:44,142 [INFO] HTTP Request: POST https://api.telegram.org/bot5800257941:AAHvixqllrdWAuavbQNpwgalzQrI9wkF5vs/getUpdates "HTTP/1.1 200 OK"
2026-03-05 13:43:54,237 [INFO] HTTP Request: POST https://api.telegram.org/bot5800257941:AAHvixqllrdWAuavbQNpwgalzQrI9wkF5vs/getUpdates "HTTP/1.1 200 OK"
2026-03-05 13:44:04,329 [INFO] HTTP Request: POST https://api.telegram.org/bot5800257941:AAHvixqllrdWAuavbQNpwgalzQrI9wkF5vs/getUpdates "HTTP/1.1 200 OK"
2026-03-05 13:44:14,420 [INFO] HTTP Request: POST https://api.telegram.org/bot5800257941:AAHvixqllrdWAuavbQNpwgalzQrI9wkF5vs/getUpdates "HTTP/1.1 200 OK"
2026-03-05 13:44:24,511 [INFO] HTTP Request: POST https://api.telegram.org/bot5800257941:AAHvixqllrdWAuavbQNpwgalzQrI9wkF5vs/getUpdates "HTTP/1.1 200 OK"
2026-03-05 13:44:34,603 [INFO] HTTP Request: POST https://api.telegram.org/bot5800257941:AAHvixqllrdWAuavbQNpwgalzQrI9wkF5vs/getUpdates "HTTP/1.1 200 OK"
2026-03-05 13:44:44,696 [INFO] HTTP Request: POST https://api.telegram.org/bot5800257941:AAHvixqllrdWAuavbQNpwgalzQrI9wkF5vs/getUpdates "HTTP/1.1 200 OK"
2026-03-05 13:44:54,787 [INFO] HTTP Request: POST https://api.telegram.org/bot5800257941:AAHvixqllrdWAuavbQNpwgalzQrI9wkF5vs/getUpdates "HTTP/1.1 200 OK"
2026-03-05 13:45:04,878 [INFO] HTTP Request: POST https://api.telegram.org/bot5800257941:AAHvixqllrdWAuavbQNpwgalzQrI9wkF5vs/getUpdates "HTTP/1.1 200 OK"
2026-03-05 13:45:14,970 [INFO] HTTP Request: POST https://api.telegram.org/bot5800257941:AAHvixqllrdWAuavbQNpwgalzQrI9wkF5vs/getUpdates "HTTP/1.1 200 OK"
2026-03-05 13:45:25,060 [INFO] HTTP Request: POST https://api.telegram.org/bot5800257941:AAHvixqllrdWAuavbQNpwgalzQrI9wkF5vs/getUpdates "HTTP/1.1 200 OK"
2026-03-05 13:45:35,151 [INFO] HTTP Request: POST https://api.telegram.org/bot5800257941:AAHvixqllrdWAuavbQNpwgalzQrI9wkF5vs/getUpdates "HTTP/1.1 200 OK"
2026-03-05 13:45:45,242 [INFO] HTTP Request: POST https://api.telegram.org/bot5800257941:AAHvixqllrdWAuavbQNpwgalzQrI9wkF5vs/getUpdates "HTTP/1.1 200 OK"
2026-03-05 13:45:55,333 [INFO] HTTP Request: POST https://api.telegram.org/bot5800257941:AAHvixqllrdWAuavbQNpwgalzQrI9wkF5vs/getUpdates "HTTP/1.1 200 OK"
2026-03-05 13:46:05,435 [INFO] HTTP Request: POST https://api.telegram.org/bot5800257941:AAHvixqllrdWAuavbQNpwgalzQrI9wkF5vs/getUpdates "HTTP/1.1 200 OK"
2026-03-05 13:46:15,527 [INFO] HTTP Request: POST https://api.telegram.org/bot5800257941:AAHvixqllrdWAuavbQNpwgalzQrI9wkF5vs/getUpdates "HTTP/1.1 200 OK"
2026-03-05 13:46:25,618 [INFO] HTTP Request: POST https://api.telegram.org/bot5800257941:AAHvixqllrdWAuavbQNpwgalzQrI9wkF5vs/getUpdates "HTTP/1.1 200 OK"
2026-03-05 13:46:35,709 [INFO] HTTP Request: POST https://api.telegram.org/bot5800257941:AAHvixqllrdWAuavbQNpwgalzQrI9wkF5vs/getUpdates "HTTP/1.1 200 OK"
2026-03-05 13:46:45,799 [INFO] HTTP Request: POST https://api.telegram.org/bot5800257941:AAHvixqllrdWAuavbQNpwgalzQrI9wkF5vs/getUpdates "HTTP/1.1 200 OK"
2026-03-05 13:46:55,890 [INFO] HTTP Request: POST https://api.telegram.org/bot5800257941:AAHvixqllrdWAuavbQNpwgalzQrI9wkF5vs/getUpdates "HTTP/1.1 200 OK"
2026-03-05 13:47:05,981 [INFO] HTTP Request: POST https://api.telegram.org/bot5800257941:AAHvixqllrdWAuavbQNpwgalzQrI9wkF5vs/getUpdates "HTTP/1.1 200 OK"
2026-03-05 13:47:16,072 [INFO] HTTP Request: POST https://api.telegram.org/bot5800257941:AAHvixqllrdWAuavbQNpwgalzQrI9wkF5vs/getUpdates "HTTP/1.1 200 OK"
2026-03-05 13:47:26,194 [INFO] HTTP Request: POST https://api.telegram.org/bot5800257941:AAHvixqllrdWAuavbQNpwgalzQrI9wkF5vs/getUpdates "HTTP/1.1 200 OK"
2026-03-05 13:47:36,285 [INFO] HTTP Request: POST https://api.telegram.org/bot5800257941:AAHvixqllrdWAuavbQNpwgalzQrI9wkF5vs/getUpdates "HTTP/1.1 200 OK"
2026-03-05 13:47:46,379 [INFO] HTTP Request: POST https://api.telegram.org/bot5800257941:AAHvixqllrdWAuavbQNpwgalzQrI9wkF5vs/getUpdates "HTTP/1.1 200 OK"
2026-03-05 13:47:56,470 [INFO] HTTP Request: POST https://api.telegram.org/bot5800257941:AAHvixqllrdWAuavbQNpwgalzQrI9wkF5vs/getUpdates "HTTP/1.1 200 OK"
2026-03-05 13:48:06,561 [INFO] HTTP Request: POST https://api.telegram.org/bot5800257941:AAHvixqllrdWAuavbQNpwgalzQrI9wkF5vs/getUpdates "HTTP/1.1 200 OK"
2026-03-05 13:48:16,652 [INFO] HTTP Request: POST https://api.telegram.org/bot5800257941:AAHvixqllrdWAuavbQNpwgalzQrI9wkF5vs/getUpdates "HTTP/1.1 200 OK"
2026-03-05 13:48:26,742 [INFO] HTTP Request: POST https://api.telegram.org/bot5800257941:AAHvixqllrdWAuavbQNpwgalzQrI9wkF5vs/getUpdates "HTTP/1.1 200 OK"
2026-03-05 13:48:36,832 [INFO] HTTP Request: POST https://api.telegram.org/bot5800257941:AAHvixqllrdWAuavbQNpwgalzQrI9wkF5vs/getUpdates "HTTP/1.1 200 OK"
2026-03-05 13:48:46,923 [INFO] HTTP Request: POST https://api.telegram.org/bot5800257941:AAHvixqllrdWAuavbQNpwgalzQrI9wkF5vs/getUpdates "HTTP/1.1 200 OK"
2026-03-05 13:48:57,014 [INFO] HTTP Request: POST https://api.telegram.org/bot5800257941:AAHvixqllrdWAuavbQNpwgalzQrI9wkF5vs/getUpdates "HTTP/1.1 200 OK"
2026-03-05 13:49:07,107 [INFO] HTTP Request: POST https://api.telegram.org/bot5800257941:AAHvixqllrdWAuavbQNpwgalzQrI9wkF5vs/getUpdates "HTTP/1.1 200 OK"
2026-03-05 13:49:17,198 [INFO] HTTP Request: POST https://api.telegram.org/bot5800257941:AAHvixqllrdWAuavbQNpwgalzQrI9wkF5vs/getUpdates "HTTP/1.1 200 OK"
2026-03-05 13:49:27,289 [INFO] HTTP Request: POST https://api.telegram.org/bot5800257941:AAHvixqllrdWAuavbQNpwgalzQrI9wkF5vs/getUpdates "HTTP/1.1 200 OK"
2026-03-05 13:49:37,380 [INFO] HTTP Request: POST https://api.telegram.org/bot5800257941:AAHvixqllrdWAuavbQNpwgalzQrI9wkF5vs/getUpdates "HTTP/1.1 200 OK"
2026-03-05 13:49:47,471 [INFO] HTTP Request: POST https://api.telegram.org/bot5800257941:AAHvixqllrdWAuavbQNpwgalzQrI9wkF5vs/getUpdates "HTTP/1.1 200 OK"
2026-03-05 13:49:57,563 [INFO] HTTP Request: POST https://api.telegram.org/bot5800257941:AAHvixqllrdWAuavbQNpwgalzQrI9wkF5vs/getUpdates "HTTP/1.1 200 OK"
2026-03-05 13:50:07,654 [INFO] HTTP Request: POST https://api.telegram.org/bot5800257941:AAHvixqllrdWAuavbQNpwgalzQrI9wkF5vs/getUpdates "HTTP/1.1 200 OK"
2026-03-05 13:50:17,769 [INFO] HTTP Request: POST https://api.telegram.org/bot5800257941:AAHvixqllrdWAuavbQNpwgalzQrI9wkF5vs/getUpdates "HTTP/1.1 200 OK"
2026-03-05 13:50:27,860 [INFO] HTTP Request: POST https://api.telegram.org/bot5800257941:AAHvixqllrdWAuavbQNpwgalzQrI9wkF5vs/getUpdates "HTTP/1.1 200 OK"
2026-03-05 13:50:37,951 [INFO] HTTP Request: POST https://api.telegram.org/bot5800257941:AAHvixqllrdWAuavbQNpwgalzQrI9wkF5vs/getUpdates "HTTP/1.1 200 OK"
2026-03-05 13:50:48,042 [INFO] HTTP Request: POST https://api.telegram.org/bot5800257941:AAHvixqllrdWAuavbQNpwgalzQrI9wkF5vs/getUpdates "HTTP/1.1 200 OK"
2026-03-05 13:50:58,132 [INFO] HTTP Request: POST https://api.telegram.org/bot5800257941:AAHvixqllrdWAuavbQNpwgalzQrI9wkF5vs/getUpdates "HTTP/1.1 200 OK"
2026-03-05 13:51:08,222 [INFO] HTTP Request: POST https://api.telegram.org/bot5800257941:AAHvixqllrdWAuavbQNpwgalzQrI9wkF5vs/getUpdates "HTTP/1.1 200 OK"
2026-03-05 13:51:18,312 [INFO] HTTP Request: POST https://api.telegram.org/bot5800257941:AAHvixqllrdWAuavbQNpwgalzQrI9wkF5vs/getUpdates "HTTP/1.1 200 OK"
2026-03-05 13:51:28,403 [INFO] HTTP Request: POST https://api.telegram.org/bot5800257941:AAHvixqllrdWAuavbQNpwgalzQrI9wkF5vs/getUpdates "HTTP/1.1 200 OK"
2026-03-05 13:51:38,493 [INFO] HTTP Request: POST https://api.telegram.org/bot5800257941:AAHvixqllrdWAuavbQNpwgalzQrI9wkF5vs/getUpdates "HTTP/1.1 200 OK"
2026-03-05 13:51:48,586 [INFO] HTTP Request: POST https://api.telegram.org/bot5800257941:AAHvixqllrdWAuavbQNpwgalzQrI9wkF5vs/getUpdates "HTTP/1.1 200 OK"
2026-03-05 13:51:58,676 [INFO] HTTP Request: POST https://api.telegram.org/bot5800257941:AAHvixqllrdWAuavbQNpwgalzQrI9wkF5vs/getUpdates "HTTP/1.1 200 OK"
2026-03-05 13:52:08,769 [INFO] HTTP Request: POST https://api.telegram.org/bot5800257941:AAHvixqllrdWAuavbQNpwgalzQrI9wkF5vs/getUpdates "HTTP/1.1 200 OK"
2026-03-05 13:52:18,866 [INFO] HTTP Request: POST https://api.telegram.org/bot5800257941:AAHvixqllrdWAuavbQNpwgalzQrI9wkF5vs/getUpdates "HTTP/1.1 200 OK"
2026-03-05 13:52:28,958 [INFO] HTTP Request: POST https://api.telegram.org/bot5800257941:AAHvixqllrdWAuavbQNpwgalzQrI9wkF5vs/getUpdates "HTTP/1.1 200 OK"
2026-03-05 13:52:39,049 [INFO] HTTP Request: POST https://api.telegram.org/bot5800257941:AAHvixqllrdWAuavbQNpwgalzQrI9wkF5vs/getUpdates "HTTP/1.1 200 OK"
2026-03-05 13:52:49,140 [INFO] HTTP Request: POST https://api.telegram.org/bot5800257941:AAHvixqllrdWAuavbQNpwgalzQrI9wkF5vs/getUpdates "HTTP/1.1 200 OK"
2026-03-05 13:52:59,231 [INFO] HTTP Request: POST https://api.telegram.org/bot5800257941:AAHvixqllrdWAuavbQNpwgalzQrI9wkF5vs/getUpdates "HTTP/1.1 200 OK"
2026-03-05 13:53:09,322 [INFO] HTTP Request: POST https://api.telegram.org/bot5800257941:AAHvixqllrdWAuavbQNpwgalzQrI9wkF5vs/getUpdates "HTTP/1.1 200 OK"
2026-03-05 13:53:19,414 [INFO] HTTP Request: POST https://api.telegram.org/bot5800257941:AAHvixqllrdWAuavbQNpwgalzQrI9wkF5vs/getUpdates "HTTP/1.1 200 OK"
2026-03-05 13:53:29,506 [INFO] HTTP Request: POST https://api.telegram.org/bot5800257941:AAHvixqllrdWAuavbQNpwgalzQrI9wkF5vs/getUpdates "HTTP/1.1 200 OK"
2026-03-05 13:53:39,597 [INFO] HTTP Request: POST https://api.telegram.org/bot5800257941:AAHvixqllrdWAuavbQNpwgalzQrI9wkF5vs/getUpdates "HTTP/1.1 200 OK"
2026-03-05 13:53:49,688 [INFO] HTTP Request: POST https://api.telegram.org/bot5800257941:AAHvixqllrdWAuavbQNpwgalzQrI9wkF5vs/getUpdates "HTTP/1.1 200 OK"
2026-03-05 13:53:59,778 [INFO] HTTP Request: POST https://api.telegram.org/bot5800257941:AAHvixqllrdWAuavbQNpwgalzQrI9wkF5vs/getUpdates "HTTP/1.1 200 OK"
2026-03-05 13:54:09,869 [INFO] HTTP Request: POST https://api.telegram.org/bot5800257941:AAHvixqllrdWAuavbQNpwgalzQrI9wkF5vs/getUpdates "HTTP/1.1 200 OK"
2026-03-05 13:54:19,960 [INFO] HTTP Request: POST https://api.telegram.org/bot5800257941:AAHvixqllrdWAuavbQNpwgalzQrI9wkF5vs/getUpdates "HTTP/1.1 200 OK"
2026-03-05 13:54:30,051 [INFO] HTTP Request: POST https://api.telegram.org/bot5800257941:AAHvixqllrdWAuavbQNpwgalzQrI9wkF5vs/getUpdates "HTTP/1.1 200 OK"
2026-03-05 13:54:40,153 [INFO] HTTP Request: POST https://api.telegram.org/bot5800257941:AAHvixqllrdWAuavbQNpwgalzQrI9wkF5vs/getUpdates "HTTP/1.1 200 OK"
2026-03-05 13:54:50,244 [INFO] HTTP Request: POST https://api.telegram.org/bot5800257941:AAHvixqllrdWAuavbQNpwgalzQrI9wkF5vs/getUpdates "HTTP/1.1 200 OK"
2026-03-05 13:55:00,346 [INFO] HTTP Request: POST https://api.telegram.org/bot5800257941:AAHvixqllrdWAuavbQNpwgalzQrI9wkF5vs/getUpdates "HTTP/1.1 200 OK"
2026-03-05 13:55:10,436 [INFO] HTTP Request: POST https://api.telegram.org/bot5800257941:AAHvixqllrdWAuavbQNpwgalzQrI9wkF5vs/getUpdates "HTTP/1.1 200 OK"
2026-03-05 13:55:20,527 [INFO] HTTP Request: POST https://api.telegram.org/bot5800257941:AAHvixqllrdWAuavbQNpwgalzQrI9wkF5vs/getUpdates "HTTP/1.1 200 OK"
2026-03-05 13:55:30,619 [INFO] HTTP Request: POST https://api.telegram.org/bot5800257941:AAHvixqllrdWAuavbQNpwgalzQrI9wkF5vs/getUpdates "HTTP/1.1 200 OK"
2026-03-05 13:55:40,710 [INFO] HTTP Request: POST https://api.telegram.org/bot5800257941:AAHvixqllrdWAuavbQNpwgalzQrI9wkF5vs/getUpdates "HTTP/1.1 200 OK"
2026-03-05 13:55:50,817 [INFO] HTTP Request: POST https://api.telegram.org/bot5800257941:AAHvixqllrdWAuavbQNpwgalzQrI9wkF5vs/getUpdates "HTTP/1.1 200 OK"
2026-03-05 13:56:00,908 [INFO] HTTP Request: POST https://api.telegram.org/bot5800257941:AAHvixqllrdWAuavbQNpwgalzQrI9wkF5vs/getUpdates "HTTP/1.1 200 OK"
2026-03-05 13:56:11,013 [INFO] HTTP Request: POST https://api.telegram.org/bot5800257941:AAHvixqllrdWAuavbQNpwgalzQrI9wkF5vs/getUpdates "HTTP/1.1 200 OK"
2026-03-05 13:56:21,104 [INFO] HTTP Request: POST https://api.telegram.org/bot5800257941:AAHvixqllrdWAuavbQNpwgalzQrI9wkF5vs/getUpdates "HTTP/1.1 200 OK"
2026-03-05 13:56:31,194 [INFO] HTTP Request: POST https://api.telegram.org/bot5800257941:AAHvixqllrdWAuavbQNpwgalzQrI9wkF5vs/getUpdates "HTTP/1.1 200 OK"
2026-03-05 13:56:41,326 [INFO] HTTP Request: POST https://api.telegram.org/bot5800257941:AAHvixqllrdWAuavbQNpwgalzQrI9wkF5vs/getUpdates "HTTP/1.1 200 OK"
2026-03-05 13:56:51,417 [INFO] HTTP Request: POST https://api.telegram.org/bot5800257941:AAHvixqllrdWAuavbQNpwgalzQrI9wkF5vs/getUpdates "HTTP/1.1 200 OK"
2026-03-05 13:57:01,507 [INFO] HTTP Request: POST https://api.telegram.org/bot5800257941:AAHvixqllrdWAuavbQNpwgalzQrI9wkF5vs/getUpdates "HTTP/1.1 200 OK"
2026-03-05 13:57:11,597 [INFO] HTTP Request: POST https://api.telegram.org/bot5800257941:AAHvixqllrdWAuavbQNpwgalzQrI9wkF5vs/getUpdates "HTTP/1.1 200 OK"
2026-03-05 13:57:21,688 [INFO] HTTP Request: POST https://api.telegram.org/bot5800257941:AAHvixqllrdWAuavbQNpwgalzQrI9wkF5vs/getUpdates "HTTP/1.1 200 OK"
2026-03-05 13:57:31,813 [INFO] HTTP Request: POST https://api.telegram.org/bot5800257941:AAHvixqllrdWAuavbQNpwgalzQrI9wkF5vs/getUpdates "HTTP/1.1 200 OK"
2026-03-05 13:57:41,904 [INFO] HTTP Request: POST https://api.telegram.org/bot5800257941:AAHvixqllrdWAuavbQNpwgalzQrI9wkF5vs/getUpdates "HTTP/1.1 200 OK"
2026-03-05 13:57:51,996 [INFO] HTTP Request: POST https://api.telegram.org/bot5800257941:AAHvixqllrdWAuavbQNpwgalzQrI9wkF5vs/getUpdates "HTTP/1.1 200 OK"
2026-03-05 13:58:02,091 [INFO] HTTP Request: POST https://api.telegram.org/bot5800257941:AAHvixqllrdWAuavbQNpwgalzQrI9wkF5vs/getUpdates "HTTP/1.1 200 OK"
2026-03-05 13:58:12,182 [INFO] HTTP Request: POST https://api.telegram.org/bot5800257941:AAHvixqllrdWAuavbQNpwgalzQrI9wkF5vs/getUpdates "HTTP/1.1 200 OK"
2026-03-05 13:58:22,273 [INFO] HTTP Request: POST https://api.telegram.org/bot5800257941:AAHvixqllrdWAuavbQNpwgalzQrI9wkF5vs/getUpdates "HTTP/1.1 200 OK"
2026-03-05 13:58:32,363 [INFO] HTTP Request: POST https://api.telegram.org/bot5800257941:AAHvixqllrdWAuavbQNpwgalzQrI9wkF5vs/getUpdates "HTTP/1.1 200 OK"
2026-03-05 13:58:42,453 [INFO] HTTP Request: POST https://api.telegram.org/bot5800257941:AAHvixqllrdWAuavbQNpwgalzQrI9wkF5vs/getUpdates "HTTP/1.1 200 OK"
2026-03-05 13:58:52,550 [INFO] HTTP Request: POST https://api.telegram.org/bot5800257941:AAHvixqllrdWAuavbQNpwgalzQrI9wkF5vs/getUpdates "HTTP/1.1 200 OK"
2026-03-05 13:59:02,642 [INFO] HTTP Request: POST https://api.telegram.org/bot5800257941:AAHvixqllrdWAuavbQNpwgalzQrI9wkF5vs/getUpdates "HTTP/1.1 200 OK"
2026-03-05 13:59:12,748 [INFO] HTTP Request: POST https://api.telegram.org/bot5800257941:AAHvixqllrdWAuavbQNpwgalzQrI9wkF5vs/getUpdates "HTTP/1.1 200 OK"
2026-03-05 13:59:22,838 [INFO] HTTP Request: POST https://api.telegram.org/bot5800257941:AAHvixqllrdWAuavbQNpwgalzQrI9wkF5vs/getUpdates "HTTP/1.1 200 OK"
2026-03-05 13:59:32,929 [INFO] HTTP Request: POST https://api.telegram.org/bot5800257941:AAHvixqllrdWAuavbQNpwgalzQrI9wkF5vs/getUpdates "HTTP/1.1 200 OK"
2026-03-05 13:59:43,117 [INFO] HTTP Request: POST https://api.telegram.org/bot5800257941:AAHvixqllrdWAuavbQNpwgalzQrI9wkF5vs/getUpdates "HTTP/1.1 200 OK"
2026-03-05 13:59:53,208 [INFO] HTTP Request: POST https://api.telegram.org/bot5800257941:AAHvixqllrdWAuavbQNpwgalzQrI9wkF5vs/getUpdates "HTTP/1.1 200 OK"
2026-03-05 14:00:03,299 [INFO] HTTP Request: POST https://api.telegram.org/bot5800257941:AAHvixqllrdWAuavbQNpwgalzQrI9wkF5vs/getUpdates "HTTP/1.1 200 OK"
2026-03-05 14:00:13,395 [INFO] HTTP Request: POST https://api.telegram.org/bot5800257941:AAHvixqllrdWAuavbQNpwgalzQrI9wkF5vs/getUpdates "HTTP/1.1 200 OK"
2026-03-05 14:00:23,767 [INFO] HTTP Request: POST https://api.telegram.org/bot5800257941:AAHvixqllrdWAuavbQNpwgalzQrI9wkF5vs/getUpdates "HTTP/1.1 200 OK"
2026-03-05 14:00:33,867 [INFO] HTTP Request: POST https://api.telegram.org/bot5800257941:AAHvixqllrdWAuavbQNpwgalzQrI9wkF5vs/getUpdates "HTTP/1.1 200 OK"
2026-03-05 14:00:43,962 [INFO] HTTP Request: POST https://api.telegram.org/bot5800257941:AAHvixqllrdWAuavbQNpwgalzQrI9wkF5vs/getUpdates "HTTP/1.1 200 OK"
2026-03-05 14:00:54,057 [INFO] HTTP Request: POST https://api.telegram.org/bot5800257941:AAHvixqllrdWAuavbQNpwgalzQrI9wkF5vs/getUpdates "HTTP/1.1 200 OK"
2026-03-05 14:01:04,155 [INFO] HTTP Request: POST https://api.telegram.org/bot5800257941:AAHvixqllrdWAuavbQNpwgalzQrI9wkF5vs/getUpdates "HTTP/1.1 200 OK"
2026-03-05 14:01:14,251 [INFO] HTTP Request: POST https://api.telegram.org/bot5800257941:AAHvixqllrdWAuavbQNpwgalzQrI9wkF5vs/getUpdates "HTTP/1.1 200 OK"
2026-03-05 14:01:24,345 [INFO] HTTP Request: POST https://api.telegram.org/bot5800257941:AAHvixqllrdWAuavbQNpwgalzQrI9wkF5vs/getUpdates "HTTP/1.1 200 OK"
2026-03-05 14:01:34,440 [INFO] HTTP Request: POST https://api.telegram.org/bot5800257941:AAHvixqllrdWAuavbQNpwgalzQrI9wkF5vs/getUpdates "HTTP/1.1 200 OK"
2026-03-05 14:01:44,535 [INFO] HTTP Request: POST https://api.telegram.org/bot5800257941:AAHvixqllrdWAuavbQNpwgalzQrI9wkF5vs/getUpdates "HTTP/1.1 200 OK"
2026-03-05 14:01:54,630 [INFO] HTTP Request: POST https://api.telegram.org/bot5800257941:AAHvixqllrdWAuavbQNpwgalzQrI9wkF5vs/getUpdates "HTTP/1.1 200 OK"
2026-03-05 14:02:04,787 [INFO] HTTP Request: POST https://api.telegram.org/bot5800257941:AAHvixqllrdWAuavbQNpwgalzQrI9wkF5vs/getUpdates "HTTP/1.1 200 OK"
2026-03-05 14:02:14,883 [INFO] HTTP Request: POST https://api.telegram.org/bot5800257941:AAHvixqllrdWAuavbQNpwgalzQrI9wkF5vs/getUpdates "HTTP/1.1 200 OK"
2026-03-05 14:02:24,977 [INFO] HTTP Request: POST https://api.telegram.org/bot5800257941:AAHvixqllrdWAuavbQNpwgalzQrI9wkF5vs/getUpdates "HTTP/1.1 200 OK"
2026-03-05 14:02:35,072 [INFO] HTTP Request: POST https://api.telegram.org/bot5800257941:AAHvixqllrdWAuavbQNpwgalzQrI9wkF5vs/getUpdates "HTTP/1.1 200 OK"
2026-03-05 14:02:45,170 [INFO] HTTP Request: POST https://api.telegram.org/bot5800257941:AAHvixqllrdWAuavbQNpwgalzQrI9wkF5vs/getUpdates "HTTP/1.1 200 OK"
2026-03-05 14:02:55,264 [INFO] HTTP Request: POST https://api.telegram.org/bot5800257941:AAHvixqllrdWAuavbQNpwgalzQrI9wkF5vs/getUpdates "HTTP/1.1 200 OK"
2026-03-05 14:03:05,358 [INFO] HTTP Request: POST https://api.telegram.org/bot5800257941:AAHvixqllrdWAuavbQNpwgalzQrI9wkF5vs/getUpdates "HTTP/1.1 200 OK"
2026-03-05 14:03:15,453 [INFO] HTTP Request: POST https://api.telegram.org/bot5800257941:AAHvixqllrdWAuavbQNpwgalzQrI9wkF5vs/getUpdates "HTTP/1.1 200 OK"
2026-03-05 14:03:25,547 [INFO] HTTP Request: POST https://api.telegram.org/bot5800257941:AAHvixqllrdWAuavbQNpwgalzQrI9wkF5vs/getUpdates "HTTP/1.1 200 OK"
2026-03-05 14:03:35,647 [INFO] HTTP Request: POST https://api.telegram.org/bot5800257941:AAHvixqllrdWAuavbQNpwgalzQrI9wkF5vs/getUpdates "HTTP/1.1 200 OK"
2026-03-05 14:03:45,741 [INFO] HTTP Request: POST https://api.telegram.org/bot5800257941:AAHvixqllrdWAuavbQNpwgalzQrI9wkF5vs/getUpdates "HTTP/1.1 200 OK"
2026-03-05 14:03:55,835 [INFO] HTTP Request: POST https://api.telegram.org/bot5800257941:AAHvixqllrdWAuavbQNpwgalzQrI9wkF5vs/getUpdates "HTTP/1.1 200 OK"
2026-03-05 14:04:05,932 [INFO] HTTP Request: POST https://api.telegram.org/bot5800257941:AAHvixqllrdWAuavbQNpwgalzQrI9wkF5vs/getUpdates "HTTP/1.1 200 OK"
2026-03-05 14:04:16,027 [INFO] HTTP Request: POST https://api.telegram.org/bot5800257941:AAHvixqllrdWAuavbQNpwgalzQrI9wkF5vs/getUpdates "HTTP/1.1 200 OK"
2026-03-05 14:04:26,124 [INFO] HTTP Request: POST https://api.telegram.org/bot5800257941:AAHvixqllrdWAuavbQNpwgalzQrI9wkF5vs/getUpdates "HTTP/1.1 200 OK"
2026-03-05 14:04:36,218 [INFO] HTTP Request: POST https://api.telegram.org/bot5800257941:AAHvixqllrdWAuavbQNpwgalzQrI9wkF5vs/getUpdates "HTTP/1.1 200 OK"
2026-03-05 14:04:46,312 [INFO] HTTP Request: POST https://api.telegram.org/bot5800257941:AAHvixqllrdWAuavbQNpwgalzQrI9wkF5vs/getUpdates "HTTP/1.1 200 OK"
2026-03-05 14:04:56,704 [INFO] HTTP Request: POST https://api.telegram.org/bot5800257941:AAHvixqllrdWAuavbQNpwgalzQrI9wkF5vs/getUpdates "HTTP/1.1 200 OK"
2026-03-05 14:05:06,799 [INFO] HTTP Request: POST https://api.telegram.org/bot5800257941:AAHvixqllrdWAuavbQNpwgalzQrI9wkF5vs/getUpdates "HTTP/1.1 200 OK"
2026-03-05 14:05:16,900 [INFO] HTTP Request: POST https://api.telegram.org/bot5800257941:AAHvixqllrdWAuavbQNpwgalzQrI9wkF5vs/getUpdates "HTTP/1.1 200 OK"
2026-03-05 14:05:26,996 [INFO] HTTP Request: POST https://api.telegram.org/bot5800257941:AAHvixqllrdWAuavbQNpwgalzQrI9wkF5vs/getUpdates "HTTP/1.1 200 OK"
2026-03-05 14:05:37,090 [INFO] HTTP Request: POST https://api.telegram.org/bot5800257941:AAHvixqllrdWAuavbQNpwgalzQrI9wkF5vs/getUpdates "HTTP/1.1 200 OK"
2026-03-05 14:05:47,189 [INFO] HTTP Request: POST https://api.telegram.org/bot5800257941:AAHvixqllrdWAuavbQNpwgalzQrI9wkF5vs/getUpdates "HTTP/1.1 200 OK"
2026-03-05 14:05:57,287 [INFO] HTTP Request: POST https://api.telegram.org/bot5800257941:AAHvixqllrdWAuavbQNpwgalzQrI9wkF5vs/getUpdates "HTTP/1.1 200 OK"
2026-03-05 14:06:07,383 [INFO] HTTP Request: POST https://api.telegram.org/bot5800257941:AAHvixqllrdWAuavbQNpwgalzQrI9wkF5vs/getUpdates "HTTP/1.1 200 OK"
2026-03-05 14:06:17,478 [INFO] HTTP Request: POST https://api.telegram.org/bot5800257941:AAHvixqllrdWAuavbQNpwgalzQrI9wkF5vs/getUpdates "HTTP/1.1 200 OK"
2026-03-05 14:06:27,575 [INFO] HTTP Request: POST https://api.telegram.org/bot5800257941:AAHvixqllrdWAuavbQNpwgalzQrI9wkF5vs/getUpdates "HTTP/1.1 200 OK"
2026-03-05 14:06:37,674 [INFO] HTTP Request: POST https://api.telegram.org/bot5800257941:AAHvixqllrdWAuavbQNpwgalzQrI9wkF5vs/getUpdates "HTTP/1.1 200 OK"
2026-03-05 14:06:47,768 [INFO] HTTP Request: POST https://api.telegram.org/bot5800257941:AAHvixqllrdWAuavbQNpwgalzQrI9wkF5vs/getUpdates "HTTP/1.1 200 OK"
2026-03-05 14:06:57,862 [INFO] HTTP Request: POST https://api.telegram.org/bot5800257941:AAHvixqllrdWAuavbQNpwgalzQrI9wkF5vs/getUpdates "HTTP/1.1 200 OK"
2026-03-05 14:07:08,023 [INFO] HTTP Request: POST https://api.telegram.org/bot5800257941:AAHvixqllrdWAuavbQNpwgalzQrI9wkF5vs/getUpdates "HTTP/1.1 200 OK"
2026-03-05 14:07:18,123 [INFO] HTTP Request: POST https://api.telegram.org/bot5800257941:AAHvixqllrdWAuavbQNpwgalzQrI9wkF5vs/getUpdates "HTTP/1.1 200 OK"
2026-03-05 14:07:28,218 [INFO] HTTP Request: POST https://api.telegram.org/bot5800257941:AAHvixqllrdWAuavbQNpwgalzQrI9wkF5vs/getUpdates "HTTP/1.1 200 OK"
2026-03-05 14:07:38,316 [INFO] HTTP Request: POST https://api.telegram.org/bot5800257941:AAHvixqllrdWAuavbQNpwgalzQrI9wkF5vs/getUpdates "HTTP/1.1 200 OK"
2026-03-05 14:07:48,412 [INFO] HTTP Request: POST https://api.telegram.org/bot5800257941:AAHvixqllrdWAuavbQNpwgalzQrI9wkF5vs/getUpdates "HTTP/1.1 200 OK"
2026-03-05 14:07:58,506 [INFO] HTTP Request: POST https://api.telegram.org/bot5800257941:AAHvixqllrdWAuavbQNpwgalzQrI9wkF5vs/getUpdates "HTTP/1.1 200 OK"
2026-03-05 14:08:08,601 [INFO] HTTP Request: POST https://api.telegram.org/bot5800257941:AAHvixqllrdWAuavbQNpwgalzQrI9wkF5vs/getUpdates "HTTP/1.1 200 OK"
2026-03-05 14:08:18,696 [INFO] HTTP Request: POST https://api.telegram.org/bot5800257941:AAHvixqllrdWAuavbQNpwgalzQrI9wkF5vs/getUpdates "HTTP/1.1 200 OK"
2026-03-05 14:08:28,791 [INFO] HTTP Request: POST https://api.telegram.org/bot5800257941:AAHvixqllrdWAuavbQNpwgalzQrI9wkF5vs/getUpdates "HTTP/1.1 200 OK"
2026-03-05 14:08:38,886 [INFO] HTTP Request: POST https://api.telegram.org/bot5800257941:AAHvixqllrdWAuavbQNpwgalzQrI9wkF5vs/getUpdates "HTTP/1.1 200 OK"
2026-03-05 14:08:48,980 [INFO] HTTP Request: POST https://api.telegram.org/bot5800257941:AAHvixqllrdWAuavbQNpwgalzQrI9wkF5vs/getUpdates "HTTP/1.1 200 OK"
2026-03-05 14:08:59,077 [INFO] HTTP Request: POST https://api.telegram.org/bot5800257941:AAHvixqllrdWAuavbQNpwgalzQrI9wkF5vs/getUpdates "HTTP/1.1 200 OK"
2026-03-05 14:09:09,171 [INFO] HTTP Request: POST https://api.telegram.org/bot5800257941:AAHvixqllrdWAuavbQNpwgalzQrI9wkF5vs/getUpdates "HTTP/1.1 200 OK"
2026-03-05 14:09:19,266 [INFO] HTTP Request: POST https://api.telegram.org/bot5800257941:AAHvixqllrdWAuavbQNpwgalzQrI9wkF5vs/getUpdates "HTTP/1.1 200 OK"
2026-03-05 14:09:29,369 [INFO] HTTP Request: POST https://api.telegram.org/bot5800257941:AAHvixqllrdWAuavbQNpwgalzQrI9wkF5vs/getUpdates "HTTP/1.1 200 OK"
2026-03-05 14:09:39,465 [INFO] HTTP Request: POST https://api.telegram.org/bot5800257941:AAHvixqllrdWAuavbQNpwgalzQrI9wkF5vs/getUpdates "HTTP/1.1 200 OK"
2026-03-05 14:09:49,559 [INFO] HTTP Request: POST https://api.telegram.org/bot5800257941:AAHvixqllrdWAuavbQNpwgalzQrI9wkF5vs/getUpdates "HTTP/1.1 200 OK"
2026-03-05 14:09:59,655 [INFO] HTTP Request: POST https://api.telegram.org/bot5800257941:AAHvixqllrdWAuavbQNpwgalzQrI9wkF5vs/getUpdates "HTTP/1.1 200 OK"
2026-03-05 14:10:09,751 [INFO] HTTP Request: POST https://api.telegram.org/bot5800257941:AAHvixqllrdWAuavbQNpwgalzQrI9wkF5vs/getUpdates "HTTP/1.1 200 OK"
2026-03-05 14:10:19,849 [INFO] HTTP Request: POST https://api.telegram.org/bot5800257941:AAHvixqllrdWAuavbQNpwgalzQrI9wkF5vs/getUpdates "HTTP/1.1 200 OK"
2026-03-05 14:10:29,943 [INFO] HTTP Request: POST https://api.telegram.org/bot5800257941:AAHvixqllrdWAuavbQNpwgalzQrI9wkF5vs/getUpdates "HTTP/1.1 200 OK"
2026-03-05 14:10:40,041 [INFO] HTTP Request: POST https://api.telegram.org/bot5800257941:AAHvixqllrdWAuavbQNpwgalzQrI9wkF5vs/getUpdates "HTTP/1.1 200 OK"
2026-03-05 14:10:50,136 [INFO] HTTP Request: POST https://api.telegram.org/bot5800257941:AAHvixqllrdWAuavbQNpwgalzQrI9wkF5vs/getUpdates "HTTP/1.1 200 OK"
2026-03-05 14:11:00,238 [INFO] HTTP Request: POST https://api.telegram.org/bot5800257941:AAHvixqllrdWAuavbQNpwgalzQrI9wkF5vs/getUpdates "HTTP/1.1 200 OK"
2026-03-05 14:11:10,358 [INFO] HTTP Request: POST https://api.telegram.org/bot5800257941:AAHvixqllrdWAuavbQNpwgalzQrI9wkF5vs/getUpdates "HTTP/1.1 200 OK"
2026-03-05 14:11:20,476 [INFO] HTTP Request: POST https://api.telegram.org/bot5800257941:AAHvixqllrdWAuavbQNpwgalzQrI9wkF5vs/getUpdates "HTTP/1.1 200 OK"
2026-03-05 14:11:30,570 [INFO] HTTP Request: POST https://api.telegram.org/bot5800257941:AAHvixqllrdWAuavbQNpwgalzQrI9wkF5vs/getUpdates "HTTP/1.1 200 OK"
2026-03-05 14:11:40,665 [INFO] HTTP Request: POST https://api.telegram.org/bot5800257941:AAHvixqllrdWAuavbQNpwgalzQrI9wkF5vs/getUpdates "HTTP/1.1 200 OK"
2026-03-05 14:11:50,768 [INFO] HTTP Request: POST https://api.telegram.org/bot5800257941:AAHvixqllrdWAuavbQNpwgalzQrI9wkF5vs/getUpdates "HTTP/1.1 200 OK"
2026-03-05 14:12:00,872 [INFO] HTTP Request: POST https://api.telegram.org/bot5800257941:AAHvixqllrdWAuavbQNpwgalzQrI9wkF5vs/getUpdates "HTTP/1.1 200 OK"
2026-03-05 14:12:10,967 [INFO] HTTP Request: POST https://api.telegram.org/bot5800257941:AAHvixqllrdWAuavbQNpwgalzQrI9wkF5vs/getUpdates "HTTP/1.1 200 OK"
2026-03-05 14:12:21,158 [INFO] HTTP Request: POST https://api.telegram.org/bot5800257941:AAHvixqllrdWAuavbQNpwgalzQrI9wkF5vs/getUpdates "HTTP/1.1 200 OK"
2026-03-05 14:12:31,270 [INFO] HTTP Request: POST https://api.telegram.org/bot5800257941:AAHvixqllrdWAuavbQNpwgalzQrI9wkF5vs/getUpdates "HTTP/1.1 200 OK"
2026-03-05 14:12:41,434 [INFO] HTTP Request: POST https://api.telegram.org/bot5800257941:AAHvixqllrdWAuavbQNpwgalzQrI9wkF5vs/getUpdates "HTTP/1.1 200 OK"
2026-03-05 14:12:51,536 [INFO] HTTP Request: POST https://api.telegram.org/bot5800257941:AAHvixqllrdWAuavbQNpwgalzQrI9wkF5vs/getUpdates "HTTP/1.1 200 OK"
2026-03-05 14:13:01,630 [INFO] HTTP Request: POST https://api.telegram.org/bot5800257941:AAHvixqllrdWAuavbQNpwgalzQrI9wkF5vs/getUpdates "HTTP/1.1 200 OK"
2026-03-05 14:13:11,793 [INFO] HTTP Request: POST https://api.telegram.org/bot5800257941:AAHvixqllrdWAuavbQNpwgalzQrI9wkF5vs/getUpdates "HTTP/1.1 200 OK"
2026-03-05 14:13:21,888 [INFO] HTTP Request: POST https://api.telegram.org/bot5800257941:AAHvixqllrdWAuavbQNpwgalzQrI9wkF5vs/getUpdates "HTTP/1.1 200 OK"
2026-03-05 14:13:31,983 [INFO] HTTP Request: POST https://api.telegram.org/bot5800257941:AAHvixqllrdWAuavbQNpwgalzQrI9wkF5vs/getUpdates "HTTP/1.1 200 OK"
2026-03-05 14:13:42,078 [INFO] HTTP Request: POST https://api.telegram.org/bot5800257941:AAHvixqllrdWAuavbQNpwgalzQrI9wkF5vs/getUpdates "HTTP/1.1 200 OK"
2026-03-05 14:13:52,181 [INFO] HTTP Request: POST https://api.telegram.org/bot5800257941:AAHvixqllrdWAuavbQNpwgalzQrI9wkF5vs/getUpdates "HTTP/1.1 200 OK"
2026-03-05 14:14:02,276 [INFO] HTTP Request: POST https://api.telegram.org/bot5800257941:AAHvixqllrdWAuavbQNpwgalzQrI9wkF5vs/getUpdates "HTTP/1.1 200 OK"
2026-03-05 14:14:12,382 [INFO] HTTP Request: POST https://api.telegram.org/bot5800257941:AAHvixqllrdWAuavbQNpwgalzQrI9wkF5vs/getUpdates "HTTP/1.1 200 OK"
2026-03-05 14:14:22,482 [INFO] HTTP Request: POST https://api.telegram.org/bot5800257941:AAHvixqllrdWAuavbQNpwgalzQrI9wkF5vs/getUpdates "HTTP/1.1 200 OK"
2026-03-05 14:14:32,576 [INFO] HTTP Request: POST https://api.telegram.org/bot5800257941:AAHvixqllrdWAuavbQNpwgalzQrI9wkF5vs/getUpdates "HTTP/1.1 200 OK"
2026-03-05 14:14:42,711 [INFO] HTTP Request: POST https://api.telegram.org/bot5800257941:AAHvixqllrdWAuavbQNpwgalzQrI9wkF5vs/getUpdates "HTTP/1.1 200 OK"
2026-03-05 14:14:52,805 [INFO] HTTP Request: POST https://api.telegram.org/bot5800257941:AAHvixqllrdWAuavbQNpwgalzQrI9wkF5vs/getUpdates "HTTP/1.1 200 OK"
2026-03-05 14:15:02,962 [INFO] HTTP Request: POST https://api.telegram.org/bot5800257941:AAHvixqllrdWAuavbQNpwgalzQrI9wkF5vs/getUpdates "HTTP/1.1 200 OK"
2026-03-05 14:15:13,057 [INFO] HTTP Request: POST https://api.telegram.org/bot5800257941:AAHvixqllrdWAuavbQNpwgalzQrI9wkF5vs/getUpdates "HTTP/1.1 200 OK"
2026-03-05 14:15:23,152 [INFO] HTTP Request: POST https://api.telegram.org/bot5800257941:AAHvixqllrdWAuavbQNpwgalzQrI9wkF5vs/getUpdates "HTTP/1.1 200 OK"
2026-03-05 14:15:33,250 [INFO] HTTP Request: POST https://api.telegram.org/bot5800257941:AAHvixqllrdWAuavbQNpwgalzQrI9wkF5vs/getUpdates "HTTP/1.1 200 OK"
2026-03-05 14:15:43,345 [INFO] HTTP Request: POST https://api.telegram.org/bot5800257941:AAHvixqllrdWAuavbQNpwgalzQrI9wkF5vs/getUpdates "HTTP/1.1 200 OK"
2026-03-05 14:15:53,440 [INFO] HTTP Request: POST https://api.telegram.org/bot5800257941:AAHvixqllrdWAuavbQNpwgalzQrI9wkF5vs/getUpdates "HTTP/1.1 200 OK"
2026-03-05 14:16:03,534 [INFO] HTTP Request: POST https://api.telegram.org/bot5800257941:AAHvixqllrdWAuavbQNpwgalzQrI9wkF5vs/getUpdates "HTTP/1.1 200 OK"
2026-03-05 14:16:13,629 [INFO] HTTP Request: POST https://api.telegram.org/bot5800257941:AAHvixqllrdWAuavbQNpwgalzQrI9wkF5vs/getUpdates "HTTP/1.1 200 OK"
2026-03-05 14:16:23,725 [INFO] HTTP Request: POST https://api.telegram.org/bot5800257941:AAHvixqllrdWAuavbQNpwgalzQrI9wkF5vs/getUpdates "HTTP/1.1 200 OK"
2026-03-05 14:16:33,837 [INFO] HTTP Request: POST https://api.telegram.org/bot5800257941:AAHvixqllrdWAuavbQNpwgalzQrI9wkF5vs/getUpdates "HTTP/1.1 200 OK"
2026-03-05 14:16:43,934 [INFO] HTTP Request: POST https://api.telegram.org/bot5800257941:AAHvixqllrdWAuavbQNpwgalzQrI9wkF5vs/getUpdates "HTTP/1.1 200 OK"
2026-03-05 14:16:54,045 [INFO] HTTP Request: POST https://api.telegram.org/bot5800257941:AAHvixqllrdWAuavbQNpwgalzQrI9wkF5vs/getUpdates "HTTP/1.1 200 OK"
2026-03-05 14:17:04,148 [INFO] HTTP Request: POST https://api.telegram.org/bot5800257941:AAHvixqllrdWAuavbQNpwgalzQrI9wkF5vs/getUpdates "HTTP/1.1 200 OK"
2026-03-05 14:17:14,513 [INFO] HTTP Request: POST https://api.telegram.org/bot5800257941:AAHvixqllrdWAuavbQNpwgalzQrI9wkF5vs/getUpdates "HTTP/1.1 200 OK"
2026-03-05 14:17:24,608 [INFO] HTTP Request: POST https://api.telegram.org/bot5800257941:AAHvixqllrdWAuavbQNpwgalzQrI9wkF5vs/getUpdates "HTTP/1.1 200 OK"
2026-03-05 14:17:34,706 [INFO] HTTP Request: POST https://api.telegram.org/bot5800257941:AAHvixqllrdWAuavbQNpwgalzQrI9wkF5vs/getUpdates "HTTP/1.1 200 OK"
2026-03-05 14:17:44,802 [INFO] HTTP Request: POST https://api.telegram.org/bot5800257941:AAHvixqllrdWAuavbQNpwgalzQrI9wkF5vs/getUpdates "HTTP/1.1 200 OK"
2026-03-05 14:17:54,897 [INFO] HTTP Request: POST https://api.telegram.org/bot5800257941:AAHvixqllrdWAuavbQNpwgalzQrI9wkF5vs/getUpdates "HTTP/1.1 200 OK"
2026-03-05 14:18:05,104 [INFO] HTTP Request: POST https://api.telegram.org/bot5800257941:AAHvixqllrdWAuavbQNpwgalzQrI9wkF5vs/getUpdates "HTTP/1.1 200 OK"
2026-03-05 14:18:15,203 [INFO] HTTP Request: POST https://api.telegram.org/bot5800257941:AAHvixqllrdWAuavbQNpwgalzQrI9wkF5vs/getUpdates "HTTP/1.1 200 OK"
2026-03-05 14:18:25,301 [INFO] HTTP Request: POST https://api.telegram.org/bot5800257941:AAHvixqllrdWAuavbQNpwgalzQrI9wkF5vs/getUpdates "HTTP/1.1 200 OK"
2026-03-05 14:18:35,396 [INFO] HTTP Request: POST https://api.telegram.org/bot5800257941:AAHvixqllrdWAuavbQNpwgalzQrI9wkF5vs/getUpdates "HTTP/1.1 200 OK"
2026-03-05 14:18:45,507 [INFO] HTTP Request: POST https://api.telegram.org/bot5800257941:AAHvixqllrdWAuavbQNpwgalzQrI9wkF5vs/getUpdates "HTTP/1.1 200 OK"
2026-03-05 14:18:55,608 [INFO] HTTP Request: POST https://api.telegram.org/bot5800257941:AAHvixqllrdWAuavbQNpwgalzQrI9wkF5vs/getUpdates "HTTP/1.1 200 OK"
2026-03-05 14:19:05,703 [INFO] HTTP Request: POST https://api.telegram.org/bot5800257941:AAHvixqllrdWAuavbQNpwgalzQrI9wkF5vs/getUpdates "HTTP/1.1 200 OK"
2026-03-05 14:19:15,803 [INFO] HTTP Request: POST https://api.telegram.org/bot5800257941:AAHvixqllrdWAuavbQNpwgalzQrI9wkF5vs/getUpdates "HTTP/1.1 200 OK"
2026-03-05 14:19:25,917 [INFO] HTTP Request: POST https://api.telegram.org/bot5800257941:AAHvixqllrdWAuavbQNpwgalzQrI9wkF5vs/getUpdates "HTTP/1.1 200 OK"
2026-03-05 14:19:36,015 [INFO] HTTP Request: POST https://api.telegram.org/bot5800257941:AAHvixqllrdWAuavbQNpwgalzQrI9wkF5vs/getUpdates "HTTP/1.1 200 OK"
2026-03-05 14:19:46,111 [INFO] HTTP Request: POST https://api.telegram.org/bot5800257941:AAHvixqllrdWAuavbQNpwgalzQrI9wkF5vs/getUpdates "HTTP/1.1 200 OK"
2026-03-05 14:19:56,210 [INFO] HTTP Request: POST https://api.telegram.org/bot5800257941:AAHvixqllrdWAuavbQNpwgalzQrI9wkF5vs/getUpdates "HTTP/1.1 200 OK"
2026-03-05 14:20:06,305 [INFO] HTTP Request: POST https://api.telegram.org/bot5800257941:AAHvixqllrdWAuavbQNpwgalzQrI9wkF5vs/getUpdates "HTTP/1.1 200 OK"
2026-03-05 14:20:16,400 [INFO] HTTP Request: POST https://api.telegram.org/bot5800257941:AAHvixqllrdWAuavbQNpwgalzQrI9wkF5vs/getUpdates "HTTP/1.1 200 OK"
2026-03-05 14:20:26,496 [INFO] HTTP Request: POST https://api.telegram.org/bot5800257941:AAHvixqllrdWAuavbQNpwgalzQrI9wkF5vs/getUpdates "HTTP/1.1 200 OK"
2026-03-05 14:20:36,593 [INFO] HTTP Request: POST https://api.telegram.org/bot5800257941:AAHvixqllrdWAuavbQNpwgalzQrI9wkF5vs/getUpdates "HTTP/1.1 200 OK"
2026-03-05 14:20:46,708 [INFO] HTTP Request: POST https://api.telegram.org/bot5800257941:AAHvixqllrdWAuavbQNpwgalzQrI9wkF5vs/getUpdates "HTTP/1.1 200 OK"
2026-03-05 14:20:56,806 [INFO] HTTP Request: POST https://api.telegram.org/bot5800257941:AAHvixqllrdWAuavbQNpwgalzQrI9wkF5vs/getUpdates "HTTP/1.1 200 OK"
2026-03-05 14:21:06,902 [INFO] HTTP Request: POST https://api.telegram.org/bot5800257941:AAHvixqllrdWAuavbQNpwgalzQrI9wkF5vs/getUpdates "HTTP/1.1 200 OK"
2026-03-05 14:21:17,001 [INFO] HTTP Request: POST https://api.telegram.org/bot5800257941:AAHvixqllrdWAuavbQNpwgalzQrI9wkF5vs/getUpdates "HTTP/1.1 200 OK"
2026-03-05 14:21:27,096 [INFO] HTTP Request: POST https://api.telegram.org/bot5800257941:AAHvixqllrdWAuavbQNpwgalzQrI9wkF5vs/getUpdates "HTTP/1.1 200 OK"
2026-03-05 14:21:37,200 [INFO] HTTP Request: POST https://api.telegram.org/bot5800257941:AAHvixqllrdWAuavbQNpwgalzQrI9wkF5vs/getUpdates "HTTP/1.1 200 OK"
2026-03-05 14:21:47,303 [INFO] HTTP Request: POST https://api.telegram.org/bot5800257941:AAHvixqllrdWAuavbQNpwgalzQrI9wkF5vs/getUpdates "HTTP/1.1 200 OK"
2026-03-05 14:21:57,400 [INFO] HTTP Request: POST https://api.telegram.org/bot5800257941:AAHvixqllrdWAuavbQNpwgalzQrI9wkF5vs/getUpdates "HTTP/1.1 200 OK"
2026-03-05 14:22:07,498 [INFO] HTTP Request: POST https://api.telegram.org/bot5800257941:AAHvixqllrdWAuavbQNpwgalzQrI9wkF5vs/getUpdates "HTTP/1.1 200 OK"
2026-03-05 14:22:17,603 [INFO] HTTP Request: POST https://api.telegram.org/bot5800257941:AAHvixqllrdWAuavbQNpwgalzQrI9wkF5vs/getUpdates "HTTP/1.1 200 OK"
2026-03-05 14:22:27,699 [INFO] HTTP Request: POST https://api.telegram.org/bot5800257941:AAHvixqllrdWAuavbQNpwgalzQrI9wkF5vs/getUpdates "HTTP/1.1 200 OK"
2026-03-05 14:22:37,793 [INFO] HTTP Request: POST https://api.telegram.org/bot5800257941:AAHvixqllrdWAuavbQNpwgalzQrI9wkF5vs/getUpdates "HTTP/1.1 200 OK"
2026-03-05 14:22:47,888 [INFO] HTTP Request: POST https://api.telegram.org/bot5800257941:AAHvixqllrdWAuavbQNpwgalzQrI9wkF5vs/getUpdates "HTTP/1.1 200 OK"
2026-03-05 14:22:57,985 [INFO] HTTP Request: POST https://api.telegram.org/bot5800257941:AAHvixqllrdWAuavbQNpwgalzQrI9wkF5vs/getUpdates "HTTP/1.1 200 OK"
2026-03-05 14:23:08,081 [INFO] HTTP Request: POST https://api.telegram.org/bot5800257941:AAHvixqllrdWAuavbQNpwgalzQrI9wkF5vs/getUpdates "HTTP/1.1 200 OK"
2026-03-05 14:23:18,177 [INFO] HTTP Request: POST https://api.telegram.org/bot5800257941:AAHvixqllrdWAuavbQNpwgalzQrI9wkF5vs/getUpdates "HTTP/1.1 200 OK"
2026-03-05 14:23:28,272 [INFO] HTTP Request: POST https://api.telegram.org/bot5800257941:AAHvixqllrdWAuavbQNpwgalzQrI9wkF5vs/getUpdates "HTTP/1.1 200 OK"
2026-03-05 14:23:38,370 [INFO] HTTP Request: POST https://api.telegram.org/bot5800257941:AAHvixqllrdWAuavbQNpwgalzQrI9wkF5vs/getUpdates "HTTP/1.1 200 OK"
2026-03-05 14:23:48,466 [INFO] HTTP Request: POST https://api.telegram.org/bot5800257941:AAHvixqllrdWAuavbQNpwgalzQrI9wkF5vs/getUpdates "HTTP/1.1 200 OK"
2026-03-05 14:23:58,562 [INFO] HTTP Request: POST https://api.telegram.org/bot5800257941:AAHvixqllrdWAuavbQNpwgalzQrI9wkF5vs/getUpdates "HTTP/1.1 200 OK"
2026-03-05 14:24:08,663 [INFO] HTTP Request: POST https://api.telegram.org/bot5800257941:AAHvixqllrdWAuavbQNpwgalzQrI9wkF5vs/getUpdates "HTTP/1.1 200 OK"
2026-03-05 14:24:18,761 [INFO] HTTP Request: POST https://api.telegram.org/bot5800257941:AAHvixqllrdWAuavbQNpwgalzQrI9wkF5vs/getUpdates "HTTP/1.1 200 OK"
2026-03-05 14:24:28,859 [INFO] HTTP Request: POST https://api.telegram.org/bot5800257941:AAHvixqllrdWAuavbQNpwgalzQrI9wkF5vs/getUpdates "HTTP/1.1 200 OK"
2026-03-05 14:24:38,953 [INFO] HTTP Request: POST https://api.telegram.org/bot5800257941:AAHvixqllrdWAuavbQNpwgalzQrI9wkF5vs/getUpdates "HTTP/1.1 200 OK"
2026-03-05 14:24:49,052 [INFO] HTTP Request: POST https://api.telegram.org/bot5800257941:AAHvixqllrdWAuavbQNpwgalzQrI9wkF5vs/getUpdates "HTTP/1.1 200 OK"
2026-03-05 14:24:59,150 [INFO] HTTP Request: POST https://api.telegram.org/bot5800257941:AAHvixqllrdWAuavbQNpwgalzQrI9wkF5vs/getUpdates "HTTP/1.1 200 OK"
2026-03-05 14:25:09,247 [INFO] HTTP Request: POST https://api.telegram.org/bot5800257941:AAHvixqllrdWAuavbQNpwgalzQrI9wkF5vs/getUpdates "HTTP/1.1 200 OK"
2026-03-05 14:25:19,342 [INFO] HTTP Request: POST https://api.telegram.org/bot5800257941:AAHvixqllrdWAuavbQNpwgalzQrI9wkF5vs/getUpdates "HTTP/1.1 200 OK"
2026-03-05 14:25:29,438 [INFO] HTTP Request: POST https://api.telegram.org/bot5800257941:AAHvixqllrdWAuavbQNpwgalzQrI9wkF5vs/getUpdates "HTTP/1.1 200 OK"
2026-03-05 14:25:39,534 [INFO] HTTP Request: POST https://api.telegram.org/bot5800257941:AAHvixqllrdWAuavbQNpwgalzQrI9wkF5vs/getUpdates "HTTP/1.1 200 OK"
2026-03-05 14:25:49,634 [INFO] HTTP Request: POST https://api.telegram.org/bot5800257941:AAHvixqllrdWAuavbQNpwgalzQrI9wkF5vs/getUpdates "HTTP/1.1 200 OK"
2026-03-05 14:25:59,729 [INFO] HTTP Request: POST https://api.telegram.org/bot5800257941:AAHvixqllrdWAuavbQNpwgalzQrI9wkF5vs/getUpdates "HTTP/1.1 200 OK"
2026-03-05 14:26:09,825 [INFO] HTTP Request: POST https://api.telegram.org/bot5800257941:AAHvixqllrdWAuavbQNpwgalzQrI9wkF5vs/getUpdates "HTTP/1.1 200 OK"
2026-03-05 14:26:19,922 [INFO] HTTP Request: POST https://api.telegram.org/bot5800257941:AAHvixqllrdWAuavbQNpwgalzQrI9wkF5vs/getUpdates "HTTP/1.1 200 OK"
2026-03-05 14:26:30,018 [INFO] HTTP Request: POST https://api.telegram.org/bot5800257941:AAHvixqllrdWAuavbQNpwgalzQrI9wkF5vs/getUpdates "HTTP/1.1 200 OK"
2026-03-05 14:26:40,115 [INFO] HTTP Request: POST https://api.telegram.org/bot5800257941:AAHvixqllrdWAuavbQNpwgalzQrI9wkF5vs/getUpdates "HTTP/1.1 200 OK"
2026-03-05 14:26:50,210 [INFO] HTTP Request: POST https://api.telegram.org/bot5800257941:AAHvixqllrdWAuavbQNpwgalzQrI9wkF5vs/getUpdates "HTTP/1.1 200 OK"
2026-03-05 14:27:00,306 [INFO] HTTP Request: POST https://api.telegram.org/bot5800257941:AAHvixqllrdWAuavbQNpwgalzQrI9wkF5vs/getUpdates "HTTP/1.1 200 OK"
2026-03-05 14:27:10,402 [INFO] HTTP Request: POST https://api.telegram.org/bot5800257941:AAHvixqllrdWAuavbQNpwgalzQrI9wkF5vs/getUpdates "HTTP/1.1 200 OK"
2026-03-05 14:27:20,497 [INFO] HTTP Request: POST https://api.telegram.org/bot5800257941:AAHvixqllrdWAuavbQNpwgalzQrI9wkF5vs/getUpdates "HTTP/1.1 200 OK"
2026-03-05 14:27:30,593 [INFO] HTTP Request: POST https://api.telegram.org/bot5800257941:AAHvixqllrdWAuavbQNpwgalzQrI9wkF5vs/getUpdates "HTTP/1.1 200 OK"
2026-03-05 14:27:40,689 [INFO] HTTP Request: POST https://api.telegram.org/bot5800257941:AAHvixqllrdWAuavbQNpwgalzQrI9wkF5vs/getUpdates "HTTP/1.1 200 OK"
2026-03-05 14:27:50,786 [INFO] HTTP Request: POST https://api.telegram.org/bot5800257941:AAHvixqllrdWAuavbQNpwgalzQrI9wkF5vs/getUpdates "HTTP/1.1 200 OK"
2026-03-05 14:28:00,886 [INFO] HTTP Request: POST https://api.telegram.org/bot5800257941:AAHvixqllrdWAuavbQNpwgalzQrI9wkF5vs/getUpdates "HTTP/1.1 200 OK"
2026-03-05 14:28:10,982 [INFO] HTTP Request: POST https://api.telegram.org/bot5800257941:AAHvixqllrdWAuavbQNpwgalzQrI9wkF5vs/getUpdates "HTTP/1.1 200 OK"
2026-03-05 14:28:21,080 [INFO] HTTP Request: POST https://api.telegram.org/bot5800257941:AAHvixqllrdWAuavbQNpwgalzQrI9wkF5vs/getUpdates "HTTP/1.1 200 OK"
2026-03-05 14:28:31,178 [INFO] HTTP Request: POST https://api.telegram.org/bot5800257941:AAHvixqllrdWAuavbQNpwgalzQrI9wkF5vs/getUpdates "HTTP/1.1 200 OK"
2026-03-05 14:28:41,273 [INFO] HTTP Request: POST https://api.telegram.org/bot5800257941:AAHvixqllrdWAuavbQNpwgalzQrI9wkF5vs/getUpdates "HTTP/1.1 200 OK"
2026-03-05 14:28:51,369 [INFO] HTTP Request: POST https://api.telegram.org/bot5800257941:AAHvixqllrdWAuavbQNpwgalzQrI9wkF5vs/getUpdates "HTTP/1.1 200 OK"
2026-03-05 14:29:01,467 [INFO] HTTP Request: POST https://api.telegram.org/bot5800257941:AAHvixqllrdWAuavbQNpwgalzQrI9wkF5vs/getUpdates "HTTP/1.1 200 OK"
2026-03-05 14:29:11,684 [INFO] HTTP Request: POST https://api.telegram.org/bot5800257941:AAHvixqllrdWAuavbQNpwgalzQrI9wkF5vs/getUpdates "HTTP/1.1 200 OK"
2026-03-05 14:29:21,835 [INFO] HTTP Request: POST https://api.telegram.org/bot5800257941:AAHvixqllrdWAuavbQNpwgalzQrI9wkF5vs/getUpdates "HTTP/1.1 200 OK"
2026-03-05 14:29:31,930 [INFO] HTTP Request: POST https://api.telegram.org/bot5800257941:AAHvixqllrdWAuavbQNpwgalzQrI9wkF5vs/getUpdates "HTTP/1.1 200 OK"
2026-03-05 14:29:42,026 [INFO] HTTP Request: POST https://api.telegram.org/bot5800257941:AAHvixqllrdWAuavbQNpwgalzQrI9wkF5vs/getUpdates "HTTP/1.1 200 OK"
2026-03-05 14:29:52,122 [INFO] HTTP Request: POST https://api.telegram.org/bot5800257941:AAHvixqllrdWAuavbQNpwgalzQrI9wkF5vs/getUpdates "HTTP/1.1 200 OK"
2026-03-05 14:30:02,222 [INFO] HTTP Request: POST https://api.telegram.org/bot5800257941:AAHvixqllrdWAuavbQNpwgalzQrI9wkF5vs/getUpdates "HTTP/1.1 200 OK"
2026-03-05 14:30:12,321 [INFO] HTTP Request: POST https://api.telegram.org/bot5800257941:AAHvixqllrdWAuavbQNpwgalzQrI9wkF5vs/getUpdates "HTTP/1.1 200 OK"
2026-03-05 14:30:22,416 [INFO] HTTP Request: POST https://api.telegram.org/bot5800257941:AAHvixqllrdWAuavbQNpwgalzQrI9wkF5vs/getUpdates "HTTP/1.1 200 OK"
2026-03-05 14:30:32,514 [INFO] HTTP Request: POST https://api.telegram.org/bot5800257941:AAHvixqllrdWAuavbQNpwgalzQrI9wkF5vs/getUpdates "HTTP/1.1 200 OK"
2026-03-05 14:30:42,642 [INFO] HTTP Request: POST https://api.telegram.org/bot5800257941:AAHvixqllrdWAuavbQNpwgalzQrI9wkF5vs/getUpdates "HTTP/1.1 200 OK"
2026-03-05 14:30:52,740 [INFO] HTTP Request: POST https://api.telegram.org/bot5800257941:AAHvixqllrdWAuavbQNpwgalzQrI9wkF5vs/getUpdates "HTTP/1.1 200 OK"
2026-03-05 14:31:02,839 [INFO] HTTP Request: POST https://api.telegram.org/bot5800257941:AAHvixqllrdWAuavbQNpwgalzQrI9wkF5vs/getUpdates "HTTP/1.1 200 OK"
2026-03-05 14:31:12,935 [INFO] HTTP Request: POST https://api.telegram.org/bot5800257941:AAHvixqllrdWAuavbQNpwgalzQrI9wkF5vs/getUpdates "HTTP/1.1 200 OK"
2026-03-05 14:31:23,031 [INFO] HTTP Request: POST https://api.telegram.org/bot5800257941:AAHvixqllrdWAuavbQNpwgalzQrI9wkF5vs/getUpdates "HTTP/1.1 200 OK"
2026-03-05 14:31:33,130 [INFO] HTTP Request: POST https://api.telegram.org/bot5800257941:AAHvixqllrdWAuavbQNpwgalzQrI9wkF5vs/getUpdates "HTTP/1.1 200 OK"
2026-03-05 14:31:43,226 [INFO] HTTP Request: POST https://api.telegram.org/bot5800257941:AAHvixqllrdWAuavbQNpwgalzQrI9wkF5vs/getUpdates "HTTP/1.1 200 OK"
2026-03-05 14:31:53,322 [INFO] HTTP Request: POST https://api.telegram.org/bot5800257941:AAHvixqllrdWAuavbQNpwgalzQrI9wkF5vs/getUpdates "HTTP/1.1 200 OK"
2026-03-05 14:32:03,419 [INFO] HTTP Request: POST https://api.telegram.org/bot5800257941:AAHvixqllrdWAuavbQNpwgalzQrI9wkF5vs/getUpdates "HTTP/1.1 200 OK"
2026-03-05 14:32:13,517 [INFO] HTTP Request: POST https://api.telegram.org/bot5800257941:AAHvixqllrdWAuavbQNpwgalzQrI9wkF5vs/getUpdates "HTTP/1.1 200 OK"
2026-03-05 14:32:23,615 [INFO] HTTP Request: POST https://api.telegram.org/bot5800257941:AAHvixqllrdWAuavbQNpwgalzQrI9wkF5vs/getUpdates "HTTP/1.1 200 OK"
2026-03-05 14:32:34,014 [INFO] HTTP Request: POST https://api.telegram.org/bot5800257941:AAHvixqllrdWAuavbQNpwgalzQrI9wkF5vs/getUpdates "HTTP/1.1 200 OK"
2026-03-05 14:32:44,118 [INFO] HTTP Request: POST https://api.telegram.org/bot5800257941:AAHvixqllrdWAuavbQNpwgalzQrI9wkF5vs/getUpdates "HTTP/1.1 200 OK"
2026-03-05 14:32:54,215 [INFO] HTTP Request: POST https://api.telegram.org/bot5800257941:AAHvixqllrdWAuavbQNpwgalzQrI9wkF5vs/getUpdates "HTTP/1.1 200 OK"
2026-03-05 14:33:04,310 [INFO] HTTP Request: POST https://api.telegram.org/bot5800257941:AAHvixqllrdWAuavbQNpwgalzQrI9wkF5vs/getUpdates "HTTP/1.1 200 OK"
2026-03-05 14:33:14,406 [INFO] HTTP Request: POST https://api.telegram.org/bot5800257941:AAHvixqllrdWAuavbQNpwgalzQrI9wkF5vs/getUpdates "HTTP/1.1 200 OK"
2026-03-05 14:33:24,504 [INFO] HTTP Request: POST https://api.telegram.org/bot5800257941:AAHvixqllrdWAuavbQNpwgalzQrI9wkF5vs/getUpdates "HTTP/1.1 200 OK"
2026-03-05 14:33:34,601 [INFO] HTTP Request: POST https://api.telegram.org/bot5800257941:AAHvixqllrdWAuavbQNpwgalzQrI9wkF5vs/getUpdates "HTTP/1.1 200 OK"
2026-03-05 14:33:44,695 [INFO] HTTP Request: POST https://api.telegram.org/bot5800257941:AAHvixqllrdWAuavbQNpwgalzQrI9wkF5vs/getUpdates "HTTP/1.1 200 OK"
2026-03-05 14:33:54,792 [INFO] HTTP Request: POST https://api.telegram.org/bot5800257941:AAHvixqllrdWAuavbQNpwgalzQrI9wkF5vs/getUpdates "HTTP/1.1 200 OK"
2026-03-05 14:34:05,165 [INFO] HTTP Request: POST https://api.telegram.org/bot5800257941:AAHvixqllrdWAuavbQNpwgalzQrI9wkF5vs/getUpdates "HTTP/1.1 200 OK"
2026-03-05 14:34:15,262 [INFO] HTTP Request: POST https://api.telegram.org/bot5800257941:AAHvixqllrdWAuavbQNpwgalzQrI9wkF5vs/getUpdates "HTTP/1.1 200 OK"
2026-03-05 14:34:25,368 [INFO] HTTP Request: POST https://api.telegram.org/bot5800257941:AAHvixqllrdWAuavbQNpwgalzQrI9wkF5vs/getUpdates "HTTP/1.1 200 OK"
2026-03-05 14:34:35,470 [INFO] HTTP Request: POST https://api.telegram.org/bot5800257941:AAHvixqllrdWAuavbQNpwgalzQrI9wkF5vs/getUpdates "HTTP/1.1 200 OK"
2026-03-05 14:34:45,573 [INFO] HTTP Request: POST https://api.telegram.org/bot5800257941:AAHvixqllrdWAuavbQNpwgalzQrI9wkF5vs/getUpdates "HTTP/1.1 200 OK"
2026-03-05 14:34:55,670 [INFO] HTTP Request: POST https://api.telegram.org/bot5800257941:AAHvixqllrdWAuavbQNpwgalzQrI9wkF5vs/getUpdates "HTTP/1.1 200 OK"
2026-03-05 14:35:05,766 [INFO] HTTP Request: POST https://api.telegram.org/bot5800257941:AAHvixqllrdWAuavbQNpwgalzQrI9wkF5vs/getUpdates "HTTP/1.1 200 OK"
2026-03-05 14:35:15,862 [INFO] HTTP Request: POST https://api.telegram.org/bot5800257941:AAHvixqllrdWAuavbQNpwgalzQrI9wkF5vs/getUpdates "HTTP/1.1 200 OK"
2026-03-05 14:35:25,959 [INFO] HTTP Request: POST https://api.telegram.org/bot5800257941:AAHvixqllrdWAuavbQNpwgalzQrI9wkF5vs/getUpdates "HTTP/1.1 200 OK"
2026-03-05 14:35:36,068 [INFO] HTTP Request: POST https://api.telegram.org/bot5800257941:AAHvixqllrdWAuavbQNpwgalzQrI9wkF5vs/getUpdates "HTTP/1.1 200 OK"
2026-03-05 14:35:46,166 [INFO] HTTP Request: POST https://api.telegram.org/bot5800257941:AAHvixqllrdWAuavbQNpwgalzQrI9wkF5vs/getUpdates "HTTP/1.1 200 OK"
2026-03-05 14:35:56,265 [INFO] HTTP Request: POST https://api.telegram.org/bot5800257941:AAHvixqllrdWAuavbQNpwgalzQrI9wkF5vs/getUpdates "HTTP/1.1 200 OK"
2026-03-05 14:36:06,363 [INFO] HTTP Request: POST https://api.telegram.org/bot5800257941:AAHvixqllrdWAuavbQNpwgalzQrI9wkF5vs/getUpdates "HTTP/1.1 200 OK"
2026-03-05 14:36:16,460 [INFO] HTTP Request: POST https://api.telegram.org/bot5800257941:AAHvixqllrdWAuavbQNpwgalzQrI9wkF5vs/getUpdates "HTTP/1.1 200 OK"
2026-03-05 14:36:26,556 [INFO] HTTP Request: POST https://api.telegram.org/bot5800257941:AAHvixqllrdWAuavbQNpwgalzQrI9wkF5vs/getUpdates "HTTP/1.1 200 OK"
2026-03-05 14:36:36,689 [INFO] HTTP Request: POST https://api.telegram.org/bot5800257941:AAHvixqllrdWAuavbQNpwgalzQrI9wkF5vs/getUpdates "HTTP/1.1 200 OK"
2026-03-05 14:36:46,786 [INFO] HTTP Request: POST https://api.telegram.org/bot5800257941:AAHvixqllrdWAuavbQNpwgalzQrI9wkF5vs/getUpdates "HTTP/1.1 200 OK"
2026-03-05 14:36:56,883 [INFO] HTTP Request: POST https://api.telegram.org/bot5800257941:AAHvixqllrdWAuavbQNpwgalzQrI9wkF5vs/getUpdates "HTTP/1.1 200 OK"
2026-03-05 14:37:06,984 [INFO] HTTP Request: POST https://api.telegram.org/bot5800257941:AAHvixqllrdWAuavbQNpwgalzQrI9wkF5vs/getUpdates "HTTP/1.1 200 OK"
2026-03-05 14:37:17,081 [INFO] HTTP Request: POST https://api.telegram.org/bot5800257941:AAHvixqllrdWAuavbQNpwgalzQrI9wkF5vs/getUpdates "HTTP/1.1 200 OK"
2026-03-05 14:37:27,181 [INFO] HTTP Request: POST https://api.telegram.org/bot5800257941:AAHvixqllrdWAuavbQNpwgalzQrI9wkF5vs/getUpdates "HTTP/1.1 200 OK"
2026-03-05 14:37:37,277 [INFO] HTTP Request: POST https://api.telegram.org/bot5800257941:AAHvixqllrdWAuavbQNpwgalzQrI9wkF5vs/getUpdates "HTTP/1.1 200 OK"
2026-03-05 14:37:47,380 [INFO] HTTP Request: POST https://api.telegram.org/bot5800257941:AAHvixqllrdWAuavbQNpwgalzQrI9wkF5vs/getUpdates "HTTP/1.1 200 OK"
2026-03-05 14:37:57,482 [INFO] HTTP Request: POST https://api.telegram.org/bot5800257941:AAHvixqllrdWAuavbQNpwgalzQrI9wkF5vs/getUpdates "HTTP/1.1 200 OK"
2026-03-05 14:38:07,579 [INFO] HTTP Request: POST https://api.telegram.org/bot5800257941:AAHvixqllrdWAuavbQNpwgalzQrI9wkF5vs/getUpdates "HTTP/1.1 200 OK"
2026-03-05 14:38:17,676 [INFO] HTTP Request: POST https://api.telegram.org/bot5800257941:AAHvixqllrdWAuavbQNpwgalzQrI9wkF5vs/getUpdates "HTTP/1.1 200 OK"
2026-03-05 14:38:27,774 [INFO] HTTP Request: POST https://api.telegram.org/bot5800257941:AAHvixqllrdWAuavbQNpwgalzQrI9wkF5vs/getUpdates "HTTP/1.1 200 OK"
2026-03-05 14:38:37,870 [INFO] HTTP Request: POST https://api.telegram.org/bot5800257941:AAHvixqllrdWAuavbQNpwgalzQrI9wkF5vs/getUpdates "HTTP/1.1 200 OK"
2026-03-05 14:38:47,979 [INFO] HTTP Request: POST https://api.telegram.org/bot5800257941:AAHvixqllrdWAuavbQNpwgalzQrI9wkF5vs/getUpdates "HTTP/1.1 200 OK"
2026-03-05 14:38:58,076 [INFO] HTTP Request: POST https://api.telegram.org/bot5800257941:AAHvixqllrdWAuavbQNpwgalzQrI9wkF5vs/getUpdates "HTTP/1.1 200 OK"
2026-03-05 14:39:08,175 [INFO] HTTP Request: POST https://api.telegram.org/bot5800257941:AAHvixqllrdWAuavbQNpwgalzQrI9wkF5vs/getUpdates "HTTP/1.1 200 OK"
2026-03-05 14:39:18,272 [INFO] HTTP Request: POST https://api.telegram.org/bot5800257941:AAHvixqllrdWAuavbQNpwgalzQrI9wkF5vs/getUpdates "HTTP/1.1 200 OK"
2026-03-05 14:39:28,370 [INFO] HTTP Request: POST https://api.telegram.org/bot5800257941:AAHvixqllrdWAuavbQNpwgalzQrI9wkF5vs/getUpdates "HTTP/1.1 200 OK"
2026-03-05 14:39:38,467 [INFO] HTTP Request: POST https://api.telegram.org/bot5800257941:AAHvixqllrdWAuavbQNpwgalzQrI9wkF5vs/getUpdates "HTTP/1.1 200 OK"
2026-03-05 14:39:48,563 [INFO] HTTP Request: POST https://api.telegram.org/bot5800257941:AAHvixqllrdWAuavbQNpwgalzQrI9wkF5vs/getUpdates "HTTP/1.1 200 OK"
2026-03-05 14:39:58,661 [INFO] HTTP Request: POST https://api.telegram.org/bot5800257941:AAHvixqllrdWAuavbQNpwgalzQrI9wkF5vs/getUpdates "HTTP/1.1 200 OK"
2026-03-05 14:40:08,759 [INFO] HTTP Request: POST https://api.telegram.org/bot5800257941:AAHvixqllrdWAuavbQNpwgalzQrI9wkF5vs/getUpdates "HTTP/1.1 200 OK"
2026-03-05 14:40:18,858 [INFO] HTTP Request: POST https://api.telegram.org/bot5800257941:AAHvixqllrdWAuavbQNpwgalzQrI9wkF5vs/getUpdates "HTTP/1.1 200 OK"
2026-03-05 14:40:28,954 [INFO] HTTP Request: POST https://api.telegram.org/bot5800257941:AAHvixqllrdWAuavbQNpwgalzQrI9wkF5vs/getUpdates "HTTP/1.1 200 OK"
2026-03-05 14:40:39,051 [INFO] HTTP Request: POST https://api.telegram.org/bot5800257941:AAHvixqllrdWAuavbQNpwgalzQrI9wkF5vs/getUpdates "HTTP/1.1 200 OK"
2026-03-05 14:40:49,149 [INFO] HTTP Request: POST https://api.telegram.org/bot5800257941:AAHvixqllrdWAuavbQNpwgalzQrI9wkF5vs/getUpdates "HTTP/1.1 200 OK"
2026-03-05 14:40:59,245 [INFO] HTTP Request: POST https://api.telegram.org/bot5800257941:AAHvixqllrdWAuavbQNpwgalzQrI9wkF5vs/getUpdates "HTTP/1.1 200 OK"
2026-03-05 14:41:09,342 [INFO] HTTP Request: POST https://api.telegram.org/bot5800257941:AAHvixqllrdWAuavbQNpwgalzQrI9wkF5vs/getUpdates "HTTP/1.1 200 OK"
2026-03-05 14:41:19,440 [INFO] HTTP Request: POST https://api.telegram.org/bot5800257941:AAHvixqllrdWAuavbQNpwgalzQrI9wkF5vs/getUpdates "HTTP/1.1 200 OK"
2026-03-05 14:41:29,538 [INFO] HTTP Request: POST https://api.telegram.org/bot5800257941:AAHvixqllrdWAuavbQNpwgalzQrI9wkF5vs/getUpdates "HTTP/1.1 200 OK"
2026-03-05 14:41:39,636 [INFO] HTTP Request: POST https://api.telegram.org/bot5800257941:AAHvixqllrdWAuavbQNpwgalzQrI9wkF5vs/getUpdates "HTTP/1.1 200 OK"
2026-03-05 14:41:49,734 [INFO] HTTP Request: POST https://api.telegram.org/bot5800257941:AAHvixqllrdWAuavbQNpwgalzQrI9wkF5vs/getUpdates "HTTP/1.1 200 OK"
2026-03-05 14:41:59,831 [INFO] HTTP Request: POST https://api.telegram.org/bot5800257941:AAHvixqllrdWAuavbQNpwgalzQrI9wkF5vs/getUpdates "HTTP/1.1 200 OK"
2026-03-05 14:42:09,929 [INFO] HTTP Request: POST https://api.telegram.org/bot5800257941:AAHvixqllrdWAuavbQNpwgalzQrI9wkF5vs/getUpdates "HTTP/1.1 200 OK"
2026-03-05 14:42:20,025 [INFO] HTTP Request: POST https://api.telegram.org/bot5800257941:AAHvixqllrdWAuavbQNpwgalzQrI9wkF5vs/getUpdates "HTTP/1.1 200 OK"
2026-03-05 14:42:30,123 [INFO] HTTP Request: POST https://api.telegram.org/bot5800257941:AAHvixqllrdWAuavbQNpwgalzQrI9wkF5vs/getUpdates "HTTP/1.1 200 OK"
2026-03-05 14:42:40,220 [INFO] HTTP Request: POST https://api.telegram.org/bot5800257941:AAHvixqllrdWAuavbQNpwgalzQrI9wkF5vs/getUpdates "HTTP/1.1 200 OK"
2026-03-05 14:42:50,317 [INFO] HTTP Request: POST https://api.telegram.org/bot5800257941:AAHvixqllrdWAuavbQNpwgalzQrI9wkF5vs/getUpdates "HTTP/1.1 200 OK"
2026-03-05 14:43:00,437 [INFO] HTTP Request: POST https://api.telegram.org/bot5800257941:AAHvixqllrdWAuavbQNpwgalzQrI9wkF5vs/getUpdates "HTTP/1.1 200 OK"
2026-03-05 14:43:10,533 [INFO] HTTP Request: POST https://api.telegram.org/bot5800257941:AAHvixqllrdWAuavbQNpwgalzQrI9wkF5vs/getUpdates "HTTP/1.1 200 OK"
2026-03-05 14:43:20,634 [INFO] HTTP Request: POST https://api.telegram.org/bot5800257941:AAHvixqllrdWAuavbQNpwgalzQrI9wkF5vs/getUpdates "HTTP/1.1 200 OK"
2026-03-05 14:43:30,820 [INFO] HTTP Request: POST https://api.telegram.org/bot5800257941:AAHvixqllrdWAuavbQNpwgalzQrI9wkF5vs/getUpdates "HTTP/1.1 200 OK"
2026-03-05 14:43:40,941 [INFO] HTTP Request: POST https://api.telegram.org/bot5800257941:AAHvixqllrdWAuavbQNpwgalzQrI9wkF5vs/getUpdates "HTTP/1.1 200 OK"
2026-03-05 14:43:51,039 [INFO] HTTP Request: POST https://api.telegram.org/bot5800257941:AAHvixqllrdWAuavbQNpwgalzQrI9wkF5vs/getUpdates "HTTP/1.1 200 OK"
2026-03-05 14:44:01,136 [INFO] HTTP Request: POST https://api.telegram.org/bot5800257941:AAHvixqllrdWAuavbQNpwgalzQrI9wkF5vs/getUpdates "HTTP/1.1 200 OK"
2026-03-05 14:44:11,233 [INFO] HTTP Request: POST https://api.telegram.org/bot5800257941:AAHvixqllrdWAuavbQNpwgalzQrI9wkF5vs/getUpdates "HTTP/1.1 200 OK"
2026-03-05 14:44:21,331 [INFO] HTTP Request: POST https://api.telegram.org/bot5800257941:AAHvixqllrdWAuavbQNpwgalzQrI9wkF5vs/getUpdates "HTTP/1.1 200 OK"
2026-03-05 14:44:31,427 [INFO] HTTP Request: POST https://api.telegram.org/bot5800257941:AAHvixqllrdWAuavbQNpwgalzQrI9wkF5vs/getUpdates "HTTP/1.1 200 OK"
2026-03-05 14:44:41,524 [INFO] HTTP Request: POST https://api.telegram.org/bot5800257941:AAHvixqllrdWAuavbQNpwgalzQrI9wkF5vs/getUpdates "HTTP/1.1 200 OK"
2026-03-05 14:44:51,621 [INFO] HTTP Request: POST https://api.telegram.org/bot5800257941:AAHvixqllrdWAuavbQNpwgalzQrI9wkF5vs/getUpdates "HTTP/1.1 200 OK"
2026-03-05 14:45:01,720 [INFO] HTTP Request: POST https://api.telegram.org/bot5800257941:AAHvixqllrdWAuavbQNpwgalzQrI9wkF5vs/getUpdates "HTTP/1.1 200 OK"
2026-03-05 14:45:11,818 [INFO] HTTP Request: POST https://api.telegram.org/bot5800257941:AAHvixqllrdWAuavbQNpwgalzQrI9wkF5vs/getUpdates "HTTP/1.1 200 OK"
2026-03-05 14:45:21,915 [INFO] HTTP Request: POST https://api.telegram.org/bot5800257941:AAHvixqllrdWAuavbQNpwgalzQrI9wkF5vs/getUpdates "HTTP/1.1 200 OK"
2026-03-05 14:45:32,013 [INFO] HTTP Request: POST https://api.telegram.org/bot5800257941:AAHvixqllrdWAuavbQNpwgalzQrI9wkF5vs/getUpdates "HTTP/1.1 200 OK"
2026-03-05 14:45:42,112 [INFO] HTTP Request: POST https://api.telegram.org/bot5800257941:AAHvixqllrdWAuavbQNpwgalzQrI9wkF5vs/getUpdates "HTTP/1.1 200 OK"
2026-03-05 14:45:52,209 [INFO] HTTP Request: POST https://api.telegram.org/bot5800257941:AAHvixqllrdWAuavbQNpwgalzQrI9wkF5vs/getUpdates "HTTP/1.1 200 OK"
2026-03-05 14:46:02,364 [INFO] HTTP Request: POST https://api.telegram.org/bot5800257941:AAHvixqllrdWAuavbQNpwgalzQrI9wkF5vs/getUpdates "HTTP/1.1 200 OK"
2026-03-05 14:46:12,532 [INFO] HTTP Request: POST https://api.telegram.org/bot5800257941:AAHvixqllrdWAuavbQNpwgalzQrI9wkF5vs/getUpdates "HTTP/1.1 200 OK"
2026-03-05 14:46:22,631 [INFO] HTTP Request: POST https://api.telegram.org/bot5800257941:AAHvixqllrdWAuavbQNpwgalzQrI9wkF5vs/getUpdates "HTTP/1.1 200 OK"
2026-03-05 14:46:32,727 [INFO] HTTP Request: POST https://api.telegram.org/bot5800257941:AAHvixqllrdWAuavbQNpwgalzQrI9wkF5vs/getUpdates "HTTP/1.1 200 OK"
2026-03-05 14:46:42,829 [INFO] HTTP Request: POST https://api.telegram.org/bot5800257941:AAHvixqllrdWAuavbQNpwgalzQrI9wkF5vs/getUpdates "HTTP/1.1 200 OK"
2026-03-05 14:46:53,036 [INFO] HTTP Request: POST https://api.telegram.org/bot5800257941:AAHvixqllrdWAuavbQNpwgalzQrI9wkF5vs/getUpdates "HTTP/1.1 200 OK"
2026-03-05 14:47:03,135 [INFO] HTTP Request: POST https://api.telegram.org/bot5800257941:AAHvixqllrdWAuavbQNpwgalzQrI9wkF5vs/getUpdates "HTTP/1.1 200 OK"
2026-03-05 14:47:13,236 [INFO] HTTP Request: POST https://api.telegram.org/bot5800257941:AAHvixqllrdWAuavbQNpwgalzQrI9wkF5vs/getUpdates "HTTP/1.1 200 OK"
2026-03-05 14:47:23,333 [INFO] HTTP Request: POST https://api.telegram.org/bot5800257941:AAHvixqllrdWAuavbQNpwgalzQrI9wkF5vs/getUpdates "HTTP/1.1 200 OK"
2026-03-05 14:47:33,430 [INFO] HTTP Request: POST https://api.telegram.org/bot5800257941:AAHvixqllrdWAuavbQNpwgalzQrI9wkF5vs/getUpdates "HTTP/1.1 200 OK"
2026-03-05 14:47:43,527 [INFO] HTTP Request: POST https://api.telegram.org/bot5800257941:AAHvixqllrdWAuavbQNpwgalzQrI9wkF5vs/getUpdates "HTTP/1.1 200 OK"
2026-03-05 14:47:53,624 [INFO] HTTP Request: POST https://api.telegram.org/bot5800257941:AAHvixqllrdWAuavbQNpwgalzQrI9wkF5vs/getUpdates "HTTP/1.1 200 OK"
2026-03-05 14:48:03,722 [INFO] HTTP Request: POST https://api.telegram.org/bot5800257941:AAHvixqllrdWAuavbQNpwgalzQrI9wkF5vs/getUpdates "HTTP/1.1 200 OK"
2026-03-05 14:48:13,818 [INFO] HTTP Request: POST https://api.telegram.org/bot5800257941:AAHvixqllrdWAuavbQNpwgalzQrI9wkF5vs/getUpdates "HTTP/1.1 200 OK"
2026-03-05 14:48:23,915 [INFO] HTTP Request: POST https://api.telegram.org/bot5800257941:AAHvixqllrdWAuavbQNpwgalzQrI9wkF5vs/getUpdates "HTTP/1.1 200 OK"
2026-03-05 14:48:34,012 [INFO] HTTP Request: POST https://api.telegram.org/bot5800257941:AAHvixqllrdWAuavbQNpwgalzQrI9wkF5vs/getUpdates "HTTP/1.1 200 OK"
2026-03-05 14:48:44,110 [INFO] HTTP Request: POST https://api.telegram.org/bot5800257941:AAHvixqllrdWAuavbQNpwgalzQrI9wkF5vs/getUpdates "HTTP/1.1 200 OK"
2026-03-05 14:48:54,208 [INFO] HTTP Request: POST https://api.telegram.org/bot5800257941:AAHvixqllrdWAuavbQNpwgalzQrI9wkF5vs/getUpdates "HTTP/1.1 200 OK"
2026-03-05 14:49:04,305 [INFO] HTTP Request: POST https://api.telegram.org/bot5800257941:AAHvixqllrdWAuavbQNpwgalzQrI9wkF5vs/getUpdates "HTTP/1.1 200 OK"
2026-03-05 14:49:14,401 [INFO] HTTP Request: POST https://api.telegram.org/bot5800257941:AAHvixqllrdWAuavbQNpwgalzQrI9wkF5vs/getUpdates "HTTP/1.1 200 OK"
2026-03-05 14:49:24,498 [INFO] HTTP Request: POST https://api.telegram.org/bot5800257941:AAHvixqllrdWAuavbQNpwgalzQrI9wkF5vs/getUpdates "HTTP/1.1 200 OK"
2026-03-05 14:49:34,637 [INFO] HTTP Request: POST https://api.telegram.org/bot5800257941:AAHvixqllrdWAuavbQNpwgalzQrI9wkF5vs/getUpdates "HTTP/1.1 200 OK"
2026-03-05 14:49:44,733 [INFO] HTTP Request: POST https://api.telegram.org/bot5800257941:AAHvixqllrdWAuavbQNpwgalzQrI9wkF5vs/getUpdates "HTTP/1.1 200 OK"
2026-03-05 14:49:54,838 [INFO] HTTP Request: POST https://api.telegram.org/bot5800257941:AAHvixqllrdWAuavbQNpwgalzQrI9wkF5vs/getUpdates "HTTP/1.1 200 OK"
2026-03-05 14:50:04,980 [INFO] HTTP Request: POST https://api.telegram.org/bot5800257941:AAHvixqllrdWAuavbQNpwgalzQrI9wkF5vs/getUpdates "HTTP/1.1 200 OK"
2026-03-05 14:50:15,078 [INFO] HTTP Request: POST https://api.telegram.org/bot5800257941:AAHvixqllrdWAuavbQNpwgalzQrI9wkF5vs/getUpdates "HTTP/1.1 200 OK"
2026-03-05 14:50:25,200 [INFO] HTTP Request: POST https://api.telegram.org/bot5800257941:AAHvixqllrdWAuavbQNpwgalzQrI9wkF5vs/getUpdates "HTTP/1.1 200 OK"
2026-03-05 14:50:35,298 [INFO] HTTP Request: POST https://api.telegram.org/bot5800257941:AAHvixqllrdWAuavbQNpwgalzQrI9wkF5vs/getUpdates "HTTP/1.1 200 OK"
2026-03-05 14:50:45,397 [INFO] HTTP Request: POST https://api.telegram.org/bot5800257941:AAHvixqllrdWAuavbQNpwgalzQrI9wkF5vs/getUpdates "HTTP/1.1 200 OK"
2026-03-05 14:50:55,958 [INFO] HTTP Request: POST https://api.telegram.org/bot5800257941:AAHvixqllrdWAuavbQNpwgalzQrI9wkF5vs/getUpdates "HTTP/1.1 200 OK"
2026-03-05 14:51:06,056 [INFO] HTTP Request: POST https://api.telegram.org/bot5800257941:AAHvixqllrdWAuavbQNpwgalzQrI9wkF5vs/getUpdates "HTTP/1.1 200 OK"
2026-03-05 14:51:16,152 [INFO] HTTP Request: POST https://api.telegram.org/bot5800257941:AAHvixqllrdWAuavbQNpwgalzQrI9wkF5vs/getUpdates "HTTP/1.1 200 OK"
2026-03-05 14:51:26,249 [INFO] HTTP Request: POST https://api.telegram.org/bot5800257941:AAHvixqllrdWAuavbQNpwgalzQrI9wkF5vs/getUpdates "HTTP/1.1 200 OK"
2026-03-05 14:51:36,348 [INFO] HTTP Request: POST https://api.telegram.org/bot5800257941:AAHvixqllrdWAuavbQNpwgalzQrI9wkF5vs/getUpdates "HTTP/1.1 200 OK"
2026-03-05 14:51:46,461 [INFO] HTTP Request: POST https://api.telegram.org/bot5800257941:AAHvixqllrdWAuavbQNpwgalzQrI9wkF5vs/getUpdates "HTTP/1.1 200 OK"
2026-03-05 14:51:56,566 [INFO] HTTP Request: POST https://api.telegram.org/bot5800257941:AAHvixqllrdWAuavbQNpwgalzQrI9wkF5vs/getUpdates "HTTP/1.1 200 OK"
2026-03-05 14:52:06,666 [INFO] HTTP Request: POST https://api.telegram.org/bot5800257941:AAHvixqllrdWAuavbQNpwgalzQrI9wkF5vs/getUpdates "HTTP/1.1 200 OK"
2026-03-05 14:52:16,762 [INFO] HTTP Request: POST https://api.telegram.org/bot5800257941:AAHvixqllrdWAuavbQNpwgalzQrI9wkF5vs/getUpdates "HTTP/1.1 200 OK"
2026-03-05 14:52:26,860 [INFO] HTTP Request: POST https://api.telegram.org/bot5800257941:AAHvixqllrdWAuavbQNpwgalzQrI9wkF5vs/getUpdates "HTTP/1.1 200 OK"
2026-03-05 14:52:36,957 [INFO] HTTP Request: POST https://api.telegram.org/bot5800257941:AAHvixqllrdWAuavbQNpwgalzQrI9wkF5vs/getUpdates "HTTP/1.1 200 OK"
2026-03-05 14:52:47,053 [INFO] HTTP Request: POST https://api.telegram.org/bot5800257941:AAHvixqllrdWAuavbQNpwgalzQrI9wkF5vs/getUpdates "HTTP/1.1 200 OK"
2026-03-05 14:52:57,149 [INFO] HTTP Request: POST https://api.telegram.org/bot5800257941:AAHvixqllrdWAuavbQNpwgalzQrI9wkF5vs/getUpdates "HTTP/1.1 200 OK"
2026-03-05 14:53:07,247 [INFO] HTTP Request: POST https://api.telegram.org/bot5800257941:AAHvixqllrdWAuavbQNpwgalzQrI9wkF5vs/getUpdates "HTTP/1.1 200 OK"
2026-03-05 14:53:17,344 [INFO] HTTP Request: POST https://api.telegram.org/bot5800257941:AAHvixqllrdWAuavbQNpwgalzQrI9wkF5vs/getUpdates "HTTP/1.1 200 OK"
2026-03-05 14:53:27,761 [INFO] HTTP Request: POST https://api.telegram.org/bot5800257941:AAHvixqllrdWAuavbQNpwgalzQrI9wkF5vs/getUpdates "HTTP/1.1 200 OK"
2026-03-05 14:53:37,858 [INFO] HTTP Request: POST https://api.telegram.org/bot5800257941:AAHvixqllrdWAuavbQNpwgalzQrI9wkF5vs/getUpdates "HTTP/1.1 200 OK"
2026-03-05 14:53:47,958 [INFO] HTTP Request: POST https://api.telegram.org/bot5800257941:AAHvixqllrdWAuavbQNpwgalzQrI9wkF5vs/getUpdates "HTTP/1.1 200 OK"
2026-03-05 14:53:58,055 [INFO] HTTP Request: POST https://api.telegram.org/bot5800257941:AAHvixqllrdWAuavbQNpwgalzQrI9wkF5vs/getUpdates "HTTP/1.1 200 OK"
2026-03-05 14:54:08,152 [INFO] HTTP Request: POST https://api.telegram.org/bot5800257941:AAHvixqllrdWAuavbQNpwgalzQrI9wkF5vs/getUpdates "HTTP/1.1 200 OK"
2026-03-05 14:54:18,251 [INFO] HTTP Request: POST https://api.telegram.org/bot5800257941:AAHvixqllrdWAuavbQNpwgalzQrI9wkF5vs/getUpdates "HTTP/1.1 200 OK"
2026-03-05 14:54:28,347 [INFO] HTTP Request: POST https://api.telegram.org/bot5800257941:AAHvixqllrdWAuavbQNpwgalzQrI9wkF5vs/getUpdates "HTTP/1.1 200 OK"
2026-03-05 14:54:38,443 [INFO] HTTP Request: POST https://api.telegram.org/bot5800257941:AAHvixqllrdWAuavbQNpwgalzQrI9wkF5vs/getUpdates "HTTP/1.1 200 OK"
2026-03-05 14:54:48,541 [INFO] HTTP Request: POST https://api.telegram.org/bot5800257941:AAHvixqllrdWAuavbQNpwgalzQrI9wkF5vs/getUpdates "HTTP/1.1 200 OK"
2026-03-05 14:54:58,638 [INFO] HTTP Request: POST https://api.telegram.org/bot5800257941:AAHvixqllrdWAuavbQNpwgalzQrI9wkF5vs/getUpdates "HTTP/1.1 200 OK"
2026-03-05 14:55:08,737 [INFO] HTTP Request: POST https://api.telegram.org/bot5800257941:AAHvixqllrdWAuavbQNpwgalzQrI9wkF5vs/getUpdates "HTTP/1.1 200 OK"
2026-03-05 14:55:18,833 [INFO] HTTP Request: POST https://api.telegram.org/bot5800257941:AAHvixqllrdWAuavbQNpwgalzQrI9wkF5vs/getUpdates "HTTP/1.1 200 OK"
2026-03-05 14:55:28,931 [INFO] HTTP Request: POST https://api.telegram.org/bot5800257941:AAHvixqllrdWAuavbQNpwgalzQrI9wkF5vs/getUpdates "HTTP/1.1 200 OK"
2026-03-05 14:55:39,027 [INFO] HTTP Request: POST https://api.telegram.org/bot5800257941:AAHvixqllrdWAuavbQNpwgalzQrI9wkF5vs/getUpdates "HTTP/1.1 200 OK"
2026-03-05 14:55:49,123 [INFO] HTTP Request: POST https://api.telegram.org/bot5800257941:AAHvixqllrdWAuavbQNpwgalzQrI9wkF5vs/getUpdates "HTTP/1.1 200 OK"
2026-03-05 14:55:59,230 [INFO] HTTP Request: POST https://api.telegram.org/bot5800257941:AAHvixqllrdWAuavbQNpwgalzQrI9wkF5vs/getUpdates "HTTP/1.1 200 OK"
2026-03-05 14:56:09,327 [INFO] HTTP Request: POST https://api.telegram.org/bot5800257941:AAHvixqllrdWAuavbQNpwgalzQrI9wkF5vs/getUpdates "HTTP/1.1 200 OK"
2026-03-05 14:56:19,424 [INFO] HTTP Request: POST https://api.telegram.org/bot5800257941:AAHvixqllrdWAuavbQNpwgalzQrI9wkF5vs/getUpdates "HTTP/1.1 200 OK"
2026-03-05 14:56:29,524 [INFO] HTTP Request: POST https://api.telegram.org/bot5800257941:AAHvixqllrdWAuavbQNpwgalzQrI9wkF5vs/getUpdates "HTTP/1.1 200 OK"
2026-03-05 14:56:39,621 [INFO] HTTP Request: POST https://api.telegram.org/bot5800257941:AAHvixqllrdWAuavbQNpwgalzQrI9wkF5vs/getUpdates "HTTP/1.1 200 OK"
2026-03-05 14:56:49,718 [INFO] HTTP Request: POST https://api.telegram.org/bot5800257941:AAHvixqllrdWAuavbQNpwgalzQrI9wkF5vs/getUpdates "HTTP/1.1 200 OK"
2026-03-05 14:56:59,814 [INFO] HTTP Request: POST https://api.telegram.org/bot5800257941:AAHvixqllrdWAuavbQNpwgalzQrI9wkF5vs/getUpdates "HTTP/1.1 200 OK"
2026-03-05 14:57:09,913 [INFO] HTTP Request: POST https://api.telegram.org/bot5800257941:AAHvixqllrdWAuavbQNpwgalzQrI9wkF5vs/getUpdates "HTTP/1.1 200 OK"
2026-03-05 14:57:20,009 [INFO] HTTP Request: POST https://api.telegram.org/bot5800257941:AAHvixqllrdWAuavbQNpwgalzQrI9wkF5vs/getUpdates "HTTP/1.1 200 OK"
2026-03-05 14:57:30,106 [INFO] HTTP Request: POST https://api.telegram.org/bot5800257941:AAHvixqllrdWAuavbQNpwgalzQrI9wkF5vs/getUpdates "HTTP/1.1 200 OK"
2026-03-05 14:57:40,202 [INFO] HTTP Request: POST https://api.telegram.org/bot5800257941:AAHvixqllrdWAuavbQNpwgalzQrI9wkF5vs/getUpdates "HTTP/1.1 200 OK"
2026-03-05 14:57:50,300 [INFO] HTTP Request: POST https://api.telegram.org/bot5800257941:AAHvixqllrdWAuavbQNpwgalzQrI9wkF5vs/getUpdates "HTTP/1.1 200 OK"
2026-03-05 14:58:00,396 [INFO] HTTP Request: POST https://api.telegram.org/bot5800257941:AAHvixqllrdWAuavbQNpwgalzQrI9wkF5vs/getUpdates "HTTP/1.1 200 OK"
2026-03-05 14:58:10,492 [INFO] HTTP Request: POST https://api.telegram.org/bot5800257941:AAHvixqllrdWAuavbQNpwgalzQrI9wkF5vs/getUpdates "HTTP/1.1 200 OK"
2026-03-05 14:58:20,588 [INFO] HTTP Request: POST https://api.telegram.org/bot5800257941:AAHvixqllrdWAuavbQNpwgalzQrI9wkF5vs/getUpdates "HTTP/1.1 200 OK"
2026-03-05 14:58:30,685 [INFO] HTTP Request: POST https://api.telegram.org/bot5800257941:AAHvixqllrdWAuavbQNpwgalzQrI9wkF5vs/getUpdates "HTTP/1.1 200 OK"
2026-03-05 14:58:40,794 [INFO] HTTP Request: POST https://api.telegram.org/bot5800257941:AAHvixqllrdWAuavbQNpwgalzQrI9wkF5vs/getUpdates "HTTP/1.1 200 OK"
2026-03-05 14:58:50,892 [INFO] HTTP Request: POST https://api.telegram.org/bot5800257941:AAHvixqllrdWAuavbQNpwgalzQrI9wkF5vs/getUpdates "HTTP/1.1 200 OK"
2026-03-05 14:59:00,988 [INFO] HTTP Request: POST https://api.telegram.org/bot5800257941:AAHvixqllrdWAuavbQNpwgalzQrI9wkF5vs/getUpdates "HTTP/1.1 200 OK"
2026-03-05 14:59:11,143 [INFO] HTTP Request: POST https://api.telegram.org/bot5800257941:AAHvixqllrdWAuavbQNpwgalzQrI9wkF5vs/getUpdates "HTTP/1.1 200 OK"
2026-03-05 14:59:21,640 [INFO] HTTP Request: POST https://api.telegram.org/bot5800257941:AAHvixqllrdWAuavbQNpwgalzQrI9wkF5vs/getUpdates "HTTP/1.1 200 OK"
2026-03-05 14:59:31,881 [INFO] HTTP Request: POST https://api.telegram.org/bot5800257941:AAHvixqllrdWAuavbQNpwgalzQrI9wkF5vs/getUpdates "HTTP/1.1 200 OK"
2026-03-05 14:59:42,123 [INFO] HTTP Request: POST https://api.telegram.org/bot5800257941:AAHvixqllrdWAuavbQNpwgalzQrI9wkF5vs/getUpdates "HTTP/1.1 200 OK"
2026-03-05 14:59:52,302 [INFO] HTTP Request: POST https://api.telegram.org/bot5800257941:AAHvixqllrdWAuavbQNpwgalzQrI9wkF5vs/getUpdates "HTTP/1.1 200 OK"
2026-03-05 15:00:02,481 [INFO] HTTP Request: POST https://api.telegram.org/bot5800257941:AAHvixqllrdWAuavbQNpwgalzQrI9wkF5vs/getUpdates "HTTP/1.1 200 OK"
2026-03-05 15:00:12,582 [INFO] HTTP Request: POST https://api.telegram.org/bot5800257941:AAHvixqllrdWAuavbQNpwgalzQrI9wkF5vs/getUpdates "HTTP/1.1 200 OK"
2026-03-05 15:00:22,679 [INFO] HTTP Request: POST https://api.telegram.org/bot5800257941:AAHvixqllrdWAuavbQNpwgalzQrI9wkF5vs/getUpdates "HTTP/1.1 200 OK"
2026-03-05 15:00:32,776 [INFO] HTTP Request: POST https://api.telegram.org/bot5800257941:AAHvixqllrdWAuavbQNpwgalzQrI9wkF5vs/getUpdates "HTTP/1.1 200 OK"
2026-03-05 15:00:42,873 [INFO] HTTP Request: POST https://api.telegram.org/bot5800257941:AAHvixqllrdWAuavbQNpwgalzQrI9wkF5vs/getUpdates "HTTP/1.1 200 OK"
2026-03-05 15:00:52,971 [INFO] HTTP Request: POST https://api.telegram.org/bot5800257941:AAHvixqllrdWAuavbQNpwgalzQrI9wkF5vs/getUpdates "HTTP/1.1 200 OK"
2026-03-05 15:01:03,068 [INFO] HTTP Request: POST https://api.telegram.org/bot5800257941:AAHvixqllrdWAuavbQNpwgalzQrI9wkF5vs/getUpdates "HTTP/1.1 200 OK"
2026-03-05 15:01:13,165 [INFO] HTTP Request: POST https://api.telegram.org/bot5800257941:AAHvixqllrdWAuavbQNpwgalzQrI9wkF5vs/getUpdates "HTTP/1.1 200 OK"
2026-03-05 15:01:23,261 [INFO] HTTP Request: POST https://api.telegram.org/bot5800257941:AAHvixqllrdWAuavbQNpwgalzQrI9wkF5vs/getUpdates "HTTP/1.1 200 OK"
2026-03-05 15:01:33,358 [INFO] HTTP Request: POST https://api.telegram.org/bot5800257941:AAHvixqllrdWAuavbQNpwgalzQrI9wkF5vs/getUpdates "HTTP/1.1 200 OK"
2026-03-05 15:01:43,453 [INFO] HTTP Request: POST https://api.telegram.org/bot5800257941:AAHvixqllrdWAuavbQNpwgalzQrI9wkF5vs/getUpdates "HTTP/1.1 200 OK"
2026-03-05 15:01:53,549 [INFO] HTTP Request: POST https://api.telegram.org/bot5800257941:AAHvixqllrdWAuavbQNpwgalzQrI9wkF5vs/getUpdates "HTTP/1.1 200 OK"
2026-03-05 15:02:03,645 [INFO] HTTP Request: POST https://api.telegram.org/bot5800257941:AAHvixqllrdWAuavbQNpwgalzQrI9wkF5vs/getUpdates "HTTP/1.1 200 OK"
2026-03-05 15:02:13,742 [INFO] HTTP Request: POST https://api.telegram.org/bot5800257941:AAHvixqllrdWAuavbQNpwgalzQrI9wkF5vs/getUpdates "HTTP/1.1 200 OK"
2026-03-05 15:02:23,837 [INFO] HTTP Request: POST https://api.telegram.org/bot5800257941:AAHvixqllrdWAuavbQNpwgalzQrI9wkF5vs/getUpdates "HTTP/1.1 200 OK"
2026-03-05 15:02:33,950 [INFO] HTTP Request: POST https://api.telegram.org/bot5800257941:AAHvixqllrdWAuavbQNpwgalzQrI9wkF5vs/getUpdates "HTTP/1.1 200 OK"
2026-03-05 15:02:44,047 [INFO] HTTP Request: POST https://api.telegram.org/bot5800257941:AAHvixqllrdWAuavbQNpwgalzQrI9wkF5vs/getUpdates "HTTP/1.1 200 OK"
2026-03-05 15:02:54,143 [INFO] HTTP Request: POST https://api.telegram.org/bot5800257941:AAHvixqllrdWAuavbQNpwgalzQrI9wkF5vs/getUpdates "HTTP/1.1 200 OK"
2026-03-05 15:03:04,239 [INFO] HTTP Request: POST https://api.telegram.org/bot5800257941:AAHvixqllrdWAuavbQNpwgalzQrI9wkF5vs/getUpdates "HTTP/1.1 200 OK"
2026-03-05 15:03:14,669 [INFO] HTTP Request: POST https://api.telegram.org/bot5800257941:AAHvixqllrdWAuavbQNpwgalzQrI9wkF5vs/getUpdates "HTTP/1.1 200 OK"
2026-03-05 15:03:24,777 [INFO] HTTP Request: POST https://api.telegram.org/bot5800257941:AAHvixqllrdWAuavbQNpwgalzQrI9wkF5vs/getUpdates "HTTP/1.1 200 OK"
2026-03-05 15:03:35,181 [INFO] HTTP Request: POST https://api.telegram.org/bot5800257941:AAHvixqllrdWAuavbQNpwgalzQrI9wkF5vs/getUpdates "HTTP/1.1 200 OK"
2026-03-05 15:03:45,277 [INFO] HTTP Request: POST https://api.telegram.org/bot5800257941:AAHvixqllrdWAuavbQNpwgalzQrI9wkF5vs/getUpdates "HTTP/1.1 200 OK"
2026-03-05 15:03:55,375 [INFO] HTTP Request: POST https://api.telegram.org/bot5800257941:AAHvixqllrdWAuavbQNpwgalzQrI9wkF5vs/getUpdates "HTTP/1.1 200 OK"
2026-03-05 15:04:05,474 [INFO] HTTP Request: POST https://api.telegram.org/bot5800257941:AAHvixqllrdWAuavbQNpwgalzQrI9wkF5vs/getUpdates "HTTP/1.1 200 OK"
2026-03-05 15:04:15,569 [INFO] HTTP Request: POST https://api.telegram.org/bot5800257941:AAHvixqllrdWAuavbQNpwgalzQrI9wkF5vs/getUpdates "HTTP/1.1 200 OK"
2026-03-05 15:04:25,666 [INFO] HTTP Request: POST https://api.telegram.org/bot5800257941:AAHvixqllrdWAuavbQNpwgalzQrI9wkF5vs/getUpdates "HTTP/1.1 200 OK"
2026-03-05 15:04:35,765 [INFO] HTTP Request: POST https://api.telegram.org/bot5800257941:AAHvixqllrdWAuavbQNpwgalzQrI9wkF5vs/getUpdates "HTTP/1.1 200 OK"
2026-03-05 15:04:45,862 [INFO] HTTP Request: POST https://api.telegram.org/bot5800257941:AAHvixqllrdWAuavbQNpwgalzQrI9wkF5vs/getUpdates "HTTP/1.1 200 OK"
2026-03-05 15:04:55,958 [INFO] HTTP Request: POST https://api.telegram.org/bot5800257941:AAHvixqllrdWAuavbQNpwgalzQrI9wkF5vs/getUpdates "HTTP/1.1 200 OK"
2026-03-05 15:05:06,054 [INFO] HTTP Request: POST https://api.telegram.org/bot5800257941:AAHvixqllrdWAuavbQNpwgalzQrI9wkF5vs/getUpdates "HTTP/1.1 200 OK"
2026-03-05 15:05:16,150 [INFO] HTTP Request: POST https://api.telegram.org/bot5800257941:AAHvixqllrdWAuavbQNpwgalzQrI9wkF5vs/getUpdates "HTTP/1.1 200 OK"
2026-03-05 15:05:26,246 [INFO] HTTP Request: POST https://api.telegram.org/bot5800257941:AAHvixqllrdWAuavbQNpwgalzQrI9wkF5vs/getUpdates "HTTP/1.1 200 OK"
2026-03-05 15:05:36,342 [INFO] HTTP Request: POST https://api.telegram.org/bot5800257941:AAHvixqllrdWAuavbQNpwgalzQrI9wkF5vs/getUpdates "HTTP/1.1 200 OK"
2026-03-05 15:05:46,439 [INFO] HTTP Request: POST https://api.telegram.org/bot5800257941:AAHvixqllrdWAuavbQNpwgalzQrI9wkF5vs/getUpdates "HTTP/1.1 200 OK"
2026-03-05 15:05:56,550 [INFO] HTTP Request: POST https://api.telegram.org/bot5800257941:AAHvixqllrdWAuavbQNpwgalzQrI9wkF5vs/getUpdates "HTTP/1.1 200 OK"
2026-03-05 15:06:06,648 [INFO] HTTP Request: POST https://api.telegram.org/bot5800257941:AAHvixqllrdWAuavbQNpwgalzQrI9wkF5vs/getUpdates "HTTP/1.1 200 OK"
2026-03-05 15:06:16,743 [INFO] HTTP Request: POST https://api.telegram.org/bot5800257941:AAHvixqllrdWAuavbQNpwgalzQrI9wkF5vs/getUpdates "HTTP/1.1 200 OK"
2026-03-05 15:06:26,839 [INFO] HTTP Request: POST https://api.telegram.org/bot5800257941:AAHvixqllrdWAuavbQNpwgalzQrI9wkF5vs/getUpdates "HTTP/1.1 200 OK"
2026-03-05 15:06:36,936 [INFO] HTTP Request: POST https://api.telegram.org/bot5800257941:AAHvixqllrdWAuavbQNpwgalzQrI9wkF5vs/getUpdates "HTTP/1.1 200 OK"
2026-03-05 15:06:47,032 [INFO] HTTP Request: POST https://api.telegram.org/bot5800257941:AAHvixqllrdWAuavbQNpwgalzQrI9wkF5vs/getUpdates "HTTP/1.1 200 OK"
2026-03-05 15:06:57,129 [INFO] HTTP Request: POST https://api.telegram.org/bot5800257941:AAHvixqllrdWAuavbQNpwgalzQrI9wkF5vs/getUpdates "HTTP/1.1 200 OK"
2026-03-05 15:07:07,225 [INFO] HTTP Request: POST https://api.telegram.org/bot5800257941:AAHvixqllrdWAuavbQNpwgalzQrI9wkF5vs/getUpdates "HTTP/1.1 200 OK"
2026-03-05 15:07:17,332 [INFO] HTTP Request: POST https://api.telegram.org/bot5800257941:AAHvixqllrdWAuavbQNpwgalzQrI9wkF5vs/getUpdates "HTTP/1.1 200 OK"
2026-03-05 15:07:27,428 [INFO] HTTP Request: POST https://api.telegram.org/bot5800257941:AAHvixqllrdWAuavbQNpwgalzQrI9wkF5vs/getUpdates "HTTP/1.1 200 OK"
2026-03-05 15:07:37,524 [INFO] HTTP Request: POST https://api.telegram.org/bot5800257941:AAHvixqllrdWAuavbQNpwgalzQrI9wkF5vs/getUpdates "HTTP/1.1 200 OK"
2026-03-05 15:07:47,883 [INFO] HTTP Request: POST https://api.telegram.org/bot5800257941:AAHvixqllrdWAuavbQNpwgalzQrI9wkF5vs/getUpdates "HTTP/1.1 200 OK"
2026-03-05 15:07:57,976 [INFO] HTTP Request: POST https://api.telegram.org/bot5800257941:AAHvixqllrdWAuavbQNpwgalzQrI9wkF5vs/getUpdates "HTTP/1.1 200 OK"
2026-03-05 15:08:08,070 [INFO] HTTP Request: POST https://api.telegram.org/bot5800257941:AAHvixqllrdWAuavbQNpwgalzQrI9wkF5vs/getUpdates "HTTP/1.1 200 OK"
2026-03-05 15:08:18,164 [INFO] HTTP Request: POST https://api.telegram.org/bot5800257941:AAHvixqllrdWAuavbQNpwgalzQrI9wkF5vs/getUpdates "HTTP/1.1 200 OK"
2026-03-05 15:08:28,258 [INFO] HTTP Request: POST https://api.telegram.org/bot5800257941:AAHvixqllrdWAuavbQNpwgalzQrI9wkF5vs/getUpdates "HTTP/1.1 200 OK"
2026-03-05 15:08:38,351 [INFO] HTTP Request: POST https://api.telegram.org/bot5800257941:AAHvixqllrdWAuavbQNpwgalzQrI9wkF5vs/getUpdates "HTTP/1.1 200 OK"
2026-03-05 15:08:48,445 [INFO] HTTP Request: POST https://api.telegram.org/bot5800257941:AAHvixqllrdWAuavbQNpwgalzQrI9wkF5vs/getUpdates "HTTP/1.1 200 OK"
2026-03-05 15:08:58,538 [INFO] HTTP Request: POST https://api.telegram.org/bot5800257941:AAHvixqllrdWAuavbQNpwgalzQrI9wkF5vs/getUpdates "HTTP/1.1 200 OK"
2026-03-05 15:09:08,632 [INFO] HTTP Request: POST https://api.telegram.org/bot5800257941:AAHvixqllrdWAuavbQNpwgalzQrI9wkF5vs/getUpdates "HTTP/1.1 200 OK"
2026-03-05 15:09:18,726 [INFO] HTTP Request: POST https://api.telegram.org/bot5800257941:AAHvixqllrdWAuavbQNpwgalzQrI9wkF5vs/getUpdates "HTTP/1.1 200 OK"
2026-03-05 15:09:28,819 [INFO] HTTP Request: POST https://api.telegram.org/bot5800257941:AAHvixqllrdWAuavbQNpwgalzQrI9wkF5vs/getUpdates "HTTP/1.1 200 OK"
2026-03-05 15:09:38,913 [INFO] HTTP Request: POST https://api.telegram.org/bot5800257941:AAHvixqllrdWAuavbQNpwgalzQrI9wkF5vs/getUpdates "HTTP/1.1 200 OK"
2026-03-05 15:09:49,008 [INFO] HTTP Request: POST https://api.telegram.org/bot5800257941:AAHvixqllrdWAuavbQNpwgalzQrI9wkF5vs/getUpdates "HTTP/1.1 200 OK"
2026-03-05 15:09:59,102 [INFO] HTTP Request: POST https://api.telegram.org/bot5800257941:AAHvixqllrdWAuavbQNpwgalzQrI9wkF5vs/getUpdates "HTTP/1.1 200 OK"
2026-03-05 15:10:09,196 [INFO] HTTP Request: POST https://api.telegram.org/bot5800257941:AAHvixqllrdWAuavbQNpwgalzQrI9wkF5vs/getUpdates "HTTP/1.1 200 OK"
2026-03-05 15:10:19,298 [INFO] HTTP Request: POST https://api.telegram.org/bot5800257941:AAHvixqllrdWAuavbQNpwgalzQrI9wkF5vs/getUpdates "HTTP/1.1 200 OK"
2026-03-05 15:10:29,391 [INFO] HTTP Request: POST https://api.telegram.org/bot5800257941:AAHvixqllrdWAuavbQNpwgalzQrI9wkF5vs/getUpdates "HTTP/1.1 200 OK"
2026-03-05 15:10:39,493 [INFO] HTTP Request: POST https://api.telegram.org/bot5800257941:AAHvixqllrdWAuavbQNpwgalzQrI9wkF5vs/getUpdates "HTTP/1.1 200 OK"
2026-03-05 15:10:49,586 [INFO] HTTP Request: POST https://api.telegram.org/bot5800257941:AAHvixqllrdWAuavbQNpwgalzQrI9wkF5vs/getUpdates "HTTP/1.1 200 OK"
2026-03-05 15:10:59,685 [INFO] HTTP Request: POST https://api.telegram.org/bot5800257941:AAHvixqllrdWAuavbQNpwgalzQrI9wkF5vs/getUpdates "HTTP/1.1 200 OK"
2026-03-05 15:11:09,779 [INFO] HTTP Request: POST https://api.telegram.org/bot5800257941:AAHvixqllrdWAuavbQNpwgalzQrI9wkF5vs/getUpdates "HTTP/1.1 200 OK"
2026-03-05 15:11:19,872 [INFO] HTTP Request: POST https://api.telegram.org/bot5800257941:AAHvixqllrdWAuavbQNpwgalzQrI9wkF5vs/getUpdates "HTTP/1.1 200 OK"
2026-03-05 15:11:29,966 [INFO] HTTP Request: POST https://api.telegram.org/bot5800257941:AAHvixqllrdWAuavbQNpwgalzQrI9wkF5vs/getUpdates "HTTP/1.1 200 OK"
2026-03-05 15:11:40,060 [INFO] HTTP Request: POST https://api.telegram.org/bot5800257941:AAHvixqllrdWAuavbQNpwgalzQrI9wkF5vs/getUpdates "HTTP/1.1 200 OK"
2026-03-05 15:11:50,154 [INFO] HTTP Request: POST https://api.telegram.org/bot5800257941:AAHvixqllrdWAuavbQNpwgalzQrI9wkF5vs/getUpdates "HTTP/1.1 200 OK"
2026-03-05 15:12:00,247 [INFO] HTTP Request: POST https://api.telegram.org/bot5800257941:AAHvixqllrdWAuavbQNpwgalzQrI9wkF5vs/getUpdates "HTTP/1.1 200 OK"
2026-03-05 15:12:10,341 [INFO] HTTP Request: POST https://api.telegram.org/bot5800257941:AAHvixqllrdWAuavbQNpwgalzQrI9wkF5vs/getUpdates "HTTP/1.1 200 OK"
2026-03-05 15:12:20,435 [INFO] HTTP Request: POST https://api.telegram.org/bot5800257941:AAHvixqllrdWAuavbQNpwgalzQrI9wkF5vs/getUpdates "HTTP/1.1 200 OK"
2026-03-05 15:12:30,529 [INFO] HTTP Request: POST https://api.telegram.org/bot5800257941:AAHvixqllrdWAuavbQNpwgalzQrI9wkF5vs/getUpdates "HTTP/1.1 200 OK"
2026-03-05 15:12:40,623 [INFO] HTTP Request: POST https://api.telegram.org/bot5800257941:AAHvixqllrdWAuavbQNpwgalzQrI9wkF5vs/getUpdates "HTTP/1.1 200 OK"
2026-03-05 15:12:50,717 [INFO] HTTP Request: POST https://api.telegram.org/bot5800257941:AAHvixqllrdWAuavbQNpwgalzQrI9wkF5vs/getUpdates "HTTP/1.1 200 OK"
2026-03-05 15:13:00,811 [INFO] HTTP Request: POST https://api.telegram.org/bot5800257941:AAHvixqllrdWAuavbQNpwgalzQrI9wkF5vs/getUpdates "HTTP/1.1 200 OK"
2026-03-05 15:13:10,905 [INFO] HTTP Request: POST https://api.telegram.org/bot5800257941:AAHvixqllrdWAuavbQNpwgalzQrI9wkF5vs/getUpdates "HTTP/1.1 200 OK"
2026-03-05 15:13:20,999 [INFO] HTTP Request: POST https://api.telegram.org/bot5800257941:AAHvixqllrdWAuavbQNpwgalzQrI9wkF5vs/getUpdates "HTTP/1.1 200 OK"
2026-03-05 15:13:31,092 [INFO] HTTP Request: POST https://api.telegram.org/bot5800257941:AAHvixqllrdWAuavbQNpwgalzQrI9wkF5vs/getUpdates "HTTP/1.1 200 OK"
2026-03-05 15:13:41,186 [INFO] HTTP Request: POST https://api.telegram.org/bot5800257941:AAHvixqllrdWAuavbQNpwgalzQrI9wkF5vs/getUpdates "HTTP/1.1 200 OK"
2026-03-05 15:13:51,279 [INFO] HTTP Request: POST https://api.telegram.org/bot5800257941:AAHvixqllrdWAuavbQNpwgalzQrI9wkF5vs/getUpdates "HTTP/1.1 200 OK"
2026-03-05 15:14:01,373 [INFO] HTTP Request: POST https://api.telegram.org/bot5800257941:AAHvixqllrdWAuavbQNpwgalzQrI9wkF5vs/getUpdates "HTTP/1.1 200 OK"
2026-03-05 15:14:11,467 [INFO] HTTP Request: POST https://api.telegram.org/bot5800257941:AAHvixqllrdWAuavbQNpwgalzQrI9wkF5vs/getUpdates "HTTP/1.1 200 OK"
2026-03-05 15:14:21,988 [INFO] HTTP Request: POST https://api.telegram.org/bot5800257941:AAHvixqllrdWAuavbQNpwgalzQrI9wkF5vs/getUpdates "HTTP/1.1 200 OK"
2026-03-05 15:14:32,082 [INFO] HTTP Request: POST https://api.telegram.org/bot5800257941:AAHvixqllrdWAuavbQNpwgalzQrI9wkF5vs/getUpdates "HTTP/1.1 200 OK"
2026-03-05 15:14:42,176 [INFO] HTTP Request: POST https://api.telegram.org/bot5800257941:AAHvixqllrdWAuavbQNpwgalzQrI9wkF5vs/getUpdates "HTTP/1.1 200 OK"
2026-03-05 15:14:52,270 [INFO] HTTP Request: POST https://api.telegram.org/bot5800257941:AAHvixqllrdWAuavbQNpwgalzQrI9wkF5vs/getUpdates "HTTP/1.1 200 OK"
2026-03-05 15:15:02,365 [INFO] HTTP Request: POST https://api.telegram.org/bot5800257941:AAHvixqllrdWAuavbQNpwgalzQrI9wkF5vs/getUpdates "HTTP/1.1 200 OK"
2026-03-05 15:15:12,458 [INFO] HTTP Request: POST https://api.telegram.org/bot5800257941:AAHvixqllrdWAuavbQNpwgalzQrI9wkF5vs/getUpdates "HTTP/1.1 200 OK"
2026-03-05 15:15:22,552 [INFO] HTTP Request: POST https://api.telegram.org/bot5800257941:AAHvixqllrdWAuavbQNpwgalzQrI9wkF5vs/getUpdates "HTTP/1.1 200 OK"
2026-03-05 15:15:32,647 [INFO] HTTP Request: POST https://api.telegram.org/bot5800257941:AAHvixqllrdWAuavbQNpwgalzQrI9wkF5vs/getUpdates "HTTP/1.1 200 OK"
2026-03-05 15:15:42,757 [INFO] HTTP Request: POST https://api.telegram.org/bot5800257941:AAHvixqllrdWAuavbQNpwgalzQrI9wkF5vs/getUpdates "HTTP/1.1 200 OK"
2026-03-05 15:15:52,851 [INFO] HTTP Request: POST https://api.telegram.org/bot5800257941:AAHvixqllrdWAuavbQNpwgalzQrI9wkF5vs/getUpdates "HTTP/1.1 200 OK"
2026-03-05 15:16:02,944 [INFO] HTTP Request: POST https://api.telegram.org/bot5800257941:AAHvixqllrdWAuavbQNpwgalzQrI9wkF5vs/getUpdates "HTTP/1.1 200 OK"
2026-03-05 15:16:13,039 [INFO] HTTP Request: POST https://api.telegram.org/bot5800257941:AAHvixqllrdWAuavbQNpwgalzQrI9wkF5vs/getUpdates "HTTP/1.1 200 OK"
2026-03-05 15:16:23,135 [INFO] HTTP Request: POST https://api.telegram.org/bot5800257941:AAHvixqllrdWAuavbQNpwgalzQrI9wkF5vs/getUpdates "HTTP/1.1 200 OK"
2026-03-05 15:16:33,228 [INFO] HTTP Request: POST https://api.telegram.org/bot5800257941:AAHvixqllrdWAuavbQNpwgalzQrI9wkF5vs/getUpdates "HTTP/1.1 200 OK"
2026-03-05 15:16:43,322 [INFO] HTTP Request: POST https://api.telegram.org/bot5800257941:AAHvixqllrdWAuavbQNpwgalzQrI9wkF5vs/getUpdates "HTTP/1.1 200 OK"
2026-03-05 15:16:53,421 [INFO] HTTP Request: POST https://api.telegram.org/bot5800257941:AAHvixqllrdWAuavbQNpwgalzQrI9wkF5vs/getUpdates "HTTP/1.1 200 OK"
2026-03-05 15:17:03,515 [INFO] HTTP Request: POST https://api.telegram.org/bot5800257941:AAHvixqllrdWAuavbQNpwgalzQrI9wkF5vs/getUpdates "HTTP/1.1 200 OK"
2026-03-05 15:17:13,609 [INFO] HTTP Request: POST https://api.telegram.org/bot5800257941:AAHvixqllrdWAuavbQNpwgalzQrI9wkF5vs/getUpdates "HTTP/1.1 200 OK"
2026-03-05 15:17:23,703 [INFO] HTTP Request: POST https://api.telegram.org/bot5800257941:AAHvixqllrdWAuavbQNpwgalzQrI9wkF5vs/getUpdates "HTTP/1.1 200 OK"
2026-03-05 15:17:33,797 [INFO] HTTP Request: POST https://api.telegram.org/bot5800257941:AAHvixqllrdWAuavbQNpwgalzQrI9wkF5vs/getUpdates "HTTP/1.1 200 OK"
2026-03-05 15:17:43,894 [INFO] HTTP Request: POST https://api.telegram.org/bot5800257941:AAHvixqllrdWAuavbQNpwgalzQrI9wkF5vs/getUpdates "HTTP/1.1 200 OK"
2026-03-05 15:17:53,988 [INFO] HTTP Request: POST https://api.telegram.org/bot5800257941:AAHvixqllrdWAuavbQNpwgalzQrI9wkF5vs/getUpdates "HTTP/1.1 200 OK"
2026-03-05 15:18:04,082 [INFO] HTTP Request: POST https://api.telegram.org/bot5800257941:AAHvixqllrdWAuavbQNpwgalzQrI9wkF5vs/getUpdates "HTTP/1.1 200 OK"
2026-03-05 15:18:14,179 [INFO] HTTP Request: POST https://api.telegram.org/bot5800257941:AAHvixqllrdWAuavbQNpwgalzQrI9wkF5vs/getUpdates "HTTP/1.1 200 OK"
2026-03-05 15:18:24,273 [INFO] HTTP Request: POST https://api.telegram.org/bot5800257941:AAHvixqllrdWAuavbQNpwgalzQrI9wkF5vs/getUpdates "HTTP/1.1 200 OK"
2026-03-05 15:18:34,367 [INFO] HTTP Request: POST https://api.telegram.org/bot5800257941:AAHvixqllrdWAuavbQNpwgalzQrI9wkF5vs/getUpdates "HTTP/1.1 200 OK"
2026-03-05 15:18:44,468 [INFO] HTTP Request: POST https://api.telegram.org/bot5800257941:AAHvixqllrdWAuavbQNpwgalzQrI9wkF5vs/getUpdates "HTTP/1.1 200 OK"
2026-03-05 15:18:54,562 [INFO] HTTP Request: POST https://api.telegram.org/bot5800257941:AAHvixqllrdWAuavbQNpwgalzQrI9wkF5vs/getUpdates "HTTP/1.1 200 OK"
2026-03-05 15:19:04,656 [INFO] HTTP Request: POST https://api.telegram.org/bot5800257941:AAHvixqllrdWAuavbQNpwgalzQrI9wkF5vs/getUpdates "HTTP/1.1 200 OK"
2026-03-05 15:19:14,750 [INFO] HTTP Request: POST https://api.telegram.org/bot5800257941:AAHvixqllrdWAuavbQNpwgalzQrI9wkF5vs/getUpdates "HTTP/1.1 200 OK"
2026-03-05 15:19:24,843 [INFO] HTTP Request: POST https://api.telegram.org/bot5800257941:AAHvixqllrdWAuavbQNpwgalzQrI9wkF5vs/getUpdates "HTTP/1.1 200 OK"
2026-03-05 15:19:34,937 [INFO] HTTP Request: POST https://api.telegram.org/bot5800257941:AAHvixqllrdWAuavbQNpwgalzQrI9wkF5vs/getUpdates "HTTP/1.1 200 OK"
2026-03-05 15:19:45,031 [INFO] HTTP Request: POST https://api.telegram.org/bot5800257941:AAHvixqllrdWAuavbQNpwgalzQrI9wkF5vs/getUpdates "HTTP/1.1 200 OK"
2026-03-05 15:19:55,127 [INFO] HTTP Request: POST https://api.telegram.org/bot5800257941:AAHvixqllrdWAuavbQNpwgalzQrI9wkF5vs/getUpdates "HTTP/1.1 200 OK"
2026-03-05 15:20:05,220 [INFO] HTTP Request: POST https://api.telegram.org/bot5800257941:AAHvixqllrdWAuavbQNpwgalzQrI9wkF5vs/getUpdates "HTTP/1.1 200 OK"
2026-03-05 15:20:15,314 [INFO] HTTP Request: POST https://api.telegram.org/bot5800257941:AAHvixqllrdWAuavbQNpwgalzQrI9wkF5vs/getUpdates "HTTP/1.1 200 OK"
2026-03-05 15:20:25,407 [INFO] HTTP Request: POST https://api.telegram.org/bot5800257941:AAHvixqllrdWAuavbQNpwgalzQrI9wkF5vs/getUpdates "HTTP/1.1 200 OK"
2026-03-05 15:20:35,508 [INFO] HTTP Request: POST https://api.telegram.org/bot5800257941:AAHvixqllrdWAuavbQNpwgalzQrI9wkF5vs/getUpdates "HTTP/1.1 200 OK"
2026-03-05 15:20:45,603 [INFO] HTTP Request: POST https://api.telegram.org/bot5800257941:AAHvixqllrdWAuavbQNpwgalzQrI9wkF5vs/getUpdates "HTTP/1.1 200 OK"
2026-03-05 15:20:55,697 [INFO] HTTP Request: POST https://api.telegram.org/bot5800257941:AAHvixqllrdWAuavbQNpwgalzQrI9wkF5vs/getUpdates "HTTP/1.1 200 OK"
2026-03-05 15:21:05,791 [INFO] HTTP Request: POST https://api.telegram.org/bot5800257941:AAHvixqllrdWAuavbQNpwgalzQrI9wkF5vs/getUpdates "HTTP/1.1 200 OK"
2026-03-05 15:21:15,884 [INFO] HTTP Request: POST https://api.telegram.org/bot5800257941:AAHvixqllrdWAuavbQNpwgalzQrI9wkF5vs/getUpdates "HTTP/1.1 200 OK"
2026-03-05 15:21:25,979 [INFO] HTTP Request: POST https://api.telegram.org/bot5800257941:AAHvixqllrdWAuavbQNpwgalzQrI9wkF5vs/getUpdates "HTTP/1.1 200 OK"
2026-03-05 15:21:36,073 [INFO] HTTP Request: POST https://api.telegram.org/bot5800257941:AAHvixqllrdWAuavbQNpwgalzQrI9wkF5vs/getUpdates "HTTP/1.1 200 OK"
2026-03-05 15:21:46,167 [INFO] HTTP Request: POST https://api.telegram.org/bot5800257941:AAHvixqllrdWAuavbQNpwgalzQrI9wkF5vs/getUpdates "HTTP/1.1 200 OK"
2026-03-05 15:21:56,261 [INFO] HTTP Request: POST https://api.telegram.org/bot5800257941:AAHvixqllrdWAuavbQNpwgalzQrI9wkF5vs/getUpdates "HTTP/1.1 200 OK"
2026-03-05 15:22:06,355 [INFO] HTTP Request: POST https://api.telegram.org/bot5800257941:AAHvixqllrdWAuavbQNpwgalzQrI9wkF5vs/getUpdates "HTTP/1.1 200 OK"
2026-03-05 15:22:16,449 [INFO] HTTP Request: POST https://api.telegram.org/bot5800257941:AAHvixqllrdWAuavbQNpwgalzQrI9wkF5vs/getUpdates "HTTP/1.1 200 OK"
2026-03-05 15:22:26,543 [INFO] HTTP Request: POST https://api.telegram.org/bot5800257941:AAHvixqllrdWAuavbQNpwgalzQrI9wkF5vs/getUpdates "HTTP/1.1 200 OK"
2026-03-05 15:22:36,637 [INFO] HTTP Request: POST https://api.telegram.org/bot5800257941:AAHvixqllrdWAuavbQNpwgalzQrI9wkF5vs/getUpdates "HTTP/1.1 200 OK"
2026-03-05 15:22:46,731 [INFO] HTTP Request: POST https://api.telegram.org/bot5800257941:AAHvixqllrdWAuavbQNpwgalzQrI9wkF5vs/getUpdates "HTTP/1.1 200 OK"
2026-03-05 15:22:56,825 [INFO] HTTP Request: POST https://api.telegram.org/bot5800257941:AAHvixqllrdWAuavbQNpwgalzQrI9wkF5vs/getUpdates "HTTP/1.1 200 OK"
2026-03-05 15:23:06,919 [INFO] HTTP Request: POST https://api.telegram.org/bot5800257941:AAHvixqllrdWAuavbQNpwgalzQrI9wkF5vs/getUpdates "HTTP/1.1 200 OK"
2026-03-05 15:23:17,013 [INFO] HTTP Request: POST https://api.telegram.org/bot5800257941:AAHvixqllrdWAuavbQNpwgalzQrI9wkF5vs/getUpdates "HTTP/1.1 200 OK"
2026-03-05 15:23:27,106 [INFO] HTTP Request: POST https://api.telegram.org/bot5800257941:AAHvixqllrdWAuavbQNpwgalzQrI9wkF5vs/getUpdates "HTTP/1.1 200 OK"
2026-03-05 15:23:37,219 [INFO] HTTP Request: POST https://api.telegram.org/bot5800257941:AAHvixqllrdWAuavbQNpwgalzQrI9wkF5vs/getUpdates "HTTP/1.1 200 OK"
2026-03-05 15:23:47,313 [INFO] HTTP Request: POST https://api.telegram.org/bot5800257941:AAHvixqllrdWAuavbQNpwgalzQrI9wkF5vs/getUpdates "HTTP/1.1 200 OK"
2026-03-05 15:23:57,407 [INFO] HTTP Request: POST https://api.telegram.org/bot5800257941:AAHvixqllrdWAuavbQNpwgalzQrI9wkF5vs/getUpdates "HTTP/1.1 200 OK"
2026-03-05 15:24:07,500 [INFO] HTTP Request: POST https://api.telegram.org/bot5800257941:AAHvixqllrdWAuavbQNpwgalzQrI9wkF5vs/getUpdates "HTTP/1.1 200 OK"
2026-03-05 15:24:17,593 [INFO] HTTP Request: POST https://api.telegram.org/bot5800257941:AAHvixqllrdWAuavbQNpwgalzQrI9wkF5vs/getUpdates "HTTP/1.1 200 OK"
2026-03-05 15:24:27,687 [INFO] HTTP Request: POST https://api.telegram.org/bot5800257941:AAHvixqllrdWAuavbQNpwgalzQrI9wkF5vs/getUpdates "HTTP/1.1 200 OK"
2026-03-05 15:24:38,042 [INFO] HTTP Request: POST https://api.telegram.org/bot5800257941:AAHvixqllrdWAuavbQNpwgalzQrI9wkF5vs/getUpdates "HTTP/1.1 200 OK"
2026-03-05 15:24:48,143 [INFO] HTTP Request: POST https://api.telegram.org/bot5800257941:AAHvixqllrdWAuavbQNpwgalzQrI9wkF5vs/getUpdates "HTTP/1.1 200 OK"
2026-03-05 15:24:58,236 [INFO] HTTP Request: POST https://api.telegram.org/bot5800257941:AAHvixqllrdWAuavbQNpwgalzQrI9wkF5vs/getUpdates "HTTP/1.1 200 OK"
2026-03-05 15:25:08,332 [INFO] HTTP Request: POST https://api.telegram.org/bot5800257941:AAHvixqllrdWAuavbQNpwgalzQrI9wkF5vs/getUpdates "HTTP/1.1 200 OK"
2026-03-05 15:25:18,430 [INFO] HTTP Request: POST https://api.telegram.org/bot5800257941:AAHvixqllrdWAuavbQNpwgalzQrI9wkF5vs/getUpdates "HTTP/1.1 200 OK"
2026-03-05 15:25:28,525 [INFO] HTTP Request: POST https://api.telegram.org/bot5800257941:AAHvixqllrdWAuavbQNpwgalzQrI9wkF5vs/getUpdates "HTTP/1.1 200 OK"
2026-03-05 15:25:38,652 [INFO] HTTP Request: POST https://api.telegram.org/bot5800257941:AAHvixqllrdWAuavbQNpwgalzQrI9wkF5vs/getUpdates "HTTP/1.1 200 OK"
2026-03-05 15:25:48,756 [INFO] HTTP Request: POST https://api.telegram.org/bot5800257941:AAHvixqllrdWAuavbQNpwgalzQrI9wkF5vs/getUpdates "HTTP/1.1 200 OK"
2026-03-05 15:25:58,852 [INFO] HTTP Request: POST https://api.telegram.org/bot5800257941:AAHvixqllrdWAuavbQNpwgalzQrI9wkF5vs/getUpdates "HTTP/1.1 200 OK"
2026-03-05 15:26:08,949 [INFO] HTTP Request: POST https://api.telegram.org/bot5800257941:AAHvixqllrdWAuavbQNpwgalzQrI9wkF5vs/getUpdates "HTTP/1.1 200 OK"
2026-03-05 15:26:19,044 [INFO] HTTP Request: POST https://api.telegram.org/bot5800257941:AAHvixqllrdWAuavbQNpwgalzQrI9wkF5vs/getUpdates "HTTP/1.1 200 OK"
2026-03-05 15:26:29,141 [INFO] HTTP Request: POST https://api.telegram.org/bot5800257941:AAHvixqllrdWAuavbQNpwgalzQrI9wkF5vs/getUpdates "HTTP/1.1 200 OK"
2026-03-05 15:26:39,238 [INFO] HTTP Request: POST https://api.telegram.org/bot5800257941:AAHvixqllrdWAuavbQNpwgalzQrI9wkF5vs/getUpdates "HTTP/1.1 200 OK"
2026-03-05 15:26:49,340 [INFO] HTTP Request: POST https://api.telegram.org/bot5800257941:AAHvixqllrdWAuavbQNpwgalzQrI9wkF5vs/getUpdates "HTTP/1.1 200 OK"
2026-03-05 15:26:59,432 [INFO] HTTP Request: POST https://api.telegram.org/bot5800257941:AAHvixqllrdWAuavbQNpwgalzQrI9wkF5vs/getUpdates "HTTP/1.1 200 OK"
2026-03-05 15:27:09,525 [INFO] HTTP Request: POST https://api.telegram.org/bot5800257941:AAHvixqllrdWAuavbQNpwgalzQrI9wkF5vs/getUpdates "HTTP/1.1 200 OK"
2026-03-05 15:27:19,621 [INFO] HTTP Request: POST https://api.telegram.org/bot5800257941:AAHvixqllrdWAuavbQNpwgalzQrI9wkF5vs/getUpdates "HTTP/1.1 200 OK"
2026-03-05 15:27:29,716 [INFO] HTTP Request: POST https://api.telegram.org/bot5800257941:AAHvixqllrdWAuavbQNpwgalzQrI9wkF5vs/getUpdates "HTTP/1.1 200 OK"
2026-03-05 15:27:39,815 [INFO] HTTP Request: POST https://api.telegram.org/bot5800257941:AAHvixqllrdWAuavbQNpwgalzQrI9wkF5vs/getUpdates "HTTP/1.1 200 OK"
2026-03-05 15:27:49,914 [INFO] HTTP Request: POST https://api.telegram.org/bot5800257941:AAHvixqllrdWAuavbQNpwgalzQrI9wkF5vs/getUpdates "HTTP/1.1 200 OK"
2026-03-05 15:28:00,120 [INFO] HTTP Request: POST https://api.telegram.org/bot5800257941:AAHvixqllrdWAuavbQNpwgalzQrI9wkF5vs/getUpdates "HTTP/1.1 200 OK"
2026-03-05 15:28:10,272 [INFO] HTTP Request: POST https://api.telegram.org/bot5800257941:AAHvixqllrdWAuavbQNpwgalzQrI9wkF5vs/getUpdates "HTTP/1.1 200 OK"
2026-03-05 15:28:20,367 [INFO] HTTP Request: POST https://api.telegram.org/bot5800257941:AAHvixqllrdWAuavbQNpwgalzQrI9wkF5vs/getUpdates "HTTP/1.1 200 OK"
2026-03-05 15:28:30,467 [INFO] HTTP Request: POST https://api.telegram.org/bot5800257941:AAHvixqllrdWAuavbQNpwgalzQrI9wkF5vs/getUpdates "HTTP/1.1 200 OK"
2026-03-05 15:28:40,566 [INFO] HTTP Request: POST https://api.telegram.org/bot5800257941:AAHvixqllrdWAuavbQNpwgalzQrI9wkF5vs/getUpdates "HTTP/1.1 200 OK"
2026-03-05 15:28:50,661 [INFO] HTTP Request: POST https://api.telegram.org/bot5800257941:AAHvixqllrdWAuavbQNpwgalzQrI9wkF5vs/getUpdates "HTTP/1.1 200 OK"
2026-03-05 15:29:00,753 [INFO] HTTP Request: POST https://api.telegram.org/bot5800257941:AAHvixqllrdWAuavbQNpwgalzQrI9wkF5vs/getUpdates "HTTP/1.1 200 OK"
2026-03-05 15:29:10,860 [INFO] HTTP Request: POST https://api.telegram.org/bot5800257941:AAHvixqllrdWAuavbQNpwgalzQrI9wkF5vs/getUpdates "HTTP/1.1 200 OK"
2026-03-05 15:29:20,951 [INFO] HTTP Request: POST https://api.telegram.org/bot5800257941:AAHvixqllrdWAuavbQNpwgalzQrI9wkF5vs/getUpdates "HTTP/1.1 200 OK"
2026-03-05 15:29:31,043 [INFO] HTTP Request: POST https://api.telegram.org/bot5800257941:AAHvixqllrdWAuavbQNpwgalzQrI9wkF5vs/getUpdates "HTTP/1.1 200 OK"
2026-03-05 15:29:41,136 [INFO] HTTP Request: POST https://api.telegram.org/bot5800257941:AAHvixqllrdWAuavbQNpwgalzQrI9wkF5vs/getUpdates "HTTP/1.1 200 OK"
2026-03-05 15:29:51,231 [INFO] HTTP Request: POST https://api.telegram.org/bot5800257941:AAHvixqllrdWAuavbQNpwgalzQrI9wkF5vs/getUpdates "HTTP/1.1 200 OK"
2026-03-05 15:30:01,343 [INFO] HTTP Request: POST https://api.telegram.org/bot5800257941:AAHvixqllrdWAuavbQNpwgalzQrI9wkF5vs/getUpdates "HTTP/1.1 200 OK"
2026-03-05 15:30:11,436 [INFO] HTTP Request: POST https://api.telegram.org/bot5800257941:AAHvixqllrdWAuavbQNpwgalzQrI9wkF5vs/getUpdates "HTTP/1.1 200 OK"
2026-03-05 15:30:21,533 [INFO] HTTP Request: POST https://api.telegram.org/bot5800257941:AAHvixqllrdWAuavbQNpwgalzQrI9wkF5vs/getUpdates "HTTP/1.1 200 OK"
2026-03-05 15:30:31,637 [INFO] HTTP Request: POST https://api.telegram.org/bot5800257941:AAHvixqllrdWAuavbQNpwgalzQrI9wkF5vs/getUpdates "HTTP/1.1 200 OK"
2026-03-05 15:30:41,734 [INFO] HTTP Request: POST https://api.telegram.org/bot5800257941:AAHvixqllrdWAuavbQNpwgalzQrI9wkF5vs/getUpdates "HTTP/1.1 200 OK"
2026-03-05 15:30:51,826 [INFO] HTTP Request: POST https://api.telegram.org/bot5800257941:AAHvixqllrdWAuavbQNpwgalzQrI9wkF5vs/getUpdates "HTTP/1.1 200 OK"
2026-03-05 15:31:01,923 [INFO] HTTP Request: POST https://api.telegram.org/bot5800257941:AAHvixqllrdWAuavbQNpwgalzQrI9wkF5vs/getUpdates "HTTP/1.1 200 OK"
2026-03-05 15:31:12,015 [INFO] HTTP Request: POST https://api.telegram.org/bot5800257941:AAHvixqllrdWAuavbQNpwgalzQrI9wkF5vs/getUpdates "HTTP/1.1 200 OK"
2026-03-05 15:31:22,110 [INFO] HTTP Request: POST https://api.telegram.org/bot5800257941:AAHvixqllrdWAuavbQNpwgalzQrI9wkF5vs/getUpdates "HTTP/1.1 200 OK"
2026-03-05 15:31:32,204 [INFO] HTTP Request: POST https://api.telegram.org/bot5800257941:AAHvixqllrdWAuavbQNpwgalzQrI9wkF5vs/getUpdates "HTTP/1.1 200 OK"
2026-03-05 15:31:42,309 [INFO] HTTP Request: POST https://api.telegram.org/bot5800257941:AAHvixqllrdWAuavbQNpwgalzQrI9wkF5vs/getUpdates "HTTP/1.1 200 OK"
2026-03-05 15:31:52,404 [INFO] HTTP Request: POST https://api.telegram.org/bot5800257941:AAHvixqllrdWAuavbQNpwgalzQrI9wkF5vs/getUpdates "HTTP/1.1 200 OK"
2026-03-05 15:32:02,502 [INFO] HTTP Request: POST https://api.telegram.org/bot5800257941:AAHvixqllrdWAuavbQNpwgalzQrI9wkF5vs/getUpdates "HTTP/1.1 200 OK"
2026-03-05 15:32:12,599 [INFO] HTTP Request: POST https://api.telegram.org/bot5800257941:AAHvixqllrdWAuavbQNpwgalzQrI9wkF5vs/getUpdates "HTTP/1.1 200 OK"
2026-03-05 15:32:22,706 [INFO] HTTP Request: POST https://api.telegram.org/bot5800257941:AAHvixqllrdWAuavbQNpwgalzQrI9wkF5vs/getUpdates "HTTP/1.1 200 OK"
2026-03-05 15:32:32,800 [INFO] HTTP Request: POST https://api.telegram.org/bot5800257941:AAHvixqllrdWAuavbQNpwgalzQrI9wkF5vs/getUpdates "HTTP/1.1 200 OK"
2026-03-05 15:32:42,893 [INFO] HTTP Request: POST https://api.telegram.org/bot5800257941:AAHvixqllrdWAuavbQNpwgalzQrI9wkF5vs/getUpdates "HTTP/1.1 200 OK"
2026-03-05 15:32:52,995 [INFO] HTTP Request: POST https://api.telegram.org/bot5800257941:AAHvixqllrdWAuavbQNpwgalzQrI9wkF5vs/getUpdates "HTTP/1.1 200 OK"
2026-03-05 15:33:03,091 [INFO] HTTP Request: POST https://api.telegram.org/bot5800257941:AAHvixqllrdWAuavbQNpwgalzQrI9wkF5vs/getUpdates "HTTP/1.1 200 OK"
2026-03-05 15:33:13,185 [INFO] HTTP Request: POST https://api.telegram.org/bot5800257941:AAHvixqllrdWAuavbQNpwgalzQrI9wkF5vs/getUpdates "HTTP/1.1 200 OK"
2026-03-05 15:33:23,281 [INFO] HTTP Request: POST https://api.telegram.org/bot5800257941:AAHvixqllrdWAuavbQNpwgalzQrI9wkF5vs/getUpdates "HTTP/1.1 200 OK"
2026-03-05 15:33:33,384 [INFO] HTTP Request: POST https://api.telegram.org/bot5800257941:AAHvixqllrdWAuavbQNpwgalzQrI9wkF5vs/getUpdates "HTTP/1.1 200 OK"
2026-03-05 15:33:43,491 [INFO] HTTP Request: POST https://api.telegram.org/bot5800257941:AAHvixqllrdWAuavbQNpwgalzQrI9wkF5vs/getUpdates "HTTP/1.1 200 OK"
2026-03-05 15:33:53,589 [INFO] HTTP Request: POST https://api.telegram.org/bot5800257941:AAHvixqllrdWAuavbQNpwgalzQrI9wkF5vs/getUpdates "HTTP/1.1 200 OK"
2026-03-05 15:34:03,696 [INFO] HTTP Request: POST https://api.telegram.org/bot5800257941:AAHvixqllrdWAuavbQNpwgalzQrI9wkF5vs/getUpdates "HTTP/1.1 200 OK"
2026-03-05 15:34:13,801 [INFO] HTTP Request: POST https://api.telegram.org/bot5800257941:AAHvixqllrdWAuavbQNpwgalzQrI9wkF5vs/getUpdates "HTTP/1.1 200 OK"
2026-03-05 15:34:23,898 [INFO] HTTP Request: POST https://api.telegram.org/bot5800257941:AAHvixqllrdWAuavbQNpwgalzQrI9wkF5vs/getUpdates "HTTP/1.1 200 OK"
2026-03-05 15:34:33,996 [INFO] HTTP Request: POST https://api.telegram.org/bot5800257941:AAHvixqllrdWAuavbQNpwgalzQrI9wkF5vs/getUpdates "HTTP/1.1 200 OK"
2026-03-05 15:34:44,093 [INFO] HTTP Request: POST https://api.telegram.org/bot5800257941:AAHvixqllrdWAuavbQNpwgalzQrI9wkF5vs/getUpdates "HTTP/1.1 200 OK"
2026-03-05 15:34:54,190 [INFO] HTTP Request: POST https://api.telegram.org/bot5800257941:AAHvixqllrdWAuavbQNpwgalzQrI9wkF5vs/getUpdates "HTTP/1.1 200 OK"
2026-03-05 15:35:04,284 [INFO] HTTP Request: POST https://api.telegram.org/bot5800257941:AAHvixqllrdWAuavbQNpwgalzQrI9wkF5vs/getUpdates "HTTP/1.1 200 OK"
2026-03-05 15:35:14,376 [INFO] HTTP Request: POST https://api.telegram.org/bot5800257941:AAHvixqllrdWAuavbQNpwgalzQrI9wkF5vs/getUpdates "HTTP/1.1 200 OK"
2026-03-05 15:35:24,469 [INFO] HTTP Request: POST https://api.telegram.org/bot5800257941:AAHvixqllrdWAuavbQNpwgalzQrI9wkF5vs/getUpdates "HTTP/1.1 200 OK"
2026-03-05 15:35:34,561 [INFO] HTTP Request: POST https://api.telegram.org/bot5800257941:AAHvixqllrdWAuavbQNpwgalzQrI9wkF5vs/getUpdates "HTTP/1.1 200 OK"
2026-03-05 15:35:44,664 [INFO] HTTP Request: POST https://api.telegram.org/bot5800257941:AAHvixqllrdWAuavbQNpwgalzQrI9wkF5vs/getUpdates "HTTP/1.1 200 OK"
2026-03-05 15:35:54,756 [INFO] HTTP Request: POST https://api.telegram.org/bot5800257941:AAHvixqllrdWAuavbQNpwgalzQrI9wkF5vs/getUpdates "HTTP/1.1 200 OK"
2026-03-05 15:36:04,850 [INFO] HTTP Request: POST https://api.telegram.org/bot5800257941:AAHvixqllrdWAuavbQNpwgalzQrI9wkF5vs/getUpdates "HTTP/1.1 200 OK"
2026-03-05 15:36:14,944 [INFO] HTTP Request: POST https://api.telegram.org/bot5800257941:AAHvixqllrdWAuavbQNpwgalzQrI9wkF5vs/getUpdates "HTTP/1.1 200 OK"
2026-03-05 15:36:25,038 [INFO] HTTP Request: POST https://api.telegram.org/bot5800257941:AAHvixqllrdWAuavbQNpwgalzQrI9wkF5vs/getUpdates "HTTP/1.1 200 OK"
2026-03-05 15:36:35,132 [INFO] HTTP Request: POST https://api.telegram.org/bot5800257941:AAHvixqllrdWAuavbQNpwgalzQrI9wkF5vs/getUpdates "HTTP/1.1 200 OK"
2026-03-05 15:36:45,226 [INFO] HTTP Request: POST https://api.telegram.org/bot5800257941:AAHvixqllrdWAuavbQNpwgalzQrI9wkF5vs/getUpdates "HTTP/1.1 200 OK"
2026-03-05 15:36:55,322 [INFO] HTTP Request: POST https://api.telegram.org/bot5800257941:AAHvixqllrdWAuavbQNpwgalzQrI9wkF5vs/getUpdates "HTTP/1.1 200 OK"
2026-03-05 15:37:05,417 [INFO] HTTP Request: POST https://api.telegram.org/bot5800257941:AAHvixqllrdWAuavbQNpwgalzQrI9wkF5vs/getUpdates "HTTP/1.1 200 OK"
2026-03-05 15:37:15,510 [INFO] HTTP Request: POST https://api.telegram.org/bot5800257941:AAHvixqllrdWAuavbQNpwgalzQrI9wkF5vs/getUpdates "HTTP/1.1 200 OK"
2026-03-05 15:37:25,616 [INFO] HTTP Request: POST https://api.telegram.org/bot5800257941:AAHvixqllrdWAuavbQNpwgalzQrI9wkF5vs/getUpdates "HTTP/1.1 200 OK"
2026-03-05 15:37:35,709 [INFO] HTTP Request: POST https://api.telegram.org/bot5800257941:AAHvixqllrdWAuavbQNpwgalzQrI9wkF5vs/getUpdates "HTTP/1.1 200 OK"
2026-03-05 15:37:45,803 [INFO] HTTP Request: POST https://api.telegram.org/bot5800257941:AAHvixqllrdWAuavbQNpwgalzQrI9wkF5vs/getUpdates "HTTP/1.1 200 OK"
2026-03-05 15:37:55,897 [INFO] HTTP Request: POST https://api.telegram.org/bot5800257941:AAHvixqllrdWAuavbQNpwgalzQrI9wkF5vs/getUpdates "HTTP/1.1 200 OK"
2026-03-05 15:38:05,999 [INFO] HTTP Request: POST https://api.telegram.org/bot5800257941:AAHvixqllrdWAuavbQNpwgalzQrI9wkF5vs/getUpdates "HTTP/1.1 200 OK"
2026-03-05 15:38:16,153 [INFO] HTTP Request: POST https://api.telegram.org/bot5800257941:AAHvixqllrdWAuavbQNpwgalzQrI9wkF5vs/getUpdates "HTTP/1.1 200 OK"
2026-03-05 15:38:26,249 [INFO] HTTP Request: POST https://api.telegram.org/bot5800257941:AAHvixqllrdWAuavbQNpwgalzQrI9wkF5vs/getUpdates "HTTP/1.1 200 OK"
2026-03-05 15:38:36,349 [INFO] HTTP Request: POST https://api.telegram.org/bot5800257941:AAHvixqllrdWAuavbQNpwgalzQrI9wkF5vs/getUpdates "HTTP/1.1 200 OK"
2026-03-05 15:38:46,443 [INFO] HTTP Request: POST https://api.telegram.org/bot5800257941:AAHvixqllrdWAuavbQNpwgalzQrI9wkF5vs/getUpdates "HTTP/1.1 200 OK"
2026-03-05 15:38:56,539 [INFO] HTTP Request: POST https://api.telegram.org/bot5800257941:AAHvixqllrdWAuavbQNpwgalzQrI9wkF5vs/getUpdates "HTTP/1.1 200 OK"
2026-03-05 15:39:06,634 [INFO] HTTP Request: POST https://api.telegram.org/bot5800257941:AAHvixqllrdWAuavbQNpwgalzQrI9wkF5vs/getUpdates "HTTP/1.1 200 OK"
2026-03-05 15:39:16,730 [INFO] HTTP Request: POST https://api.telegram.org/bot5800257941:AAHvixqllrdWAuavbQNpwgalzQrI9wkF5vs/getUpdates "HTTP/1.1 200 OK"
2026-03-05 15:39:26,835 [INFO] HTTP Request: POST https://api.telegram.org/bot5800257941:AAHvixqllrdWAuavbQNpwgalzQrI9wkF5vs/getUpdates "HTTP/1.1 200 OK"
2026-03-05 15:39:36,928 [INFO] HTTP Request: POST https://api.telegram.org/bot5800257941:AAHvixqllrdWAuavbQNpwgalzQrI9wkF5vs/getUpdates "HTTP/1.1 200 OK"
2026-03-05 15:39:47,033 [INFO] HTTP Request: POST https://api.telegram.org/bot5800257941:AAHvixqllrdWAuavbQNpwgalzQrI9wkF5vs/getUpdates "HTTP/1.1 200 OK"
2026-03-05 15:39:57,137 [INFO] HTTP Request: POST https://api.telegram.org/bot5800257941:AAHvixqllrdWAuavbQNpwgalzQrI9wkF5vs/getUpdates "HTTP/1.1 200 OK"
2026-03-05 15:40:07,238 [INFO] HTTP Request: POST https://api.telegram.org/bot5800257941:AAHvixqllrdWAuavbQNpwgalzQrI9wkF5vs/getUpdates "HTTP/1.1 200 OK"
2026-03-05 15:40:17,330 [INFO] HTTP Request: POST https://api.telegram.org/bot5800257941:AAHvixqllrdWAuavbQNpwgalzQrI9wkF5vs/getUpdates "HTTP/1.1 200 OK"
2026-03-05 15:40:27,423 [INFO] HTTP Request: POST https://api.telegram.org/bot5800257941:AAHvixqllrdWAuavbQNpwgalzQrI9wkF5vs/getUpdates "HTTP/1.1 200 OK"
2026-03-05 15:40:37,524 [INFO] HTTP Request: POST https://api.telegram.org/bot5800257941:AAHvixqllrdWAuavbQNpwgalzQrI9wkF5vs/getUpdates "HTTP/1.1 200 OK"
2026-03-05 15:40:47,620 [INFO] HTTP Request: POST https://api.telegram.org/bot5800257941:AAHvixqllrdWAuavbQNpwgalzQrI9wkF5vs/getUpdates "HTTP/1.1 200 OK"
2026-03-05 15:40:57,716 [INFO] HTTP Request: POST https://api.telegram.org/bot5800257941:AAHvixqllrdWAuavbQNpwgalzQrI9wkF5vs/getUpdates "HTTP/1.1 200 OK"
2026-03-05 15:41:07,814 [INFO] HTTP Request: POST https://api.telegram.org/bot5800257941:AAHvixqllrdWAuavbQNpwgalzQrI9wkF5vs/getUpdates "HTTP/1.1 200 OK"
2026-03-05 15:41:17,917 [INFO] HTTP Request: POST https://api.telegram.org/bot5800257941:AAHvixqllrdWAuavbQNpwgalzQrI9wkF5vs/getUpdates "HTTP/1.1 200 OK"
2026-03-05 15:41:28,273 [INFO] HTTP Request: POST https://api.telegram.org/bot5800257941:AAHvixqllrdWAuavbQNpwgalzQrI9wkF5vs/getUpdates "HTTP/1.1 200 OK"
2026-03-05 15:41:38,369 [INFO] HTTP Request: POST https://api.telegram.org/bot5800257941:AAHvixqllrdWAuavbQNpwgalzQrI9wkF5vs/getUpdates "HTTP/1.1 200 OK"
2026-03-05 15:41:48,574 [INFO] HTTP Request: POST https://api.telegram.org/bot5800257941:AAHvixqllrdWAuavbQNpwgalzQrI9wkF5vs/getUpdates "HTTP/1.1 200 OK"
2026-03-05 15:41:58,763 [INFO] HTTP Request: POST https://api.telegram.org/bot5800257941:AAHvixqllrdWAuavbQNpwgalzQrI9wkF5vs/getUpdates "HTTP/1.1 200 OK"
2026-03-05 15:42:08,860 [INFO] HTTP Request: POST https://api.telegram.org/bot5800257941:AAHvixqllrdWAuavbQNpwgalzQrI9wkF5vs/getUpdates "HTTP/1.1 200 OK"
2026-03-05 15:42:18,957 [INFO] HTTP Request: POST https://api.telegram.org/bot5800257941:AAHvixqllrdWAuavbQNpwgalzQrI9wkF5vs/getUpdates "HTTP/1.1 200 OK"
2026-03-05 15:42:29,055 [INFO] HTTP Request: POST https://api.telegram.org/bot5800257941:AAHvixqllrdWAuavbQNpwgalzQrI9wkF5vs/getUpdates "HTTP/1.1 200 OK"
2026-03-05 15:42:39,151 [INFO] HTTP Request: POST https://api.telegram.org/bot5800257941:AAHvixqllrdWAuavbQNpwgalzQrI9wkF5vs/getUpdates "HTTP/1.1 200 OK"
2026-03-05 15:42:49,248 [INFO] HTTP Request: POST https://api.telegram.org/bot5800257941:AAHvixqllrdWAuavbQNpwgalzQrI9wkF5vs/getUpdates "HTTP/1.1 200 OK"
2026-03-05 15:42:59,346 [INFO] HTTP Request: POST https://api.telegram.org/bot5800257941:AAHvixqllrdWAuavbQNpwgalzQrI9wkF5vs/getUpdates "HTTP/1.1 200 OK"
2026-03-05 15:43:09,469 [INFO] HTTP Request: POST https://api.telegram.org/bot5800257941:AAHvixqllrdWAuavbQNpwgalzQrI9wkF5vs/getUpdates "HTTP/1.1 200 OK"
2026-03-05 15:43:19,571 [INFO] HTTP Request: POST https://api.telegram.org/bot5800257941:AAHvixqllrdWAuavbQNpwgalzQrI9wkF5vs/getUpdates "HTTP/1.1 200 OK"
2026-03-05 15:43:29,669 [INFO] HTTP Request: POST https://api.telegram.org/bot5800257941:AAHvixqllrdWAuavbQNpwgalzQrI9wkF5vs/getUpdates "HTTP/1.1 200 OK"
2026-03-05 15:43:39,766 [INFO] HTTP Request: POST https://api.telegram.org/bot5800257941:AAHvixqllrdWAuavbQNpwgalzQrI9wkF5vs/getUpdates "HTTP/1.1 200 OK"
2026-03-05 15:43:49,885 [INFO] HTTP Request: POST https://api.telegram.org/bot5800257941:AAHvixqllrdWAuavbQNpwgalzQrI9wkF5vs/getUpdates "HTTP/1.1 200 OK"
2026-03-05 15:43:59,988 [INFO] HTTP Request: POST https://api.telegram.org/bot5800257941:AAHvixqllrdWAuavbQNpwgalzQrI9wkF5vs/getUpdates "HTTP/1.1 200 OK"
2026-03-05 15:44:10,085 [INFO] HTTP Request: POST https://api.telegram.org/bot5800257941:AAHvixqllrdWAuavbQNpwgalzQrI9wkF5vs/getUpdates "HTTP/1.1 200 OK"
2026-03-05 15:44:20,198 [INFO] HTTP Request: POST https://api.telegram.org/bot5800257941:AAHvixqllrdWAuavbQNpwgalzQrI9wkF5vs/getUpdates "HTTP/1.1 200 OK"
2026-03-05 15:44:30,296 [INFO] HTTP Request: POST https://api.telegram.org/bot5800257941:AAHvixqllrdWAuavbQNpwgalzQrI9wkF5vs/getUpdates "HTTP/1.1 200 OK"
2026-03-05 15:44:40,393 [INFO] HTTP Request: POST https://api.telegram.org/bot5800257941:AAHvixqllrdWAuavbQNpwgalzQrI9wkF5vs/getUpdates "HTTP/1.1 200 OK"
2026-03-05 15:44:50,491 [INFO] HTTP Request: POST https://api.telegram.org/bot5800257941:AAHvixqllrdWAuavbQNpwgalzQrI9wkF5vs/getUpdates "HTTP/1.1 200 OK"
2026-03-05 15:45:00,588 [INFO] HTTP Request: POST https://api.telegram.org/bot5800257941:AAHvixqllrdWAuavbQNpwgalzQrI9wkF5vs/getUpdates "HTTP/1.1 200 OK"
2026-03-05 15:45:10,684 [INFO] HTTP Request: POST https://api.telegram.org/bot5800257941:AAHvixqllrdWAuavbQNpwgalzQrI9wkF5vs/getUpdates "HTTP/1.1 200 OK"
2026-03-05 15:45:20,781 [INFO] HTTP Request: POST https://api.telegram.org/bot5800257941:AAHvixqllrdWAuavbQNpwgalzQrI9wkF5vs/getUpdates "HTTP/1.1 200 OK"
2026-03-05 15:45:30,898 [INFO] HTTP Request: POST https://api.telegram.org/bot5800257941:AAHvixqllrdWAuavbQNpwgalzQrI9wkF5vs/getUpdates "HTTP/1.1 200 OK"
2026-03-05 15:45:40,995 [INFO] HTTP Request: POST https://api.telegram.org/bot5800257941:AAHvixqllrdWAuavbQNpwgalzQrI9wkF5vs/getUpdates "HTTP/1.1 200 OK"
2026-03-05 15:45:51,092 [INFO] HTTP Request: POST https://api.telegram.org/bot5800257941:AAHvixqllrdWAuavbQNpwgalzQrI9wkF5vs/getUpdates "HTTP/1.1 200 OK"
2026-03-05 15:46:01,189 [INFO] HTTP Request: POST https://api.telegram.org/bot5800257941:AAHvixqllrdWAuavbQNpwgalzQrI9wkF5vs/getUpdates "HTTP/1.1 200 OK"
2026-03-05 15:46:11,286 [INFO] HTTP Request: POST https://api.telegram.org/bot5800257941:AAHvixqllrdWAuavbQNpwgalzQrI9wkF5vs/getUpdates "HTTP/1.1 200 OK"
2026-03-05 15:46:21,383 [INFO] HTTP Request: POST https://api.telegram.org/bot5800257941:AAHvixqllrdWAuavbQNpwgalzQrI9wkF5vs/getUpdates "HTTP/1.1 200 OK"
2026-03-05 15:46:31,481 [INFO] HTTP Request: POST https://api.telegram.org/bot5800257941:AAHvixqllrdWAuavbQNpwgalzQrI9wkF5vs/getUpdates "HTTP/1.1 200 OK"
2026-03-05 15:46:41,579 [INFO] HTTP Request: POST https://api.telegram.org/bot5800257941:AAHvixqllrdWAuavbQNpwgalzQrI9wkF5vs/getUpdates "HTTP/1.1 200 OK"
2026-03-05 15:46:51,679 [INFO] HTTP Request: POST https://api.telegram.org/bot5800257941:AAHvixqllrdWAuavbQNpwgalzQrI9wkF5vs/getUpdates "HTTP/1.1 200 OK"
2026-03-05 15:47:01,776 [INFO] HTTP Request: POST https://api.telegram.org/bot5800257941:AAHvixqllrdWAuavbQNpwgalzQrI9wkF5vs/getUpdates "HTTP/1.1 200 OK"
2026-03-05 15:47:11,873 [INFO] HTTP Request: POST https://api.telegram.org/bot5800257941:AAHvixqllrdWAuavbQNpwgalzQrI9wkF5vs/getUpdates "HTTP/1.1 200 OK"
2026-03-05 15:47:21,970 [INFO] HTTP Request: POST https://api.telegram.org/bot5800257941:AAHvixqllrdWAuavbQNpwgalzQrI9wkF5vs/getUpdates "HTTP/1.1 200 OK"
2026-03-05 15:47:32,067 [INFO] HTTP Request: POST https://api.telegram.org/bot5800257941:AAHvixqllrdWAuavbQNpwgalzQrI9wkF5vs/getUpdates "HTTP/1.1 200 OK"
2026-03-05 15:47:42,164 [INFO] HTTP Request: POST https://api.telegram.org/bot5800257941:AAHvixqllrdWAuavbQNpwgalzQrI9wkF5vs/getUpdates "HTTP/1.1 200 OK"
2026-03-05 15:47:52,261 [INFO] HTTP Request: POST https://api.telegram.org/bot5800257941:AAHvixqllrdWAuavbQNpwgalzQrI9wkF5vs/getUpdates "HTTP/1.1 200 OK"
2026-03-05 15:48:02,359 [INFO] HTTP Request: POST https://api.telegram.org/bot5800257941:AAHvixqllrdWAuavbQNpwgalzQrI9wkF5vs/getUpdates "HTTP/1.1 200 OK"
2026-03-05 15:48:12,458 [INFO] HTTP Request: POST https://api.telegram.org/bot5800257941:AAHvixqllrdWAuavbQNpwgalzQrI9wkF5vs/getUpdates "HTTP/1.1 200 OK"
2026-03-05 15:48:22,570 [INFO] HTTP Request: POST https://api.telegram.org/bot5800257941:AAHvixqllrdWAuavbQNpwgalzQrI9wkF5vs/getUpdates "HTTP/1.1 200 OK"
2026-03-05 15:48:32,716 [INFO] HTTP Request: POST https://api.telegram.org/bot5800257941:AAHvixqllrdWAuavbQNpwgalzQrI9wkF5vs/getUpdates "HTTP/1.1 200 OK"
2026-03-05 15:48:42,813 [INFO] HTTP Request: POST https://api.telegram.org/bot5800257941:AAHvixqllrdWAuavbQNpwgalzQrI9wkF5vs/getUpdates "HTTP/1.1 200 OK"
2026-03-05 15:48:52,910 [INFO] HTTP Request: POST https://api.telegram.org/bot5800257941:AAHvixqllrdWAuavbQNpwgalzQrI9wkF5vs/getUpdates "HTTP/1.1 200 OK"
2026-03-05 15:49:03,094 [INFO] HTTP Request: POST https://api.telegram.org/bot5800257941:AAHvixqllrdWAuavbQNpwgalzQrI9wkF5vs/getUpdates "HTTP/1.1 200 OK"
2026-03-05 15:49:13,192 [INFO] HTTP Request: POST https://api.telegram.org/bot5800257941:AAHvixqllrdWAuavbQNpwgalzQrI9wkF5vs/getUpdates "HTTP/1.1 200 OK"
2026-03-05 15:49:23,290 [INFO] HTTP Request: POST https://api.telegram.org/bot5800257941:AAHvixqllrdWAuavbQNpwgalzQrI9wkF5vs/getUpdates "HTTP/1.1 200 OK"
2026-03-05 15:49:33,493 [INFO] HTTP Request: POST https://api.telegram.org/bot5800257941:AAHvixqllrdWAuavbQNpwgalzQrI9wkF5vs/getUpdates "HTTP/1.1 200 OK"
2026-03-05 15:49:43,593 [INFO] HTTP Request: POST https://api.telegram.org/bot5800257941:AAHvixqllrdWAuavbQNpwgalzQrI9wkF5vs/getUpdates "HTTP/1.1 200 OK"
2026-03-05 15:49:53,739 [INFO] HTTP Request: POST https://api.telegram.org/bot5800257941:AAHvixqllrdWAuavbQNpwgalzQrI9wkF5vs/getUpdates "HTTP/1.1 200 OK"
2026-03-05 15:50:03,875 [INFO] HTTP Request: POST https://api.telegram.org/bot5800257941:AAHvixqllrdWAuavbQNpwgalzQrI9wkF5vs/getUpdates "HTTP/1.1 200 OK"
2026-03-05 15:50:13,982 [INFO] HTTP Request: POST https://api.telegram.org/bot5800257941:AAHvixqllrdWAuavbQNpwgalzQrI9wkF5vs/getUpdates "HTTP/1.1 200 OK"
2026-03-05 15:50:24,083 [INFO] HTTP Request: POST https://api.telegram.org/bot5800257941:AAHvixqllrdWAuavbQNpwgalzQrI9wkF5vs/getUpdates "HTTP/1.1 200 OK"
2026-03-05 15:50:34,180 [INFO] HTTP Request: POST https://api.telegram.org/bot5800257941:AAHvixqllrdWAuavbQNpwgalzQrI9wkF5vs/getUpdates "HTTP/1.1 200 OK"
2026-03-05 15:50:44,301 [INFO] HTTP Request: POST https://api.telegram.org/bot5800257941:AAHvixqllrdWAuavbQNpwgalzQrI9wkF5vs/getUpdates "HTTP/1.1 200 OK"
2026-03-05 15:50:54,399 [INFO] HTTP Request: POST https://api.telegram.org/bot5800257941:AAHvixqllrdWAuavbQNpwgalzQrI9wkF5vs/getUpdates "HTTP/1.1 200 OK"
2026-03-05 15:51:04,495 [INFO] HTTP Request: POST https://api.telegram.org/bot5800257941:AAHvixqllrdWAuavbQNpwgalzQrI9wkF5vs/getUpdates "HTTP/1.1 200 OK"
2026-03-05 15:51:14,592 [INFO] HTTP Request: POST https://api.telegram.org/bot5800257941:AAHvixqllrdWAuavbQNpwgalzQrI9wkF5vs/getUpdates "HTTP/1.1 200 OK"
2026-03-05 15:51:24,689 [INFO] HTTP Request: POST https://api.telegram.org/bot5800257941:AAHvixqllrdWAuavbQNpwgalzQrI9wkF5vs/getUpdates "HTTP/1.1 200 OK"
2026-03-05 15:51:34,822 [INFO] HTTP Request: POST https://api.telegram.org/bot5800257941:AAHvixqllrdWAuavbQNpwgalzQrI9wkF5vs/getUpdates "HTTP/1.1 200 OK"
2026-03-05 15:51:44,920 [INFO] HTTP Request: POST https://api.telegram.org/bot5800257941:AAHvixqllrdWAuavbQNpwgalzQrI9wkF5vs/getUpdates "HTTP/1.1 200 OK"
2026-03-05 15:51:55,018 [INFO] HTTP Request: POST https://api.telegram.org/bot5800257941:AAHvixqllrdWAuavbQNpwgalzQrI9wkF5vs/getUpdates "HTTP/1.1 200 OK"
2026-03-05 15:52:05,116 [INFO] HTTP Request: POST https://api.telegram.org/bot5800257941:AAHvixqllrdWAuavbQNpwgalzQrI9wkF5vs/getUpdates "HTTP/1.1 200 OK"
2026-03-05 15:52:15,218 [INFO] HTTP Request: POST https://api.telegram.org/bot5800257941:AAHvixqllrdWAuavbQNpwgalzQrI9wkF5vs/getUpdates "HTTP/1.1 200 OK"
2026-03-05 15:52:25,314 [INFO] HTTP Request: POST https://api.telegram.org/bot5800257941:AAHvixqllrdWAuavbQNpwgalzQrI9wkF5vs/getUpdates "HTTP/1.1 200 OK"
2026-03-05 15:52:35,412 [INFO] HTTP Request: POST https://api.telegram.org/bot5800257941:AAHvixqllrdWAuavbQNpwgalzQrI9wkF5vs/getUpdates "HTTP/1.1 200 OK"
2026-03-05 15:52:45,510 [INFO] HTTP Request: POST https://api.telegram.org/bot5800257941:AAHvixqllrdWAuavbQNpwgalzQrI9wkF5vs/getUpdates "HTTP/1.1 200 OK"
2026-03-05 15:52:55,608 [INFO] HTTP Request: POST https://api.telegram.org/bot5800257941:AAHvixqllrdWAuavbQNpwgalzQrI9wkF5vs/getUpdates "HTTP/1.1 200 OK"
2026-03-05 15:53:05,704 [INFO] HTTP Request: POST https://api.telegram.org/bot5800257941:AAHvixqllrdWAuavbQNpwgalzQrI9wkF5vs/getUpdates "HTTP/1.1 200 OK"
2026-03-05 15:53:15,804 [INFO] HTTP Request: POST https://api.telegram.org/bot5800257941:AAHvixqllrdWAuavbQNpwgalzQrI9wkF5vs/getUpdates "HTTP/1.1 200 OK"
2026-03-05 15:53:25,903 [INFO] HTTP Request: POST https://api.telegram.org/bot5800257941:AAHvixqllrdWAuavbQNpwgalzQrI9wkF5vs/getUpdates "HTTP/1.1 200 OK"
2026-03-05 15:53:36,000 [INFO] HTTP Request: POST https://api.telegram.org/bot5800257941:AAHvixqllrdWAuavbQNpwgalzQrI9wkF5vs/getUpdates "HTTP/1.1 200 OK"
2026-03-05 15:53:46,098 [INFO] HTTP Request: POST https://api.telegram.org/bot5800257941:AAHvixqllrdWAuavbQNpwgalzQrI9wkF5vs/getUpdates "HTTP/1.1 200 OK"
2026-03-05 15:53:56,229 [INFO] HTTP Request: POST https://api.telegram.org/bot5800257941:AAHvixqllrdWAuavbQNpwgalzQrI9wkF5vs/getUpdates "HTTP/1.1 200 OK"
2026-03-05 15:54:06,346 [INFO] HTTP Request: POST https://api.telegram.org/bot5800257941:AAHvixqllrdWAuavbQNpwgalzQrI9wkF5vs/getUpdates "HTTP/1.1 200 OK"
2026-03-05 15:54:16,585 [INFO] HTTP Request: POST https://api.telegram.org/bot5800257941:AAHvixqllrdWAuavbQNpwgalzQrI9wkF5vs/getUpdates "HTTP/1.1 200 OK"
2026-03-05 15:54:26,686 [INFO] HTTP Request: POST https://api.telegram.org/bot5800257941:AAHvixqllrdWAuavbQNpwgalzQrI9wkF5vs/getUpdates "HTTP/1.1 200 OK"
2026-03-05 15:54:36,783 [INFO] HTTP Request: POST https://api.telegram.org/bot5800257941:AAHvixqllrdWAuavbQNpwgalzQrI9wkF5vs/getUpdates "HTTP/1.1 200 OK"
2026-03-05 15:54:46,880 [INFO] HTTP Request: POST https://api.telegram.org/bot5800257941:AAHvixqllrdWAuavbQNpwgalzQrI9wkF5vs/getUpdates "HTTP/1.1 200 OK"
2026-03-05 15:54:56,985 [INFO] HTTP Request: POST https://api.telegram.org/bot5800257941:AAHvixqllrdWAuavbQNpwgalzQrI9wkF5vs/getUpdates "HTTP/1.1 200 OK"
2026-03-05 15:55:07,082 [INFO] HTTP Request: POST https://api.telegram.org/bot5800257941:AAHvixqllrdWAuavbQNpwgalzQrI9wkF5vs/getUpdates "HTTP/1.1 200 OK"
2026-03-05 15:55:17,181 [INFO] HTTP Request: POST https://api.telegram.org/bot5800257941:AAHvixqllrdWAuavbQNpwgalzQrI9wkF5vs/getUpdates "HTTP/1.1 200 OK"
2026-03-05 15:55:27,278 [INFO] HTTP Request: POST https://api.telegram.org/bot5800257941:AAHvixqllrdWAuavbQNpwgalzQrI9wkF5vs/getUpdates "HTTP/1.1 200 OK"
2026-03-05 15:55:37,431 [INFO] HTTP Request: POST https://api.telegram.org/bot5800257941:AAHvixqllrdWAuavbQNpwgalzQrI9wkF5vs/getUpdates "HTTP/1.1 200 OK"
2026-03-05 15:55:47,531 [INFO] HTTP Request: POST https://api.telegram.org/bot5800257941:AAHvixqllrdWAuavbQNpwgalzQrI9wkF5vs/getUpdates "HTTP/1.1 200 OK"
2026-03-05 15:55:57,630 [INFO] HTTP Request: POST https://api.telegram.org/bot5800257941:AAHvixqllrdWAuavbQNpwgalzQrI9wkF5vs/getUpdates "HTTP/1.1 200 OK"
2026-03-05 15:56:07,753 [INFO] HTTP Request: POST https://api.telegram.org/bot5800257941:AAHvixqllrdWAuavbQNpwgalzQrI9wkF5vs/getUpdates "HTTP/1.1 200 OK"
2026-03-05 15:56:17,850 [INFO] HTTP Request: POST https://api.telegram.org/bot5800257941:AAHvixqllrdWAuavbQNpwgalzQrI9wkF5vs/getUpdates "HTTP/1.1 200 OK"
2026-03-05 15:56:27,990 [INFO] HTTP Request: POST https://api.telegram.org/bot5800257941:AAHvixqllrdWAuavbQNpwgalzQrI9wkF5vs/getUpdates "HTTP/1.1 200 OK"
2026-03-05 15:56:38,191 [INFO] HTTP Request: POST https://api.telegram.org/bot5800257941:AAHvixqllrdWAuavbQNpwgalzQrI9wkF5vs/getUpdates "HTTP/1.1 200 OK"
2026-03-05 15:56:48,363 [INFO] HTTP Request: POST https://api.telegram.org/bot5800257941:AAHvixqllrdWAuavbQNpwgalzQrI9wkF5vs/getUpdates "HTTP/1.1 200 OK"
2026-03-05 15:56:58,535 [INFO] HTTP Request: POST https://api.telegram.org/bot5800257941:AAHvixqllrdWAuavbQNpwgalzQrI9wkF5vs/getUpdates "HTTP/1.1 200 OK"
2026-03-05 15:57:08,775 [INFO] HTTP Request: POST https://api.telegram.org/bot5800257941:AAHvixqllrdWAuavbQNpwgalzQrI9wkF5vs/getUpdates "HTTP/1.1 200 OK"
2026-03-05 15:57:18,992 [INFO] HTTP Request: POST https://api.telegram.org/bot5800257941:AAHvixqllrdWAuavbQNpwgalzQrI9wkF5vs/getUpdates "HTTP/1.1 200 OK"
2026-03-05 15:57:29,168 [INFO] HTTP Request: POST https://api.telegram.org/bot5800257941:AAHvixqllrdWAuavbQNpwgalzQrI9wkF5vs/getUpdates "HTTP/1.1 200 OK"
2026-03-05 15:57:39,266 [INFO] HTTP Request: POST https://api.telegram.org/bot5800257941:AAHvixqllrdWAuavbQNpwgalzQrI9wkF5vs/getUpdates "HTTP/1.1 200 OK"
2026-03-05 15:57:49,362 [INFO] HTTP Request: POST https://api.telegram.org/bot5800257941:AAHvixqllrdWAuavbQNpwgalzQrI9wkF5vs/getUpdates "HTTP/1.1 200 OK"
2026-03-05 15:57:59,461 [INFO] HTTP Request: POST https://api.telegram.org/bot5800257941:AAHvixqllrdWAuavbQNpwgalzQrI9wkF5vs/getUpdates "HTTP/1.1 200 OK"
2026-03-05 15:58:09,559 [INFO] HTTP Request: POST https://api.telegram.org/bot5800257941:AAHvixqllrdWAuavbQNpwgalzQrI9wkF5vs/getUpdates "HTTP/1.1 200 OK"
2026-03-05 15:58:19,936 [INFO] HTTP Request: POST https://api.telegram.org/bot5800257941:AAHvixqllrdWAuavbQNpwgalzQrI9wkF5vs/getUpdates "HTTP/1.1 200 OK"
2026-03-05 15:58:30,028 [INFO] HTTP Request: POST https://api.telegram.org/bot5800257941:AAHvixqllrdWAuavbQNpwgalzQrI9wkF5vs/getUpdates "HTTP/1.1 200 OK"
2026-03-05 15:58:40,120 [INFO] HTTP Request: POST https://api.telegram.org/bot5800257941:AAHvixqllrdWAuavbQNpwgalzQrI9wkF5vs/getUpdates "HTTP/1.1 200 OK"
2026-03-05 15:58:50,215 [INFO] HTTP Request: POST https://api.telegram.org/bot5800257941:AAHvixqllrdWAuavbQNpwgalzQrI9wkF5vs/getUpdates "HTTP/1.1 200 OK"
2026-03-05 15:59:00,307 [INFO] HTTP Request: POST https://api.telegram.org/bot5800257941:AAHvixqllrdWAuavbQNpwgalzQrI9wkF5vs/getUpdates "HTTP/1.1 200 OK"
2026-03-05 15:59:10,400 [INFO] HTTP Request: POST https://api.telegram.org/bot5800257941:AAHvixqllrdWAuavbQNpwgalzQrI9wkF5vs/getUpdates "HTTP/1.1 200 OK"
2026-03-05 15:59:20,526 [INFO] HTTP Request: POST https://api.telegram.org/bot5800257941:AAHvixqllrdWAuavbQNpwgalzQrI9wkF5vs/getUpdates "HTTP/1.1 200 OK"
2026-03-05 15:59:30,622 [INFO] HTTP Request: POST https://api.telegram.org/bot5800257941:AAHvixqllrdWAuavbQNpwgalzQrI9wkF5vs/getUpdates "HTTP/1.1 200 OK"
2026-03-05 15:59:40,718 [INFO] HTTP Request: POST https://api.telegram.org/bot5800257941:AAHvixqllrdWAuavbQNpwgalzQrI9wkF5vs/getUpdates "HTTP/1.1 200 OK"
2026-03-05 15:59:50,810 [INFO] HTTP Request: POST https://api.telegram.org/bot5800257941:AAHvixqllrdWAuavbQNpwgalzQrI9wkF5vs/getUpdates "HTTP/1.1 200 OK"
2026-03-05 16:00:00,903 [INFO] HTTP Request: POST https://api.telegram.org/bot5800257941:AAHvixqllrdWAuavbQNpwgalzQrI9wkF5vs/getUpdates "HTTP/1.1 200 OK"
2026-03-05 16:00:10,995 [INFO] HTTP Request: POST https://api.telegram.org/bot5800257941:AAHvixqllrdWAuavbQNpwgalzQrI9wkF5vs/getUpdates "HTTP/1.1 200 OK"
2026-03-05 16:00:21,087 [INFO] HTTP Request: POST https://api.telegram.org/bot5800257941:AAHvixqllrdWAuavbQNpwgalzQrI9wkF5vs/getUpdates "HTTP/1.1 200 OK"
2026-03-05 16:00:31,181 [INFO] HTTP Request: POST https://api.telegram.org/bot5800257941:AAHvixqllrdWAuavbQNpwgalzQrI9wkF5vs/getUpdates "HTTP/1.1 200 OK"
2026-03-05 16:00:41,298 [INFO] HTTP Request: POST https://api.telegram.org/bot5800257941:AAHvixqllrdWAuavbQNpwgalzQrI9wkF5vs/getUpdates "HTTP/1.1 200 OK"
2026-03-05 16:00:51,391 [INFO] HTTP Request: POST https://api.telegram.org/bot5800257941:AAHvixqllrdWAuavbQNpwgalzQrI9wkF5vs/getUpdates "HTTP/1.1 200 OK"
2026-03-05 16:01:01,485 [INFO] HTTP Request: POST https://api.telegram.org/bot5800257941:AAHvixqllrdWAuavbQNpwgalzQrI9wkF5vs/getUpdates "HTTP/1.1 200 OK"
2026-03-05 16:01:11,578 [INFO] HTTP Request: POST https://api.telegram.org/bot5800257941:AAHvixqllrdWAuavbQNpwgalzQrI9wkF5vs/getUpdates "HTTP/1.1 200 OK"
2026-03-05 16:01:21,671 [INFO] HTTP Request: POST https://api.telegram.org/bot5800257941:AAHvixqllrdWAuavbQNpwgalzQrI9wkF5vs/getUpdates "HTTP/1.1 200 OK"
2026-03-05 16:01:31,764 [INFO] HTTP Request: POST https://api.telegram.org/bot5800257941:AAHvixqllrdWAuavbQNpwgalzQrI9wkF5vs/getUpdates "HTTP/1.1 200 OK"
2026-03-05 16:01:41,856 [INFO] HTTP Request: POST https://api.telegram.org/bot5800257941:AAHvixqllrdWAuavbQNpwgalzQrI9wkF5vs/getUpdates "HTTP/1.1 200 OK"
2026-03-05 16:01:51,949 [INFO] HTTP Request: POST https://api.telegram.org/bot5800257941:AAHvixqllrdWAuavbQNpwgalzQrI9wkF5vs/getUpdates "HTTP/1.1 200 OK"
2026-03-05 16:02:02,043 [INFO] HTTP Request: POST https://api.telegram.org/bot5800257941:AAHvixqllrdWAuavbQNpwgalzQrI9wkF5vs/getUpdates "HTTP/1.1 200 OK"
2026-03-05 16:02:12,139 [INFO] HTTP Request: POST https://api.telegram.org/bot5800257941:AAHvixqllrdWAuavbQNpwgalzQrI9wkF5vs/getUpdates "HTTP/1.1 200 OK"
2026-03-05 16:02:22,231 [INFO] HTTP Request: POST https://api.telegram.org/bot5800257941:AAHvixqllrdWAuavbQNpwgalzQrI9wkF5vs/getUpdates "HTTP/1.1 200 OK"
2026-03-05 16:02:32,323 [INFO] HTTP Request: POST https://api.telegram.org/bot5800257941:AAHvixqllrdWAuavbQNpwgalzQrI9wkF5vs/getUpdates "HTTP/1.1 200 OK"
2026-03-05 16:02:42,417 [INFO] HTTP Request: POST https://api.telegram.org/bot5800257941:AAHvixqllrdWAuavbQNpwgalzQrI9wkF5vs/getUpdates "HTTP/1.1 200 OK"
2026-03-05 16:02:52,509 [INFO] HTTP Request: POST https://api.telegram.org/bot5800257941:AAHvixqllrdWAuavbQNpwgalzQrI9wkF5vs/getUpdates "HTTP/1.1 200 OK"
2026-03-05 16:03:02,601 [INFO] HTTP Request: POST https://api.telegram.org/bot5800257941:AAHvixqllrdWAuavbQNpwgalzQrI9wkF5vs/getUpdates "HTTP/1.1 200 OK"
2026-03-05 16:03:12,694 [INFO] HTTP Request: POST https://api.telegram.org/bot5800257941:AAHvixqllrdWAuavbQNpwgalzQrI9wkF5vs/getUpdates "HTTP/1.1 200 OK"
2026-03-05 16:03:22,786 [INFO] HTTP Request: POST https://api.telegram.org/bot5800257941:AAHvixqllrdWAuavbQNpwgalzQrI9wkF5vs/getUpdates "HTTP/1.1 200 OK"
2026-03-05 16:03:32,878 [INFO] HTTP Request: POST https://api.telegram.org/bot5800257941:AAHvixqllrdWAuavbQNpwgalzQrI9wkF5vs/getUpdates "HTTP/1.1 200 OK"
2026-03-05 16:03:42,992 [INFO] HTTP Request: POST https://api.telegram.org/bot5800257941:AAHvixqllrdWAuavbQNpwgalzQrI9wkF5vs/getUpdates "HTTP/1.1 200 OK"
2026-03-05 16:03:53,084 [INFO] HTTP Request: POST https://api.telegram.org/bot5800257941:AAHvixqllrdWAuavbQNpwgalzQrI9wkF5vs/getUpdates "HTTP/1.1 200 OK"
2026-03-05 16:04:03,177 [INFO] HTTP Request: POST https://api.telegram.org/bot5800257941:AAHvixqllrdWAuavbQNpwgalzQrI9wkF5vs/getUpdates "HTTP/1.1 200 OK"
2026-03-05 16:04:13,270 [INFO] HTTP Request: POST https://api.telegram.org/bot5800257941:AAHvixqllrdWAuavbQNpwgalzQrI9wkF5vs/getUpdates "HTTP/1.1 200 OK"
2026-03-05 16:04:23,363 [INFO] HTTP Request: POST https://api.telegram.org/bot5800257941:AAHvixqllrdWAuavbQNpwgalzQrI9wkF5vs/getUpdates "HTTP/1.1 200 OK"
2026-03-05 16:04:33,455 [INFO] HTTP Request: POST https://api.telegram.org/bot5800257941:AAHvixqllrdWAuavbQNpwgalzQrI9wkF5vs/getUpdates "HTTP/1.1 200 OK"
2026-03-05 16:04:43,548 [INFO] HTTP Request: POST https://api.telegram.org/bot5800257941:AAHvixqllrdWAuavbQNpwgalzQrI9wkF5vs/getUpdates "HTTP/1.1 200 OK"
2026-03-05 16:04:53,644 [INFO] HTTP Request: POST https://api.telegram.org/bot5800257941:AAHvixqllrdWAuavbQNpwgalzQrI9wkF5vs/getUpdates "HTTP/1.1 200 OK"
2026-03-05 16:05:03,736 [INFO] HTTP Request: POST https://api.telegram.org/bot5800257941:AAHvixqllrdWAuavbQNpwgalzQrI9wkF5vs/getUpdates "HTTP/1.1 200 OK"
2026-03-05 16:05:13,828 [INFO] HTTP Request: POST https://api.telegram.org/bot5800257941:AAHvixqllrdWAuavbQNpwgalzQrI9wkF5vs/getUpdates "HTTP/1.1 200 OK"
2026-03-05 16:05:23,920 [INFO] HTTP Request: POST https://api.telegram.org/bot5800257941:AAHvixqllrdWAuavbQNpwgalzQrI9wkF5vs/getUpdates "HTTP/1.1 200 OK"
2026-03-05 16:05:34,011 [INFO] HTTP Request: POST https://api.telegram.org/bot5800257941:AAHvixqllrdWAuavbQNpwgalzQrI9wkF5vs/getUpdates "HTTP/1.1 200 OK"
2026-03-05 16:05:44,104 [INFO] HTTP Request: POST https://api.telegram.org/bot5800257941:AAHvixqllrdWAuavbQNpwgalzQrI9wkF5vs/getUpdates "HTTP/1.1 200 OK"
2026-03-05 16:05:54,196 [INFO] HTTP Request: POST https://api.telegram.org/bot5800257941:AAHvixqllrdWAuavbQNpwgalzQrI9wkF5vs/getUpdates "HTTP/1.1 200 OK"
2026-03-05 16:06:04,291 [INFO] HTTP Request: POST https://api.telegram.org/bot5800257941:AAHvixqllrdWAuavbQNpwgalzQrI9wkF5vs/getUpdates "HTTP/1.1 200 OK"
2026-03-05 16:06:14,387 [INFO] HTTP Request: POST https://api.telegram.org/bot5800257941:AAHvixqllrdWAuavbQNpwgalzQrI9wkF5vs/getUpdates "HTTP/1.1 200 OK"
2026-03-05 16:06:24,480 [INFO] HTTP Request: POST https://api.telegram.org/bot5800257941:AAHvixqllrdWAuavbQNpwgalzQrI9wkF5vs/getUpdates "HTTP/1.1 200 OK"
2026-03-05 16:06:34,573 [INFO] HTTP Request: POST https://api.telegram.org/bot5800257941:AAHvixqllrdWAuavbQNpwgalzQrI9wkF5vs/getUpdates "HTTP/1.1 200 OK"
2026-03-05 16:06:44,665 [INFO] HTTP Request: POST https://api.telegram.org/bot5800257941:AAHvixqllrdWAuavbQNpwgalzQrI9wkF5vs/getUpdates "HTTP/1.1 200 OK"
2026-03-05 16:06:54,758 [INFO] HTTP Request: POST https://api.telegram.org/bot5800257941:AAHvixqllrdWAuavbQNpwgalzQrI9wkF5vs/getUpdates "HTTP/1.1 200 OK"
2026-03-05 16:07:04,849 [INFO] HTTP Request: POST https://api.telegram.org/bot5800257941:AAHvixqllrdWAuavbQNpwgalzQrI9wkF5vs/getUpdates "HTTP/1.1 200 OK"
2026-03-05 16:07:14,942 [INFO] HTTP Request: POST https://api.telegram.org/bot5800257941:AAHvixqllrdWAuavbQNpwgalzQrI9wkF5vs/getUpdates "HTTP/1.1 200 OK"
2026-03-05 16:07:25,034 [INFO] HTTP Request: POST https://api.telegram.org/bot5800257941:AAHvixqllrdWAuavbQNpwgalzQrI9wkF5vs/getUpdates "HTTP/1.1 200 OK"
2026-03-05 16:07:35,127 [INFO] HTTP Request: POST https://api.telegram.org/bot5800257941:AAHvixqllrdWAuavbQNpwgalzQrI9wkF5vs/getUpdates "HTTP/1.1 200 OK"
2026-03-05 16:07:45,219 [INFO] HTTP Request: POST https://api.telegram.org/bot5800257941:AAHvixqllrdWAuavbQNpwgalzQrI9wkF5vs/getUpdates "HTTP/1.1 200 OK"
2026-03-05 16:07:55,311 [INFO] HTTP Request: POST https://api.telegram.org/bot5800257941:AAHvixqllrdWAuavbQNpwgalzQrI9wkF5vs/getUpdates "HTTP/1.1 200 OK"
2026-03-05 16:08:05,406 [INFO] HTTP Request: POST https://api.telegram.org/bot5800257941:AAHvixqllrdWAuavbQNpwgalzQrI9wkF5vs/getUpdates "HTTP/1.1 200 OK"
2026-03-05 16:08:15,499 [INFO] HTTP Request: POST https://api.telegram.org/bot5800257941:AAHvixqllrdWAuavbQNpwgalzQrI9wkF5vs/getUpdates "HTTP/1.1 200 OK"
2026-03-05 16:08:25,591 [INFO] HTTP Request: POST https://api.telegram.org/bot5800257941:AAHvixqllrdWAuavbQNpwgalzQrI9wkF5vs/getUpdates "HTTP/1.1 200 OK"
2026-03-05 16:08:35,684 [INFO] HTTP Request: POST https://api.telegram.org/bot5800257941:AAHvixqllrdWAuavbQNpwgalzQrI9wkF5vs/getUpdates "HTTP/1.1 200 OK"
2026-03-05 16:08:45,776 [INFO] HTTP Request: POST https://api.telegram.org/bot5800257941:AAHvixqllrdWAuavbQNpwgalzQrI9wkF5vs/getUpdates "HTTP/1.1 200 OK"
2026-03-05 16:08:55,875 [INFO] HTTP Request: POST https://api.telegram.org/bot5800257941:AAHvixqllrdWAuavbQNpwgalzQrI9wkF5vs/getUpdates "HTTP/1.1 200 OK"
2026-03-05 16:09:05,968 [INFO] HTTP Request: POST https://api.telegram.org/bot5800257941:AAHvixqllrdWAuavbQNpwgalzQrI9wkF5vs/getUpdates "HTTP/1.1 200 OK"
2026-03-05 16:09:16,067 [INFO] HTTP Request: POST https://api.telegram.org/bot5800257941:AAHvixqllrdWAuavbQNpwgalzQrI9wkF5vs/getUpdates "HTTP/1.1 200 OK"
2026-03-05 16:09:26,162 [INFO] HTTP Request: POST https://api.telegram.org/bot5800257941:AAHvixqllrdWAuavbQNpwgalzQrI9wkF5vs/getUpdates "HTTP/1.1 200 OK"
2026-03-05 16:09:36,254 [INFO] HTTP Request: POST https://api.telegram.org/bot5800257941:AAHvixqllrdWAuavbQNpwgalzQrI9wkF5vs/getUpdates "HTTP/1.1 200 OK"
2026-03-05 16:09:46,350 [INFO] HTTP Request: POST https://api.telegram.org/bot5800257941:AAHvixqllrdWAuavbQNpwgalzQrI9wkF5vs/getUpdates "HTTP/1.1 200 OK"
2026-03-05 16:09:56,443 [INFO] HTTP Request: POST https://api.telegram.org/bot5800257941:AAHvixqllrdWAuavbQNpwgalzQrI9wkF5vs/getUpdates "HTTP/1.1 200 OK"
2026-03-05 16:10:06,536 [INFO] HTTP Request: POST https://api.telegram.org/bot5800257941:AAHvixqllrdWAuavbQNpwgalzQrI9wkF5vs/getUpdates "HTTP/1.1 200 OK"
2026-03-05 16:10:16,629 [INFO] HTTP Request: POST https://api.telegram.org/bot5800257941:AAHvixqllrdWAuavbQNpwgalzQrI9wkF5vs/getUpdates "HTTP/1.1 200 OK"
2026-03-05 16:10:26,721 [INFO] HTTP Request: POST https://api.telegram.org/bot5800257941:AAHvixqllrdWAuavbQNpwgalzQrI9wkF5vs/getUpdates "HTTP/1.1 200 OK"
2026-03-05 16:10:36,813 [INFO] HTTP Request: POST https://api.telegram.org/bot5800257941:AAHvixqllrdWAuavbQNpwgalzQrI9wkF5vs/getUpdates "HTTP/1.1 200 OK"
2026-03-05 16:10:46,907 [INFO] HTTP Request: POST https://api.telegram.org/bot5800257941:AAHvixqllrdWAuavbQNpwgalzQrI9wkF5vs/getUpdates "HTTP/1.1 200 OK"
2026-03-05 16:10:57,002 [INFO] HTTP Request: POST https://api.telegram.org/bot5800257941:AAHvixqllrdWAuavbQNpwgalzQrI9wkF5vs/getUpdates "HTTP/1.1 200 OK"
2026-03-05 16:11:07,096 [INFO] HTTP Request: POST https://api.telegram.org/bot5800257941:AAHvixqllrdWAuavbQNpwgalzQrI9wkF5vs/getUpdates "HTTP/1.1 200 OK"
2026-03-05 16:11:17,188 [INFO] HTTP Request: POST https://api.telegram.org/bot5800257941:AAHvixqllrdWAuavbQNpwgalzQrI9wkF5vs/getUpdates "HTTP/1.1 200 OK"
2026-03-05 16:11:27,283 [INFO] HTTP Request: POST https://api.telegram.org/bot5800257941:AAHvixqllrdWAuavbQNpwgalzQrI9wkF5vs/getUpdates "HTTP/1.1 200 OK"
2026-03-05 16:11:37,375 [INFO] HTTP Request: POST https://api.telegram.org/bot5800257941:AAHvixqllrdWAuavbQNpwgalzQrI9wkF5vs/getUpdates "HTTP/1.1 200 OK"
2026-03-05 16:11:47,472 [INFO] HTTP Request: POST https://api.telegram.org/bot5800257941:AAHvixqllrdWAuavbQNpwgalzQrI9wkF5vs/getUpdates "HTTP/1.1 200 OK"
2026-03-05 16:11:57,564 [INFO] HTTP Request: POST https://api.telegram.org/bot5800257941:AAHvixqllrdWAuavbQNpwgalzQrI9wkF5vs/getUpdates "HTTP/1.1 200 OK"
2026-03-05 16:12:07,657 [INFO] HTTP Request: POST https://api.telegram.org/bot5800257941:AAHvixqllrdWAuavbQNpwgalzQrI9wkF5vs/getUpdates "HTTP/1.1 200 OK"
2026-03-05 16:12:17,750 [INFO] HTTP Request: POST https://api.telegram.org/bot5800257941:AAHvixqllrdWAuavbQNpwgalzQrI9wkF5vs/getUpdates "HTTP/1.1 200 OK"
2026-03-05 16:12:27,841 [INFO] HTTP Request: POST https://api.telegram.org/bot5800257941:AAHvixqllrdWAuavbQNpwgalzQrI9wkF5vs/getUpdates "HTTP/1.1 200 OK"
2026-03-05 16:12:37,933 [INFO] HTTP Request: POST https://api.telegram.org/bot5800257941:AAHvixqllrdWAuavbQNpwgalzQrI9wkF5vs/getUpdates "HTTP/1.1 200 OK"
2026-03-05 16:12:48,028 [INFO] HTTP Request: POST https://api.telegram.org/bot5800257941:AAHvixqllrdWAuavbQNpwgalzQrI9wkF5vs/getUpdates "HTTP/1.1 200 OK"
2026-03-05 16:12:58,120 [INFO] HTTP Request: POST https://api.telegram.org/bot5800257941:AAHvixqllrdWAuavbQNpwgalzQrI9wkF5vs/getUpdates "HTTP/1.1 200 OK"
2026-03-05 16:13:08,212 [INFO] HTTP Request: POST https://api.telegram.org/bot5800257941:AAHvixqllrdWAuavbQNpwgalzQrI9wkF5vs/getUpdates "HTTP/1.1 200 OK"
2026-03-05 16:13:18,305 [INFO] HTTP Request: POST https://api.telegram.org/bot5800257941:AAHvixqllrdWAuavbQNpwgalzQrI9wkF5vs/getUpdates "HTTP/1.1 200 OK"
2026-03-05 16:13:28,397 [INFO] HTTP Request: POST https://api.telegram.org/bot5800257941:AAHvixqllrdWAuavbQNpwgalzQrI9wkF5vs/getUpdates "HTTP/1.1 200 OK"
2026-03-05 16:13:38,490 [INFO] HTTP Request: POST https://api.telegram.org/bot5800257941:AAHvixqllrdWAuavbQNpwgalzQrI9wkF5vs/getUpdates "HTTP/1.1 200 OK"
2026-03-05 16:13:48,585 [INFO] HTTP Request: POST https://api.telegram.org/bot5800257941:AAHvixqllrdWAuavbQNpwgalzQrI9wkF5vs/getUpdates "HTTP/1.1 200 OK"
2026-03-05 16:13:58,676 [INFO] HTTP Request: POST https://api.telegram.org/bot5800257941:AAHvixqllrdWAuavbQNpwgalzQrI9wkF5vs/getUpdates "HTTP/1.1 200 OK"
2026-03-05 16:14:08,771 [INFO] HTTP Request: POST https://api.telegram.org/bot5800257941:AAHvixqllrdWAuavbQNpwgalzQrI9wkF5vs/getUpdates "HTTP/1.1 200 OK"
2026-03-05 16:14:18,863 [INFO] HTTP Request: POST https://api.telegram.org/bot5800257941:AAHvixqllrdWAuavbQNpwgalzQrI9wkF5vs/getUpdates "HTTP/1.1 200 OK"
2026-03-05 16:14:28,956 [INFO] HTTP Request: POST https://api.telegram.org/bot5800257941:AAHvixqllrdWAuavbQNpwgalzQrI9wkF5vs/getUpdates "HTTP/1.1 200 OK"
2026-03-05 16:14:39,050 [INFO] HTTP Request: POST https://api.telegram.org/bot5800257941:AAHvixqllrdWAuavbQNpwgalzQrI9wkF5vs/getUpdates "HTTP/1.1 200 OK"
2026-03-05 16:14:49,142 [INFO] HTTP Request: POST https://api.telegram.org/bot5800257941:AAHvixqllrdWAuavbQNpwgalzQrI9wkF5vs/getUpdates "HTTP/1.1 200 OK"
2026-03-05 16:14:59,235 [INFO] HTTP Request: POST https://api.telegram.org/bot5800257941:AAHvixqllrdWAuavbQNpwgalzQrI9wkF5vs/getUpdates "HTTP/1.1 200 OK"
2026-03-05 16:15:09,602 [INFO] HTTP Request: POST https://api.telegram.org/bot5800257941:AAHvixqllrdWAuavbQNpwgalzQrI9wkF5vs/getUpdates "HTTP/1.1 200 OK"
2026-03-05 16:15:19,713 [INFO] HTTP Request: POST https://api.telegram.org/bot5800257941:AAHvixqllrdWAuavbQNpwgalzQrI9wkF5vs/getUpdates "HTTP/1.1 200 OK"
2026-03-05 16:15:29,812 [INFO] HTTP Request: POST https://api.telegram.org/bot5800257941:AAHvixqllrdWAuavbQNpwgalzQrI9wkF5vs/getUpdates "HTTP/1.1 200 OK"
2026-03-05 16:15:39,913 [INFO] HTTP Request: POST https://api.telegram.org/bot5800257941:AAHvixqllrdWAuavbQNpwgalzQrI9wkF5vs/getUpdates "HTTP/1.1 200 OK"
2026-03-05 16:15:50,011 [INFO] HTTP Request: POST https://api.telegram.org/bot5800257941:AAHvixqllrdWAuavbQNpwgalzQrI9wkF5vs/getUpdates "HTTP/1.1 200 OK"
2026-03-05 16:16:00,113 [INFO] HTTP Request: POST https://api.telegram.org/bot5800257941:AAHvixqllrdWAuavbQNpwgalzQrI9wkF5vs/getUpdates "HTTP/1.1 200 OK"
2026-03-05 16:16:10,209 [INFO] HTTP Request: POST https://api.telegram.org/bot5800257941:AAHvixqllrdWAuavbQNpwgalzQrI9wkF5vs/getUpdates "HTTP/1.1 200 OK"
2026-03-05 16:16:20,406 [INFO] HTTP Request: POST https://api.telegram.org/bot5800257941:AAHvixqllrdWAuavbQNpwgalzQrI9wkF5vs/getUpdates "HTTP/1.1 200 OK"
2026-03-05 16:16:30,504 [INFO] HTTP Request: POST https://api.telegram.org/bot5800257941:AAHvixqllrdWAuavbQNpwgalzQrI9wkF5vs/getUpdates "HTTP/1.1 200 OK"
2026-03-05 16:16:40,605 [INFO] HTTP Request: POST https://api.telegram.org/bot5800257941:AAHvixqllrdWAuavbQNpwgalzQrI9wkF5vs/getUpdates "HTTP/1.1 200 OK"
2026-03-05 16:16:50,702 [INFO] HTTP Request: POST https://api.telegram.org/bot5800257941:AAHvixqllrdWAuavbQNpwgalzQrI9wkF5vs/getUpdates "HTTP/1.1 200 OK"
2026-03-05 16:17:00,802 [INFO] HTTP Request: POST https://api.telegram.org/bot5800257941:AAHvixqllrdWAuavbQNpwgalzQrI9wkF5vs/getUpdates "HTTP/1.1 200 OK"
2026-03-05 16:17:10,900 [INFO] HTTP Request: POST https://api.telegram.org/bot5800257941:AAHvixqllrdWAuavbQNpwgalzQrI9wkF5vs/getUpdates "HTTP/1.1 200 OK"
2026-03-05 16:17:21,001 [INFO] HTTP Request: POST https://api.telegram.org/bot5800257941:AAHvixqllrdWAuavbQNpwgalzQrI9wkF5vs/getUpdates "HTTP/1.1 200 OK"
2026-03-05 16:17:31,101 [INFO] HTTP Request: POST https://api.telegram.org/bot5800257941:AAHvixqllrdWAuavbQNpwgalzQrI9wkF5vs/getUpdates "HTTP/1.1 200 OK"
2026-03-05 16:17:41,198 [INFO] HTTP Request: POST https://api.telegram.org/bot5800257941:AAHvixqllrdWAuavbQNpwgalzQrI9wkF5vs/getUpdates "HTTP/1.1 200 OK"
2026-03-05 16:17:51,302 [INFO] HTTP Request: POST https://api.telegram.org/bot5800257941:AAHvixqllrdWAuavbQNpwgalzQrI9wkF5vs/getUpdates "HTTP/1.1 200 OK"
2026-03-05 16:18:01,401 [INFO] HTTP Request: POST https://api.telegram.org/bot5800257941:AAHvixqllrdWAuavbQNpwgalzQrI9wkF5vs/getUpdates "HTTP/1.1 200 OK"
2026-03-05 16:18:11,500 [INFO] HTTP Request: POST https://api.telegram.org/bot5800257941:AAHvixqllrdWAuavbQNpwgalzQrI9wkF5vs/getUpdates "HTTP/1.1 200 OK"
2026-03-05 16:18:21,612 [INFO] HTTP Request: POST https://api.telegram.org/bot5800257941:AAHvixqllrdWAuavbQNpwgalzQrI9wkF5vs/getUpdates "HTTP/1.1 200 OK"
2026-03-05 16:18:31,714 [INFO] HTTP Request: POST https://api.telegram.org/bot5800257941:AAHvixqllrdWAuavbQNpwgalzQrI9wkF5vs/getUpdates "HTTP/1.1 200 OK"
2026-03-05 16:18:41,814 [INFO] HTTP Request: POST https://api.telegram.org/bot5800257941:AAHvixqllrdWAuavbQNpwgalzQrI9wkF5vs/getUpdates "HTTP/1.1 200 OK"
2026-03-05 16:18:51,921 [INFO] HTTP Request: POST https://api.telegram.org/bot5800257941:AAHvixqllrdWAuavbQNpwgalzQrI9wkF5vs/getUpdates "HTTP/1.1 200 OK"
2026-03-05 16:19:02,032 [INFO] HTTP Request: POST https://api.telegram.org/bot5800257941:AAHvixqllrdWAuavbQNpwgalzQrI9wkF5vs/getUpdates "HTTP/1.1 200 OK"
2026-03-05 16:19:12,134 [INFO] HTTP Request: POST https://api.telegram.org/bot5800257941:AAHvixqllrdWAuavbQNpwgalzQrI9wkF5vs/getUpdates "HTTP/1.1 200 OK"
2026-03-05 16:19:22,233 [INFO] HTTP Request: POST https://api.telegram.org/bot5800257941:AAHvixqllrdWAuavbQNpwgalzQrI9wkF5vs/getUpdates "HTTP/1.1 200 OK"
2026-03-05 16:19:32,332 [INFO] HTTP Request: POST https://api.telegram.org/bot5800257941:AAHvixqllrdWAuavbQNpwgalzQrI9wkF5vs/getUpdates "HTTP/1.1 200 OK"
2026-03-05 16:19:42,431 [INFO] HTTP Request: POST https://api.telegram.org/bot5800257941:AAHvixqllrdWAuavbQNpwgalzQrI9wkF5vs/getUpdates "HTTP/1.1 200 OK"
2026-03-05 16:19:52,531 [INFO] HTTP Request: POST https://api.telegram.org/bot5800257941:AAHvixqllrdWAuavbQNpwgalzQrI9wkF5vs/getUpdates "HTTP/1.1 200 OK"
2026-03-05 16:20:02,632 [INFO] HTTP Request: POST https://api.telegram.org/bot5800257941:AAHvixqllrdWAuavbQNpwgalzQrI9wkF5vs/getUpdates "HTTP/1.1 200 OK"
2026-03-05 16:20:12,729 [INFO] HTTP Request: POST https://api.telegram.org/bot5800257941:AAHvixqllrdWAuavbQNpwgalzQrI9wkF5vs/getUpdates "HTTP/1.1 200 OK"
2026-03-05 16:20:22,826 [INFO] HTTP Request: POST https://api.telegram.org/bot5800257941:AAHvixqllrdWAuavbQNpwgalzQrI9wkF5vs/getUpdates "HTTP/1.1 200 OK"
2026-03-05 16:20:32,929 [INFO] HTTP Request: POST https://api.telegram.org/bot5800257941:AAHvixqllrdWAuavbQNpwgalzQrI9wkF5vs/getUpdates "HTTP/1.1 200 OK"
2026-03-05 16:20:43,030 [INFO] HTTP Request: POST https://api.telegram.org/bot5800257941:AAHvixqllrdWAuavbQNpwgalzQrI9wkF5vs/getUpdates "HTTP/1.1 200 OK"
2026-03-05 16:20:53,129 [INFO] HTTP Request: POST https://api.telegram.org/bot5800257941:AAHvixqllrdWAuavbQNpwgalzQrI9wkF5vs/getUpdates "HTTP/1.1 200 OK"
2026-03-05 16:21:03,231 [INFO] HTTP Request: POST https://api.telegram.org/bot5800257941:AAHvixqllrdWAuavbQNpwgalzQrI9wkF5vs/getUpdates "HTTP/1.1 200 OK"
2026-03-05 16:21:13,482 [INFO] HTTP Request: POST https://api.telegram.org/bot5800257941:AAHvixqllrdWAuavbQNpwgalzQrI9wkF5vs/getUpdates "HTTP/1.1 200 OK"
2026-03-05 16:21:23,617 [INFO] HTTP Request: POST https://api.telegram.org/bot5800257941:AAHvixqllrdWAuavbQNpwgalzQrI9wkF5vs/getUpdates "HTTP/1.1 200 OK"
2026-03-05 16:21:33,728 [INFO] HTTP Request: POST https://api.telegram.org/bot5800257941:AAHvixqllrdWAuavbQNpwgalzQrI9wkF5vs/getUpdates "HTTP/1.1 200 OK"
2026-03-05 16:21:43,826 [INFO] HTTP Request: POST https://api.telegram.org/bot5800257941:AAHvixqllrdWAuavbQNpwgalzQrI9wkF5vs/getUpdates "HTTP/1.1 200 OK"
2026-03-05 16:21:53,988 [INFO] HTTP Request: POST https://api.telegram.org/bot5800257941:AAHvixqllrdWAuavbQNpwgalzQrI9wkF5vs/getUpdates "HTTP/1.1 200 OK"
2026-03-05 16:22:04,086 [INFO] HTTP Request: POST https://api.telegram.org/bot5800257941:AAHvixqllrdWAuavbQNpwgalzQrI9wkF5vs/getUpdates "HTTP/1.1 200 OK"
2026-03-05 16:22:14,186 [INFO] HTTP Request: POST https://api.telegram.org/bot5800257941:AAHvixqllrdWAuavbQNpwgalzQrI9wkF5vs/getUpdates "HTTP/1.1 200 OK"
2026-03-05 16:22:24,287 [INFO] HTTP Request: POST https://api.telegram.org/bot5800257941:AAHvixqllrdWAuavbQNpwgalzQrI9wkF5vs/getUpdates "HTTP/1.1 200 OK"
2026-03-05 16:22:34,388 [INFO] HTTP Request: POST https://api.telegram.org/bot5800257941:AAHvixqllrdWAuavbQNpwgalzQrI9wkF5vs/getUpdates "HTTP/1.1 200 OK"
2026-03-05 16:22:44,487 [INFO] HTTP Request: POST https://api.telegram.org/bot5800257941:AAHvixqllrdWAuavbQNpwgalzQrI9wkF5vs/getUpdates "HTTP/1.1 200 OK"
2026-03-05 16:22:54,586 [INFO] HTTP Request: POST https://api.telegram.org/bot5800257941:AAHvixqllrdWAuavbQNpwgalzQrI9wkF5vs/getUpdates "HTTP/1.1 200 OK"
2026-03-05 16:23:04,684 [INFO] HTTP Request: POST https://api.telegram.org/bot5800257941:AAHvixqllrdWAuavbQNpwgalzQrI9wkF5vs/getUpdates "HTTP/1.1 200 OK"
2026-03-05 16:23:14,780 [INFO] HTTP Request: POST https://api.telegram.org/bot5800257941:AAHvixqllrdWAuavbQNpwgalzQrI9wkF5vs/getUpdates "HTTP/1.1 200 OK"
2026-03-05 16:23:24,879 [INFO] HTTP Request: POST https://api.telegram.org/bot5800257941:AAHvixqllrdWAuavbQNpwgalzQrI9wkF5vs/getUpdates "HTTP/1.1 200 OK"
2026-03-05 16:23:34,981 [INFO] HTTP Request: POST https://api.telegram.org/bot5800257941:AAHvixqllrdWAuavbQNpwgalzQrI9wkF5vs/getUpdates "HTTP/1.1 200 OK"
2026-03-05 16:23:45,077 [INFO] HTTP Request: POST https://api.telegram.org/bot5800257941:AAHvixqllrdWAuavbQNpwgalzQrI9wkF5vs/getUpdates "HTTP/1.1 200 OK"
2026-03-05 16:23:55,176 [INFO] HTTP Request: POST https://api.telegram.org/bot5800257941:AAHvixqllrdWAuavbQNpwgalzQrI9wkF5vs/getUpdates "HTTP/1.1 200 OK"
2026-03-05 16:24:05,276 [INFO] HTTP Request: POST https://api.telegram.org/bot5800257941:AAHvixqllrdWAuavbQNpwgalzQrI9wkF5vs/getUpdates "HTTP/1.1 200 OK"
2026-03-05 16:24:15,373 [INFO] HTTP Request: POST https://api.telegram.org/bot5800257941:AAHvixqllrdWAuavbQNpwgalzQrI9wkF5vs/getUpdates "HTTP/1.1 200 OK"
2026-03-05 16:24:25,496 [INFO] HTTP Request: POST https://api.telegram.org/bot5800257941:AAHvixqllrdWAuavbQNpwgalzQrI9wkF5vs/getUpdates "HTTP/1.1 200 OK"
2026-03-05 16:24:35,594 [INFO] HTTP Request: POST https://api.telegram.org/bot5800257941:AAHvixqllrdWAuavbQNpwgalzQrI9wkF5vs/getUpdates "HTTP/1.1 200 OK"
2026-03-05 16:24:45,694 [INFO] HTTP Request: POST https://api.telegram.org/bot5800257941:AAHvixqllrdWAuavbQNpwgalzQrI9wkF5vs/getUpdates "HTTP/1.1 200 OK"
2026-03-05 16:24:55,792 [INFO] HTTP Request: POST https://api.telegram.org/bot5800257941:AAHvixqllrdWAuavbQNpwgalzQrI9wkF5vs/getUpdates "HTTP/1.1 200 OK"
2026-03-05 16:25:05,888 [INFO] HTTP Request: POST https://api.telegram.org/bot5800257941:AAHvixqllrdWAuavbQNpwgalzQrI9wkF5vs/getUpdates "HTTP/1.1 200 OK"
2026-03-05 16:25:15,989 [INFO] HTTP Request: POST https://api.telegram.org/bot5800257941:AAHvixqllrdWAuavbQNpwgalzQrI9wkF5vs/getUpdates "HTTP/1.1 200 OK"
2026-03-05 16:25:26,086 [INFO] HTTP Request: POST https://api.telegram.org/bot5800257941:AAHvixqllrdWAuavbQNpwgalzQrI9wkF5vs/getUpdates "HTTP/1.1 200 OK"
2026-03-05 16:25:36,196 [INFO] HTTP Request: POST https://api.telegram.org/bot5800257941:AAHvixqllrdWAuavbQNpwgalzQrI9wkF5vs/getUpdates "HTTP/1.1 200 OK"
2026-03-05 16:25:46,292 [INFO] HTTP Request: POST https://api.telegram.org/bot5800257941:AAHvixqllrdWAuavbQNpwgalzQrI9wkF5vs/getUpdates "HTTP/1.1 200 OK"
2026-03-05 16:25:56,388 [INFO] HTTP Request: POST https://api.telegram.org/bot5800257941:AAHvixqllrdWAuavbQNpwgalzQrI9wkF5vs/getUpdates "HTTP/1.1 200 OK"
2026-03-05 16:26:06,486 [INFO] HTTP Request: POST https://api.telegram.org/bot5800257941:AAHvixqllrdWAuavbQNpwgalzQrI9wkF5vs/getUpdates "HTTP/1.1 200 OK"
2026-03-05 16:26:16,589 [INFO] HTTP Request: POST https://api.telegram.org/bot5800257941:AAHvixqllrdWAuavbQNpwgalzQrI9wkF5vs/getUpdates "HTTP/1.1 200 OK"
2026-03-05 16:26:26,690 [INFO] HTTP Request: POST https://api.telegram.org/bot5800257941:AAHvixqllrdWAuavbQNpwgalzQrI9wkF5vs/getUpdates "HTTP/1.1 200 OK"
2026-03-05 16:26:36,787 [INFO] HTTP Request: POST https://api.telegram.org/bot5800257941:AAHvixqllrdWAuavbQNpwgalzQrI9wkF5vs/getUpdates "HTTP/1.1 200 OK"
2026-03-05 16:26:46,884 [INFO] HTTP Request: POST https://api.telegram.org/bot5800257941:AAHvixqllrdWAuavbQNpwgalzQrI9wkF5vs/getUpdates "HTTP/1.1 200 OK"
2026-03-05 16:26:56,982 [INFO] HTTP Request: POST https://api.telegram.org/bot5800257941:AAHvixqllrdWAuavbQNpwgalzQrI9wkF5vs/getUpdates "HTTP/1.1 200 OK"
2026-03-05 16:27:07,082 [INFO] HTTP Request: POST https://api.telegram.org/bot5800257941:AAHvixqllrdWAuavbQNpwgalzQrI9wkF5vs/getUpdates "HTTP/1.1 200 OK"
2026-03-05 16:27:17,184 [INFO] HTTP Request: POST https://api.telegram.org/bot5800257941:AAHvixqllrdWAuavbQNpwgalzQrI9wkF5vs/getUpdates "HTTP/1.1 200 OK"
2026-03-05 16:27:27,280 [INFO] HTTP Request: POST https://api.telegram.org/bot5800257941:AAHvixqllrdWAuavbQNpwgalzQrI9wkF5vs/getUpdates "HTTP/1.1 200 OK"
2026-03-05 16:27:37,383 [INFO] HTTP Request: POST https://api.telegram.org/bot5800257941:AAHvixqllrdWAuavbQNpwgalzQrI9wkF5vs/getUpdates "HTTP/1.1 200 OK"
2026-03-05 16:27:47,483 [INFO] HTTP Request: POST https://api.telegram.org/bot5800257941:AAHvixqllrdWAuavbQNpwgalzQrI9wkF5vs/getUpdates "HTTP/1.1 200 OK"
2026-03-05 16:27:57,597 [INFO] HTTP Request: POST https://api.telegram.org/bot5800257941:AAHvixqllrdWAuavbQNpwgalzQrI9wkF5vs/getUpdates "HTTP/1.1 200 OK"
2026-03-05 16:28:07,693 [INFO] HTTP Request: POST https://api.telegram.org/bot5800257941:AAHvixqllrdWAuavbQNpwgalzQrI9wkF5vs/getUpdates "HTTP/1.1 200 OK"
2026-03-05 16:28:17,790 [INFO] HTTP Request: POST https://api.telegram.org/bot5800257941:AAHvixqllrdWAuavbQNpwgalzQrI9wkF5vs/getUpdates "HTTP/1.1 200 OK"
2026-03-05 16:28:27,887 [INFO] HTTP Request: POST https://api.telegram.org/bot5800257941:AAHvixqllrdWAuavbQNpwgalzQrI9wkF5vs/getUpdates "HTTP/1.1 200 OK"
2026-03-05 16:28:37,989 [INFO] HTTP Request: POST https://api.telegram.org/bot5800257941:AAHvixqllrdWAuavbQNpwgalzQrI9wkF5vs/getUpdates "HTTP/1.1 200 OK"
2026-03-05 16:28:48,085 [INFO] HTTP Request: POST https://api.telegram.org/bot5800257941:AAHvixqllrdWAuavbQNpwgalzQrI9wkF5vs/getUpdates "HTTP/1.1 200 OK"
2026-03-05 16:28:58,181 [INFO] HTTP Request: POST https://api.telegram.org/bot5800257941:AAHvixqllrdWAuavbQNpwgalzQrI9wkF5vs/getUpdates "HTTP/1.1 200 OK"
2026-03-05 16:29:08,283 [INFO] HTTP Request: POST https://api.telegram.org/bot5800257941:AAHvixqllrdWAuavbQNpwgalzQrI9wkF5vs/getUpdates "HTTP/1.1 200 OK"
2026-03-05 16:29:18,384 [INFO] HTTP Request: POST https://api.telegram.org/bot5800257941:AAHvixqllrdWAuavbQNpwgalzQrI9wkF5vs/getUpdates "HTTP/1.1 200 OK"
2026-03-05 16:29:28,489 [INFO] HTTP Request: POST https://api.telegram.org/bot5800257941:AAHvixqllrdWAuavbQNpwgalzQrI9wkF5vs/getUpdates "HTTP/1.1 200 OK"
2026-03-05 16:29:38,588 [INFO] HTTP Request: POST https://api.telegram.org/bot5800257941:AAHvixqllrdWAuavbQNpwgalzQrI9wkF5vs/getUpdates "HTTP/1.1 200 OK"
2026-03-05 16:29:48,684 [INFO] HTTP Request: POST https://api.telegram.org/bot5800257941:AAHvixqllrdWAuavbQNpwgalzQrI9wkF5vs/getUpdates "HTTP/1.1 200 OK"
2026-03-05 16:29:58,787 [INFO] HTTP Request: POST https://api.telegram.org/bot5800257941:AAHvixqllrdWAuavbQNpwgalzQrI9wkF5vs/getUpdates "HTTP/1.1 200 OK"
2026-03-05 16:30:08,885 [INFO] HTTP Request: POST https://api.telegram.org/bot5800257941:AAHvixqllrdWAuavbQNpwgalzQrI9wkF5vs/getUpdates "HTTP/1.1 200 OK"
2026-03-05 16:30:18,985 [INFO] HTTP Request: POST https://api.telegram.org/bot5800257941:AAHvixqllrdWAuavbQNpwgalzQrI9wkF5vs/getUpdates "HTTP/1.1 200 OK"
2026-03-05 16:30:29,085 [INFO] HTTP Request: POST https://api.telegram.org/bot5800257941:AAHvixqllrdWAuavbQNpwgalzQrI9wkF5vs/getUpdates "HTTP/1.1 200 OK"
2026-03-05 16:30:39,182 [INFO] HTTP Request: POST https://api.telegram.org/bot5800257941:AAHvixqllrdWAuavbQNpwgalzQrI9wkF5vs/getUpdates "HTTP/1.1 200 OK"
2026-03-05 16:30:49,278 [INFO] HTTP Request: POST https://api.telegram.org/bot5800257941:AAHvixqllrdWAuavbQNpwgalzQrI9wkF5vs/getUpdates "HTTP/1.1 200 OK"
2026-03-05 16:30:59,376 [INFO] HTTP Request: POST https://api.telegram.org/bot5800257941:AAHvixqllrdWAuavbQNpwgalzQrI9wkF5vs/getUpdates "HTTP/1.1 200 OK"
2026-03-05 16:31:09,472 [INFO] HTTP Request: POST https://api.telegram.org/bot5800257941:AAHvixqllrdWAuavbQNpwgalzQrI9wkF5vs/getUpdates "HTTP/1.1 200 OK"
2026-03-05 16:31:19,576 [INFO] HTTP Request: POST https://api.telegram.org/bot5800257941:AAHvixqllrdWAuavbQNpwgalzQrI9wkF5vs/getUpdates "HTTP/1.1 200 OK"
2026-03-05 16:31:29,728 [INFO] HTTP Request: POST https://api.telegram.org/bot5800257941:AAHvixqllrdWAuavbQNpwgalzQrI9wkF5vs/getUpdates "HTTP/1.1 200 OK"
2026-03-05 16:31:39,824 [INFO] HTTP Request: POST https://api.telegram.org/bot5800257941:AAHvixqllrdWAuavbQNpwgalzQrI9wkF5vs/getUpdates "HTTP/1.1 200 OK"
2026-03-05 16:31:49,933 [INFO] HTTP Request: POST https://api.telegram.org/bot5800257941:AAHvixqllrdWAuavbQNpwgalzQrI9wkF5vs/getUpdates "HTTP/1.1 200 OK"
2026-03-05 16:32:00,290 [INFO] HTTP Request: POST https://api.telegram.org/bot5800257941:AAHvixqllrdWAuavbQNpwgalzQrI9wkF5vs/getUpdates "HTTP/1.1 200 OK"
2026-03-05 16:32:10,386 [INFO] HTTP Request: POST https://api.telegram.org/bot5800257941:AAHvixqllrdWAuavbQNpwgalzQrI9wkF5vs/getUpdates "HTTP/1.1 200 OK"
2026-03-05 16:32:20,503 [INFO] HTTP Request: POST https://api.telegram.org/bot5800257941:AAHvixqllrdWAuavbQNpwgalzQrI9wkF5vs/getUpdates "HTTP/1.1 200 OK"
2026-03-05 16:32:30,600 [INFO] HTTP Request: POST https://api.telegram.org/bot5800257941:AAHvixqllrdWAuavbQNpwgalzQrI9wkF5vs/getUpdates "HTTP/1.1 200 OK"
2026-03-05 16:32:40,697 [INFO] HTTP Request: POST https://api.telegram.org/bot5800257941:AAHvixqllrdWAuavbQNpwgalzQrI9wkF5vs/getUpdates "HTTP/1.1 200 OK"
2026-03-05 16:32:50,792 [INFO] HTTP Request: POST https://api.telegram.org/bot5800257941:AAHvixqllrdWAuavbQNpwgalzQrI9wkF5vs/getUpdates "HTTP/1.1 200 OK"
2026-03-05 16:33:00,887 [INFO] HTTP Request: POST https://api.telegram.org/bot5800257941:AAHvixqllrdWAuavbQNpwgalzQrI9wkF5vs/getUpdates "HTTP/1.1 200 OK"
2026-03-05 16:33:10,983 [INFO] HTTP Request: POST https://api.telegram.org/bot5800257941:AAHvixqllrdWAuavbQNpwgalzQrI9wkF5vs/getUpdates "HTTP/1.1 200 OK"
2026-03-05 16:33:21,080 [INFO] HTTP Request: POST https://api.telegram.org/bot5800257941:AAHvixqllrdWAuavbQNpwgalzQrI9wkF5vs/getUpdates "HTTP/1.1 200 OK"
2026-03-05 16:33:31,177 [INFO] HTTP Request: POST https://api.telegram.org/bot5800257941:AAHvixqllrdWAuavbQNpwgalzQrI9wkF5vs/getUpdates "HTTP/1.1 200 OK"
2026-03-05 16:33:41,275 [INFO] HTTP Request: POST https://api.telegram.org/bot5800257941:AAHvixqllrdWAuavbQNpwgalzQrI9wkF5vs/getUpdates "HTTP/1.1 200 OK"
2026-03-05 16:33:51,371 [INFO] HTTP Request: POST https://api.telegram.org/bot5800257941:AAHvixqllrdWAuavbQNpwgalzQrI9wkF5vs/getUpdates "HTTP/1.1 200 OK"
2026-03-05 16:34:01,466 [INFO] HTTP Request: POST https://api.telegram.org/bot5800257941:AAHvixqllrdWAuavbQNpwgalzQrI9wkF5vs/getUpdates "HTTP/1.1 200 OK"
2026-03-05 16:34:11,563 [INFO] HTTP Request: POST https://api.telegram.org/bot5800257941:AAHvixqllrdWAuavbQNpwgalzQrI9wkF5vs/getUpdates "HTTP/1.1 200 OK"
2026-03-05 16:34:21,658 [INFO] HTTP Request: POST https://api.telegram.org/bot5800257941:AAHvixqllrdWAuavbQNpwgalzQrI9wkF5vs/getUpdates "HTTP/1.1 200 OK"
2026-03-05 16:34:31,754 [INFO] HTTP Request: POST https://api.telegram.org/bot5800257941:AAHvixqllrdWAuavbQNpwgalzQrI9wkF5vs/getUpdates "HTTP/1.1 200 OK"
2026-03-05 16:34:41,849 [INFO] HTTP Request: POST https://api.telegram.org/bot5800257941:AAHvixqllrdWAuavbQNpwgalzQrI9wkF5vs/getUpdates "HTTP/1.1 200 OK"
2026-03-05 16:34:51,949 [INFO] HTTP Request: POST https://api.telegram.org/bot5800257941:AAHvixqllrdWAuavbQNpwgalzQrI9wkF5vs/getUpdates "HTTP/1.1 200 OK"
2026-03-05 16:35:02,049 [INFO] HTTP Request: POST https://api.telegram.org/bot5800257941:AAHvixqllrdWAuavbQNpwgalzQrI9wkF5vs/getUpdates "HTTP/1.1 200 OK"
2026-03-05 16:35:12,152 [INFO] HTTP Request: POST https://api.telegram.org/bot5800257941:AAHvixqllrdWAuavbQNpwgalzQrI9wkF5vs/getUpdates "HTTP/1.1 200 OK"
2026-03-05 16:35:22,248 [INFO] HTTP Request: POST https://api.telegram.org/bot5800257941:AAHvixqllrdWAuavbQNpwgalzQrI9wkF5vs/getUpdates "HTTP/1.1 200 OK"
2026-03-05 16:35:32,344 [INFO] HTTP Request: POST https://api.telegram.org/bot5800257941:AAHvixqllrdWAuavbQNpwgalzQrI9wkF5vs/getUpdates "HTTP/1.1 200 OK"
2026-03-05 16:35:42,446 [INFO] HTTP Request: POST https://api.telegram.org/bot5800257941:AAHvixqllrdWAuavbQNpwgalzQrI9wkF5vs/getUpdates "HTTP/1.1 200 OK"
2026-03-05 16:35:52,542 [INFO] HTTP Request: POST https://api.telegram.org/bot5800257941:AAHvixqllrdWAuavbQNpwgalzQrI9wkF5vs/getUpdates "HTTP/1.1 200 OK"
2026-03-05 16:36:02,640 [INFO] HTTP Request: POST https://api.telegram.org/bot5800257941:AAHvixqllrdWAuavbQNpwgalzQrI9wkF5vs/getUpdates "HTTP/1.1 200 OK"
2026-03-05 16:36:12,739 [INFO] HTTP Request: POST https://api.telegram.org/bot5800257941:AAHvixqllrdWAuavbQNpwgalzQrI9wkF5vs/getUpdates "HTTP/1.1 200 OK"
2026-03-05 16:36:22,835 [INFO] HTTP Request: POST https://api.telegram.org/bot5800257941:AAHvixqllrdWAuavbQNpwgalzQrI9wkF5vs/getUpdates "HTTP/1.1 200 OK"
2026-03-05 16:36:32,930 [INFO] HTTP Request: POST https://api.telegram.org/bot5800257941:AAHvixqllrdWAuavbQNpwgalzQrI9wkF5vs/getUpdates "HTTP/1.1 200 OK"
2026-03-05 16:36:43,026 [INFO] HTTP Request: POST https://api.telegram.org/bot5800257941:AAHvixqllrdWAuavbQNpwgalzQrI9wkF5vs/getUpdates "HTTP/1.1 200 OK"
2026-03-05 16:36:53,122 [INFO] HTTP Request: POST https://api.telegram.org/bot5800257941:AAHvixqllrdWAuavbQNpwgalzQrI9wkF5vs/getUpdates "HTTP/1.1 200 OK"
2026-03-05 16:37:03,221 [INFO] HTTP Request: POST https://api.telegram.org/bot5800257941:AAHvixqllrdWAuavbQNpwgalzQrI9wkF5vs/getUpdates "HTTP/1.1 200 OK"
2026-03-05 16:37:13,317 [INFO] HTTP Request: POST https://api.telegram.org/bot5800257941:AAHvixqllrdWAuavbQNpwgalzQrI9wkF5vs/getUpdates "HTTP/1.1 200 OK"
2026-03-05 16:37:23,413 [INFO] HTTP Request: POST https://api.telegram.org/bot5800257941:AAHvixqllrdWAuavbQNpwgalzQrI9wkF5vs/getUpdates "HTTP/1.1 200 OK"
2026-03-05 16:37:33,508 [INFO] HTTP Request: POST https://api.telegram.org/bot5800257941:AAHvixqllrdWAuavbQNpwgalzQrI9wkF5vs/getUpdates "HTTP/1.1 200 OK"
2026-03-05 16:37:43,604 [INFO] HTTP Request: POST https://api.telegram.org/bot5800257941:AAHvixqllrdWAuavbQNpwgalzQrI9wkF5vs/getUpdates "HTTP/1.1 200 OK"
2026-03-05 16:37:53,700 [INFO] HTTP Request: POST https://api.telegram.org/bot5800257941:AAHvixqllrdWAuavbQNpwgalzQrI9wkF5vs/getUpdates "HTTP/1.1 200 OK"
2026-03-05 16:38:03,796 [INFO] HTTP Request: POST https://api.telegram.org/bot5800257941:AAHvixqllrdWAuavbQNpwgalzQrI9wkF5vs/getUpdates "HTTP/1.1 200 OK"
2026-03-05 16:38:13,893 [INFO] HTTP Request: POST https://api.telegram.org/bot5800257941:AAHvixqllrdWAuavbQNpwgalzQrI9wkF5vs/getUpdates "HTTP/1.1 200 OK"
2026-03-05 16:38:23,989 [INFO] HTTP Request: POST https://api.telegram.org/bot5800257941:AAHvixqllrdWAuavbQNpwgalzQrI9wkF5vs/getUpdates "HTTP/1.1 200 OK"
2026-03-05 16:38:34,085 [INFO] HTTP Request: POST https://api.telegram.org/bot5800257941:AAHvixqllrdWAuavbQNpwgalzQrI9wkF5vs/getUpdates "HTTP/1.1 200 OK"
2026-03-05 16:38:44,181 [INFO] HTTP Request: POST https://api.telegram.org/bot5800257941:AAHvixqllrdWAuavbQNpwgalzQrI9wkF5vs/getUpdates "HTTP/1.1 200 OK"
2026-03-05 16:38:54,287 [INFO] HTTP Request: POST https://api.telegram.org/bot5800257941:AAHvixqllrdWAuavbQNpwgalzQrI9wkF5vs/getUpdates "HTTP/1.1 200 OK"
2026-03-05 16:39:04,384 [INFO] HTTP Request: POST https://api.telegram.org/bot5800257941:AAHvixqllrdWAuavbQNpwgalzQrI9wkF5vs/getUpdates "HTTP/1.1 200 OK"
2026-03-05 16:39:14,488 [INFO] HTTP Request: POST https://api.telegram.org/bot5800257941:AAHvixqllrdWAuavbQNpwgalzQrI9wkF5vs/getUpdates "HTTP/1.1 200 OK"
2026-03-05 16:39:24,585 [INFO] HTTP Request: POST https://api.telegram.org/bot5800257941:AAHvixqllrdWAuavbQNpwgalzQrI9wkF5vs/getUpdates "HTTP/1.1 200 OK"
2026-03-05 16:39:34,682 [INFO] HTTP Request: POST https://api.telegram.org/bot5800257941:AAHvixqllrdWAuavbQNpwgalzQrI9wkF5vs/getUpdates "HTTP/1.1 200 OK"
2026-03-05 16:39:44,780 [INFO] HTTP Request: POST https://api.telegram.org/bot5800257941:AAHvixqllrdWAuavbQNpwgalzQrI9wkF5vs/getUpdates "HTTP/1.1 200 OK"
2026-03-05 16:39:54,875 [INFO] HTTP Request: POST https://api.telegram.org/bot5800257941:AAHvixqllrdWAuavbQNpwgalzQrI9wkF5vs/getUpdates "HTTP/1.1 200 OK"
2026-03-05 16:40:04,971 [INFO] HTTP Request: POST https://api.telegram.org/bot5800257941:AAHvixqllrdWAuavbQNpwgalzQrI9wkF5vs/getUpdates "HTTP/1.1 200 OK"
2026-03-05 16:40:15,067 [INFO] HTTP Request: POST https://api.telegram.org/bot5800257941:AAHvixqllrdWAuavbQNpwgalzQrI9wkF5vs/getUpdates "HTTP/1.1 200 OK"
2026-03-05 16:40:25,163 [INFO] HTTP Request: POST https://api.telegram.org/bot5800257941:AAHvixqllrdWAuavbQNpwgalzQrI9wkF5vs/getUpdates "HTTP/1.1 200 OK"
2026-03-05 16:40:35,260 [INFO] HTTP Request: POST https://api.telegram.org/bot5800257941:AAHvixqllrdWAuavbQNpwgalzQrI9wkF5vs/getUpdates "HTTP/1.1 200 OK"
2026-03-05 16:40:45,356 [INFO] HTTP Request: POST https://api.telegram.org/bot5800257941:AAHvixqllrdWAuavbQNpwgalzQrI9wkF5vs/getUpdates "HTTP/1.1 200 OK"
2026-03-05 16:40:55,452 [INFO] HTTP Request: POST https://api.telegram.org/bot5800257941:AAHvixqllrdWAuavbQNpwgalzQrI9wkF5vs/getUpdates "HTTP/1.1 200 OK"
2026-03-05 16:41:05,551 [INFO] HTTP Request: POST https://api.telegram.org/bot5800257941:AAHvixqllrdWAuavbQNpwgalzQrI9wkF5vs/getUpdates "HTTP/1.1 200 OK"
2026-03-05 16:41:15,647 [INFO] HTTP Request: POST https://api.telegram.org/bot5800257941:AAHvixqllrdWAuavbQNpwgalzQrI9wkF5vs/getUpdates "HTTP/1.1 200 OK"
2026-03-05 16:41:25,742 [INFO] HTTP Request: POST https://api.telegram.org/bot5800257941:AAHvixqllrdWAuavbQNpwgalzQrI9wkF5vs/getUpdates "HTTP/1.1 200 OK"
2026-03-05 16:41:35,838 [INFO] HTTP Request: POST https://api.telegram.org/bot5800257941:AAHvixqllrdWAuavbQNpwgalzQrI9wkF5vs/getUpdates "HTTP/1.1 200 OK"
2026-03-05 16:41:45,940 [INFO] HTTP Request: POST https://api.telegram.org/bot5800257941:AAHvixqllrdWAuavbQNpwgalzQrI9wkF5vs/getUpdates "HTTP/1.1 200 OK"
2026-03-05 16:41:56,036 [INFO] HTTP Request: POST https://api.telegram.org/bot5800257941:AAHvixqllrdWAuavbQNpwgalzQrI9wkF5vs/getUpdates "HTTP/1.1 200 OK"
2026-03-05 16:42:06,131 [INFO] HTTP Request: POST https://api.telegram.org/bot5800257941:AAHvixqllrdWAuavbQNpwgalzQrI9wkF5vs/getUpdates "HTTP/1.1 200 OK"
2026-03-05 16:42:16,229 [INFO] HTTP Request: POST https://api.telegram.org/bot5800257941:AAHvixqllrdWAuavbQNpwgalzQrI9wkF5vs/getUpdates "HTTP/1.1 200 OK"
2026-03-05 16:42:26,325 [INFO] HTTP Request: POST https://api.telegram.org/bot5800257941:AAHvixqllrdWAuavbQNpwgalzQrI9wkF5vs/getUpdates "HTTP/1.1 200 OK"
2026-03-05 16:42:36,420 [INFO] HTTP Request: POST https://api.telegram.org/bot5800257941:AAHvixqllrdWAuavbQNpwgalzQrI9wkF5vs/getUpdates "HTTP/1.1 200 OK"
2026-03-05 16:42:46,520 [INFO] HTTP Request: POST https://api.telegram.org/bot5800257941:AAHvixqllrdWAuavbQNpwgalzQrI9wkF5vs/getUpdates "HTTP/1.1 200 OK"
2026-03-05 16:42:56,616 [INFO] HTTP Request: POST https://api.telegram.org/bot5800257941:AAHvixqllrdWAuavbQNpwgalzQrI9wkF5vs/getUpdates "HTTP/1.1 200 OK"
2026-03-05 16:43:06,713 [INFO] HTTP Request: POST https://api.telegram.org/bot5800257941:AAHvixqllrdWAuavbQNpwgalzQrI9wkF5vs/getUpdates "HTTP/1.1 200 OK"
2026-03-05 16:43:16,809 [INFO] HTTP Request: POST https://api.telegram.org/bot5800257941:AAHvixqllrdWAuavbQNpwgalzQrI9wkF5vs/getUpdates "HTTP/1.1 200 OK"
2026-03-05 16:43:26,905 [INFO] HTTP Request: POST https://api.telegram.org/bot5800257941:AAHvixqllrdWAuavbQNpwgalzQrI9wkF5vs/getUpdates "HTTP/1.1 200 OK"
2026-03-05 16:43:37,002 [INFO] HTTP Request: POST https://api.telegram.org/bot5800257941:AAHvixqllrdWAuavbQNpwgalzQrI9wkF5vs/getUpdates "HTTP/1.1 200 OK"
2026-03-05 16:43:47,098 [INFO] HTTP Request: POST https://api.telegram.org/bot5800257941:AAHvixqllrdWAuavbQNpwgalzQrI9wkF5vs/getUpdates "HTTP/1.1 200 OK"
2026-03-05 16:43:57,196 [INFO] HTTP Request: POST https://api.telegram.org/bot5800257941:AAHvixqllrdWAuavbQNpwgalzQrI9wkF5vs/getUpdates "HTTP/1.1 200 OK"
2026-03-05 16:44:07,293 [INFO] HTTP Request: POST https://api.telegram.org/bot5800257941:AAHvixqllrdWAuavbQNpwgalzQrI9wkF5vs/getUpdates "HTTP/1.1 200 OK"
2026-03-05 16:44:17,390 [INFO] HTTP Request: POST https://api.telegram.org/bot5800257941:AAHvixqllrdWAuavbQNpwgalzQrI9wkF5vs/getUpdates "HTTP/1.1 200 OK"
2026-03-05 16:44:27,486 [INFO] HTTP Request: POST https://api.telegram.org/bot5800257941:AAHvixqllrdWAuavbQNpwgalzQrI9wkF5vs/getUpdates "HTTP/1.1 200 OK"
2026-03-05 16:44:37,582 [INFO] HTTP Request: POST https://api.telegram.org/bot5800257941:AAHvixqllrdWAuavbQNpwgalzQrI9wkF5vs/getUpdates "HTTP/1.1 200 OK"
2026-03-05 16:44:47,678 [INFO] HTTP Request: POST https://api.telegram.org/bot5800257941:AAHvixqllrdWAuavbQNpwgalzQrI9wkF5vs/getUpdates "HTTP/1.1 200 OK"
2026-03-05 16:44:57,773 [INFO] HTTP Request: POST https://api.telegram.org/bot5800257941:AAHvixqllrdWAuavbQNpwgalzQrI9wkF5vs/getUpdates "HTTP/1.1 200 OK"
2026-03-05 16:45:07,869 [INFO] HTTP Request: POST https://api.telegram.org/bot5800257941:AAHvixqllrdWAuavbQNpwgalzQrI9wkF5vs/getUpdates "HTTP/1.1 200 OK"
2026-03-05 16:45:17,965 [INFO] HTTP Request: POST https://api.telegram.org/bot5800257941:AAHvixqllrdWAuavbQNpwgalzQrI9wkF5vs/getUpdates "HTTP/1.1 200 OK"
2026-03-05 16:45:28,061 [INFO] HTTP Request: POST https://api.telegram.org/bot5800257941:AAHvixqllrdWAuavbQNpwgalzQrI9wkF5vs/getUpdates "HTTP/1.1 200 OK"
2026-03-05 16:45:38,157 [INFO] HTTP Request: POST https://api.telegram.org/bot5800257941:AAHvixqllrdWAuavbQNpwgalzQrI9wkF5vs/getUpdates "HTTP/1.1 200 OK"
2026-03-05 16:45:48,254 [INFO] HTTP Request: POST https://api.telegram.org/bot5800257941:AAHvixqllrdWAuavbQNpwgalzQrI9wkF5vs/getUpdates "HTTP/1.1 200 OK"
2026-03-05 16:45:58,350 [INFO] HTTP Request: POST https://api.telegram.org/bot5800257941:AAHvixqllrdWAuavbQNpwgalzQrI9wkF5vs/getUpdates "HTTP/1.1 200 OK"
2026-03-05 16:46:08,447 [INFO] HTTP Request: POST https://api.telegram.org/bot5800257941:AAHvixqllrdWAuavbQNpwgalzQrI9wkF5vs/getUpdates "HTTP/1.1 200 OK"
2026-03-05 16:46:18,551 [INFO] HTTP Request: POST https://api.telegram.org/bot5800257941:AAHvixqllrdWAuavbQNpwgalzQrI9wkF5vs/getUpdates "HTTP/1.1 200 OK"
2026-03-05 16:46:28,647 [INFO] HTTP Request: POST https://api.telegram.org/bot5800257941:AAHvixqllrdWAuavbQNpwgalzQrI9wkF5vs/getUpdates "HTTP/1.1 200 OK"
2026-03-05 16:46:38,744 [INFO] HTTP Request: POST https://api.telegram.org/bot5800257941:AAHvixqllrdWAuavbQNpwgalzQrI9wkF5vs/getUpdates "HTTP/1.1 200 OK"
2026-03-05 16:46:48,839 [INFO] HTTP Request: POST https://api.telegram.org/bot5800257941:AAHvixqllrdWAuavbQNpwgalzQrI9wkF5vs/getUpdates "HTTP/1.1 200 OK"
2026-03-05 16:46:58,934 [INFO] HTTP Request: POST https://api.telegram.org/bot5800257941:AAHvixqllrdWAuavbQNpwgalzQrI9wkF5vs/getUpdates "HTTP/1.1 200 OK"
2026-03-05 16:47:09,030 [INFO] HTTP Request: POST https://api.telegram.org/bot5800257941:AAHvixqllrdWAuavbQNpwgalzQrI9wkF5vs/getUpdates "HTTP/1.1 200 OK"
2026-03-05 16:47:19,128 [INFO] HTTP Request: POST https://api.telegram.org/bot5800257941:AAHvixqllrdWAuavbQNpwgalzQrI9wkF5vs/getUpdates "HTTP/1.1 200 OK"
2026-03-05 16:47:29,225 [INFO] HTTP Request: POST https://api.telegram.org/bot5800257941:AAHvixqllrdWAuavbQNpwgalzQrI9wkF5vs/getUpdates "HTTP/1.1 200 OK"
2026-03-05 16:47:39,321 [INFO] HTTP Request: POST https://api.telegram.org/bot5800257941:AAHvixqllrdWAuavbQNpwgalzQrI9wkF5vs/getUpdates "HTTP/1.1 200 OK"
2026-03-05 16:47:49,417 [INFO] HTTP Request: POST https://api.telegram.org/bot5800257941:AAHvixqllrdWAuavbQNpwgalzQrI9wkF5vs/getUpdates "HTTP/1.1 200 OK"
2026-03-05 16:47:59,513 [INFO] HTTP Request: POST https://api.telegram.org/bot5800257941:AAHvixqllrdWAuavbQNpwgalzQrI9wkF5vs/getUpdates "HTTP/1.1 200 OK"
2026-03-05 16:48:09,609 [INFO] HTTP Request: POST https://api.telegram.org/bot5800257941:AAHvixqllrdWAuavbQNpwgalzQrI9wkF5vs/getUpdates "HTTP/1.1 200 OK"
2026-03-05 16:48:19,705 [INFO] HTTP Request: POST https://api.telegram.org/bot5800257941:AAHvixqllrdWAuavbQNpwgalzQrI9wkF5vs/getUpdates "HTTP/1.1 200 OK"
2026-03-05 16:48:29,801 [INFO] HTTP Request: POST https://api.telegram.org/bot5800257941:AAHvixqllrdWAuavbQNpwgalzQrI9wkF5vs/getUpdates "HTTP/1.1 200 OK"
2026-03-05 16:48:39,897 [INFO] HTTP Request: POST https://api.telegram.org/bot5800257941:AAHvixqllrdWAuavbQNpwgalzQrI9wkF5vs/getUpdates "HTTP/1.1 200 OK"
2026-03-05 16:48:50,272 [INFO] HTTP Request: POST https://api.telegram.org/bot5800257941:AAHvixqllrdWAuavbQNpwgalzQrI9wkF5vs/getUpdates "HTTP/1.1 200 OK"
2026-03-05 16:49:00,373 [INFO] HTTP Request: POST https://api.telegram.org/bot5800257941:AAHvixqllrdWAuavbQNpwgalzQrI9wkF5vs/getUpdates "HTTP/1.1 200 OK"
2026-03-05 16:49:10,474 [INFO] HTTP Request: POST https://api.telegram.org/bot5800257941:AAHvixqllrdWAuavbQNpwgalzQrI9wkF5vs/getUpdates "HTTP/1.1 200 OK"
2026-03-05 16:49:20,579 [INFO] HTTP Request: POST https://api.telegram.org/bot5800257941:AAHvixqllrdWAuavbQNpwgalzQrI9wkF5vs/getUpdates "HTTP/1.1 200 OK"
2026-03-05 16:49:30,684 [INFO] HTTP Request: POST https://api.telegram.org/bot5800257941:AAHvixqllrdWAuavbQNpwgalzQrI9wkF5vs/getUpdates "HTTP/1.1 200 OK"
2026-03-05 16:49:40,785 [INFO] HTTP Request: POST https://api.telegram.org/bot5800257941:AAHvixqllrdWAuavbQNpwgalzQrI9wkF5vs/getUpdates "HTTP/1.1 200 OK"
2026-03-05 16:49:50,902 [INFO] HTTP Request: POST https://api.telegram.org/bot5800257941:AAHvixqllrdWAuavbQNpwgalzQrI9wkF5vs/getUpdates "HTTP/1.1 200 OK"
2026-03-05 16:50:01,010 [INFO] HTTP Request: POST https://api.telegram.org/bot5800257941:AAHvixqllrdWAuavbQNpwgalzQrI9wkF5vs/getUpdates "HTTP/1.1 200 OK"
2026-03-05 16:50:11,111 [INFO] HTTP Request: POST https://api.telegram.org/bot5800257941:AAHvixqllrdWAuavbQNpwgalzQrI9wkF5vs/getUpdates "HTTP/1.1 200 OK"
2026-03-05 16:50:21,212 [INFO] HTTP Request: POST https://api.telegram.org/bot5800257941:AAHvixqllrdWAuavbQNpwgalzQrI9wkF5vs/getUpdates "HTTP/1.1 200 OK"
2026-03-05 16:50:31,316 [INFO] HTTP Request: POST https://api.telegram.org/bot5800257941:AAHvixqllrdWAuavbQNpwgalzQrI9wkF5vs/getUpdates "HTTP/1.1 200 OK"
2026-03-05 16:50:41,417 [INFO] HTTP Request: POST https://api.telegram.org/bot5800257941:AAHvixqllrdWAuavbQNpwgalzQrI9wkF5vs/getUpdates "HTTP/1.1 200 OK"
2026-03-05 16:50:51,518 [INFO] HTTP Request: POST https://api.telegram.org/bot5800257941:AAHvixqllrdWAuavbQNpwgalzQrI9wkF5vs/getUpdates "HTTP/1.1 200 OK"
2026-03-05 16:51:01,621 [INFO] HTTP Request: POST https://api.telegram.org/bot5800257941:AAHvixqllrdWAuavbQNpwgalzQrI9wkF5vs/getUpdates "HTTP/1.1 200 OK"
2026-03-05 16:51:11,727 [INFO] HTTP Request: POST https://api.telegram.org/bot5800257941:AAHvixqllrdWAuavbQNpwgalzQrI9wkF5vs/getUpdates "HTTP/1.1 200 OK"
2026-03-05 16:51:21,833 [INFO] HTTP Request: POST https://api.telegram.org/bot5800257941:AAHvixqllrdWAuavbQNpwgalzQrI9wkF5vs/getUpdates "HTTP/1.1 200 OK"
2026-03-05 16:51:31,940 [INFO] HTTP Request: POST https://api.telegram.org/bot5800257941:AAHvixqllrdWAuavbQNpwgalzQrI9wkF5vs/getUpdates "HTTP/1.1 200 OK"
2026-03-05 16:51:42,048 [INFO] HTTP Request: POST https://api.telegram.org/bot5800257941:AAHvixqllrdWAuavbQNpwgalzQrI9wkF5vs/getUpdates "HTTP/1.1 200 OK"
2026-03-05 16:51:52,150 [INFO] HTTP Request: POST https://api.telegram.org/bot5800257941:AAHvixqllrdWAuavbQNpwgalzQrI9wkF5vs/getUpdates "HTTP/1.1 200 OK"
2026-03-05 16:52:02,250 [INFO] HTTP Request: POST https://api.telegram.org/bot5800257941:AAHvixqllrdWAuavbQNpwgalzQrI9wkF5vs/getUpdates "HTTP/1.1 200 OK"
2026-03-05 16:52:12,352 [INFO] HTTP Request: POST https://api.telegram.org/bot5800257941:AAHvixqllrdWAuavbQNpwgalzQrI9wkF5vs/getUpdates "HTTP/1.1 200 OK"
2026-03-05 16:52:22,468 [INFO] HTTP Request: POST https://api.telegram.org/bot5800257941:AAHvixqllrdWAuavbQNpwgalzQrI9wkF5vs/getUpdates "HTTP/1.1 200 OK"
2026-03-05 16:52:32,570 [INFO] HTTP Request: POST https://api.telegram.org/bot5800257941:AAHvixqllrdWAuavbQNpwgalzQrI9wkF5vs/getUpdates "HTTP/1.1 200 OK"
2026-03-05 16:52:42,679 [INFO] HTTP Request: POST https://api.telegram.org/bot5800257941:AAHvixqllrdWAuavbQNpwgalzQrI9wkF5vs/getUpdates "HTTP/1.1 200 OK"
2026-03-05 16:52:52,783 [INFO] HTTP Request: POST https://api.telegram.org/bot5800257941:AAHvixqllrdWAuavbQNpwgalzQrI9wkF5vs/getUpdates "HTTP/1.1 200 OK"
2026-03-05 16:53:02,883 [INFO] HTTP Request: POST https://api.telegram.org/bot5800257941:AAHvixqllrdWAuavbQNpwgalzQrI9wkF5vs/getUpdates "HTTP/1.1 200 OK"
2026-03-05 16:53:12,983 [INFO] HTTP Request: POST https://api.telegram.org/bot5800257941:AAHvixqllrdWAuavbQNpwgalzQrI9wkF5vs/getUpdates "HTTP/1.1 200 OK"
2026-03-05 16:53:23,101 [INFO] HTTP Request: POST https://api.telegram.org/bot5800257941:AAHvixqllrdWAuavbQNpwgalzQrI9wkF5vs/getUpdates "HTTP/1.1 200 OK"
2026-03-05 16:53:33,203 [INFO] HTTP Request: POST https://api.telegram.org/bot5800257941:AAHvixqllrdWAuavbQNpwgalzQrI9wkF5vs/getUpdates "HTTP/1.1 200 OK"
2026-03-05 16:53:43,305 [INFO] HTTP Request: POST https://api.telegram.org/bot5800257941:AAHvixqllrdWAuavbQNpwgalzQrI9wkF5vs/getUpdates "HTTP/1.1 200 OK"
2026-03-05 16:53:53,408 [INFO] HTTP Request: POST https://api.telegram.org/bot5800257941:AAHvixqllrdWAuavbQNpwgalzQrI9wkF5vs/getUpdates "HTTP/1.1 200 OK"
2026-03-05 16:54:03,518 [INFO] HTTP Request: POST https://api.telegram.org/bot5800257941:AAHvixqllrdWAuavbQNpwgalzQrI9wkF5vs/getUpdates "HTTP/1.1 200 OK"
2026-03-05 16:54:13,621 [INFO] HTTP Request: POST https://api.telegram.org/bot5800257941:AAHvixqllrdWAuavbQNpwgalzQrI9wkF5vs/getUpdates "HTTP/1.1 200 OK"
2026-03-05 16:54:23,721 [INFO] HTTP Request: POST https://api.telegram.org/bot5800257941:AAHvixqllrdWAuavbQNpwgalzQrI9wkF5vs/getUpdates "HTTP/1.1 200 OK"
2026-03-05 16:54:33,822 [INFO] HTTP Request: POST https://api.telegram.org/bot5800257941:AAHvixqllrdWAuavbQNpwgalzQrI9wkF5vs/getUpdates "HTTP/1.1 200 OK"
2026-03-05 16:54:43,928 [INFO] HTTP Request: POST https://api.telegram.org/bot5800257941:AAHvixqllrdWAuavbQNpwgalzQrI9wkF5vs/getUpdates "HTTP/1.1 200 OK"
2026-03-05 16:54:54,028 [INFO] HTTP Request: POST https://api.telegram.org/bot5800257941:AAHvixqllrdWAuavbQNpwgalzQrI9wkF5vs/getUpdates "HTTP/1.1 200 OK"
2026-03-05 16:55:04,129 [INFO] HTTP Request: POST https://api.telegram.org/bot5800257941:AAHvixqllrdWAuavbQNpwgalzQrI9wkF5vs/getUpdates "HTTP/1.1 200 OK"
2026-03-05 16:55:14,238 [INFO] HTTP Request: POST https://api.telegram.org/bot5800257941:AAHvixqllrdWAuavbQNpwgalzQrI9wkF5vs/getUpdates "HTTP/1.1 200 OK"
2026-03-05 16:55:24,343 [INFO] HTTP Request: POST https://api.telegram.org/bot5800257941:AAHvixqllrdWAuavbQNpwgalzQrI9wkF5vs/getUpdates "HTTP/1.1 200 OK"
2026-03-05 16:55:34,470 [INFO] HTTP Request: POST https://api.telegram.org/bot5800257941:AAHvixqllrdWAuavbQNpwgalzQrI9wkF5vs/getUpdates "HTTP/1.1 200 OK"
2026-03-05 16:55:44,572 [INFO] HTTP Request: POST https://api.telegram.org/bot5800257941:AAHvixqllrdWAuavbQNpwgalzQrI9wkF5vs/getUpdates "HTTP/1.1 200 OK"
2026-03-05 16:55:54,672 [INFO] HTTP Request: POST https://api.telegram.org/bot5800257941:AAHvixqllrdWAuavbQNpwgalzQrI9wkF5vs/getUpdates "HTTP/1.1 200 OK"
2026-03-05 16:56:04,773 [INFO] HTTP Request: POST https://api.telegram.org/bot5800257941:AAHvixqllrdWAuavbQNpwgalzQrI9wkF5vs/getUpdates "HTTP/1.1 200 OK"
2026-03-05 16:56:14,876 [INFO] HTTP Request: POST https://api.telegram.org/bot5800257941:AAHvixqllrdWAuavbQNpwgalzQrI9wkF5vs/getUpdates "HTTP/1.1 200 OK"
2026-03-05 16:56:24,982 [INFO] HTTP Request: POST https://api.telegram.org/bot5800257941:AAHvixqllrdWAuavbQNpwgalzQrI9wkF5vs/getUpdates "HTTP/1.1 200 OK"
2026-03-05 16:56:35,093 [INFO] HTTP Request: POST https://api.telegram.org/bot5800257941:AAHvixqllrdWAuavbQNpwgalzQrI9wkF5vs/getUpdates "HTTP/1.1 200 OK"
2026-03-05 16:56:45,196 [INFO] HTTP Request: POST https://api.telegram.org/bot5800257941:AAHvixqllrdWAuavbQNpwgalzQrI9wkF5vs/getUpdates "HTTP/1.1 200 OK"
2026-03-05 16:56:55,316 [INFO] HTTP Request: POST https://api.telegram.org/bot5800257941:AAHvixqllrdWAuavbQNpwgalzQrI9wkF5vs/getUpdates "HTTP/1.1 200 OK"
2026-03-05 16:57:05,418 [INFO] HTTP Request: POST https://api.telegram.org/bot5800257941:AAHvixqllrdWAuavbQNpwgalzQrI9wkF5vs/getUpdates "HTTP/1.1 200 OK"
2026-03-05 16:57:15,520 [INFO] HTTP Request: POST https://api.telegram.org/bot5800257941:AAHvixqllrdWAuavbQNpwgalzQrI9wkF5vs/getUpdates "HTTP/1.1 200 OK"
2026-03-05 16:57:25,621 [INFO] HTTP Request: POST https://api.telegram.org/bot5800257941:AAHvixqllrdWAuavbQNpwgalzQrI9wkF5vs/getUpdates "HTTP/1.1 200 OK"
2026-03-05 16:57:35,723 [INFO] HTTP Request: POST https://api.telegram.org/bot5800257941:AAHvixqllrdWAuavbQNpwgalzQrI9wkF5vs/getUpdates "HTTP/1.1 200 OK"
2026-03-05 16:57:45,827 [INFO] HTTP Request: POST https://api.telegram.org/bot5800257941:AAHvixqllrdWAuavbQNpwgalzQrI9wkF5vs/getUpdates "HTTP/1.1 200 OK"
2026-03-05 16:57:55,928 [INFO] HTTP Request: POST https://api.telegram.org/bot5800257941:AAHvixqllrdWAuavbQNpwgalzQrI9wkF5vs/getUpdates "HTTP/1.1 200 OK"
2026-03-05 16:58:06,032 [INFO] HTTP Request: POST https://api.telegram.org/bot5800257941:AAHvixqllrdWAuavbQNpwgalzQrI9wkF5vs/getUpdates "HTTP/1.1 200 OK"
2026-03-05 16:58:16,132 [INFO] HTTP Request: POST https://api.telegram.org/bot5800257941:AAHvixqllrdWAuavbQNpwgalzQrI9wkF5vs/getUpdates "HTTP/1.1 200 OK"
2026-03-05 16:58:26,232 [INFO] HTTP Request: POST https://api.telegram.org/bot5800257941:AAHvixqllrdWAuavbQNpwgalzQrI9wkF5vs/getUpdates "HTTP/1.1 200 OK"
2026-03-05 16:58:36,335 [INFO] HTTP Request: POST https://api.telegram.org/bot5800257941:AAHvixqllrdWAuavbQNpwgalzQrI9wkF5vs/getUpdates "HTTP/1.1 200 OK"
2026-03-05 16:58:46,439 [INFO] HTTP Request: POST https://api.telegram.org/bot5800257941:AAHvixqllrdWAuavbQNpwgalzQrI9wkF5vs/getUpdates "HTTP/1.1 200 OK"
2026-03-05 16:58:56,541 [INFO] HTTP Request: POST https://api.telegram.org/bot5800257941:AAHvixqllrdWAuavbQNpwgalzQrI9wkF5vs/getUpdates "HTTP/1.1 200 OK"
2026-03-05 16:59:06,644 [INFO] HTTP Request: POST https://api.telegram.org/bot5800257941:AAHvixqllrdWAuavbQNpwgalzQrI9wkF5vs/getUpdates "HTTP/1.1 200 OK"
2026-03-05 16:59:16,748 [INFO] HTTP Request: POST https://api.telegram.org/bot5800257941:AAHvixqllrdWAuavbQNpwgalzQrI9wkF5vs/getUpdates "HTTP/1.1 200 OK"
2026-03-05 16:59:26,850 [INFO] HTTP Request: POST https://api.telegram.org/bot5800257941:AAHvixqllrdWAuavbQNpwgalzQrI9wkF5vs/getUpdates "HTTP/1.1 200 OK"
2026-03-05 16:59:36,953 [INFO] HTTP Request: POST https://api.telegram.org/bot5800257941:AAHvixqllrdWAuavbQNpwgalzQrI9wkF5vs/getUpdates "HTTP/1.1 200 OK"
2026-03-05 16:59:47,054 [INFO] HTTP Request: POST https://api.telegram.org/bot5800257941:AAHvixqllrdWAuavbQNpwgalzQrI9wkF5vs/getUpdates "HTTP/1.1 200 OK"
2026-03-05 16:59:57,168 [INFO] HTTP Request: POST https://api.telegram.org/bot5800257941:AAHvixqllrdWAuavbQNpwgalzQrI9wkF5vs/getUpdates "HTTP/1.1 200 OK"
2026-03-05 17:00:07,281 [INFO] HTTP Request: POST https://api.telegram.org/bot5800257941:AAHvixqllrdWAuavbQNpwgalzQrI9wkF5vs/getUpdates "HTTP/1.1 200 OK"
2026-03-05 17:00:17,382 [INFO] HTTP Request: POST https://api.telegram.org/bot5800257941:AAHvixqllrdWAuavbQNpwgalzQrI9wkF5vs/getUpdates "HTTP/1.1 200 OK"
2026-03-05 17:00:27,483 [INFO] HTTP Request: POST https://api.telegram.org/bot5800257941:AAHvixqllrdWAuavbQNpwgalzQrI9wkF5vs/getUpdates "HTTP/1.1 200 OK"
2026-03-05 17:00:37,587 [INFO] HTTP Request: POST https://api.telegram.org/bot5800257941:AAHvixqllrdWAuavbQNpwgalzQrI9wkF5vs/getUpdates "HTTP/1.1 200 OK"
2026-03-05 17:00:47,689 [INFO] HTTP Request: POST https://api.telegram.org/bot5800257941:AAHvixqllrdWAuavbQNpwgalzQrI9wkF5vs/getUpdates "HTTP/1.1 200 OK"
2026-03-05 17:00:57,790 [INFO] HTTP Request: POST https://api.telegram.org/bot5800257941:AAHvixqllrdWAuavbQNpwgalzQrI9wkF5vs/getUpdates "HTTP/1.1 200 OK"
2026-03-05 17:01:07,897 [INFO] HTTP Request: POST https://api.telegram.org/bot5800257941:AAHvixqllrdWAuavbQNpwgalzQrI9wkF5vs/getUpdates "HTTP/1.1 200 OK"
2026-03-05 17:01:18,000 [INFO] HTTP Request: POST https://api.telegram.org/bot5800257941:AAHvixqllrdWAuavbQNpwgalzQrI9wkF5vs/getUpdates "HTTP/1.1 200 OK"
2026-03-05 17:01:28,101 [INFO] HTTP Request: POST https://api.telegram.org/bot5800257941:AAHvixqllrdWAuavbQNpwgalzQrI9wkF5vs/getUpdates "HTTP/1.1 200 OK"
2026-03-05 17:01:38,206 [INFO] HTTP Request: POST https://api.telegram.org/bot5800257941:AAHvixqllrdWAuavbQNpwgalzQrI9wkF5vs/getUpdates "HTTP/1.1 200 OK"
2026-03-05 17:01:48,311 [INFO] HTTP Request: POST https://api.telegram.org/bot5800257941:AAHvixqllrdWAuavbQNpwgalzQrI9wkF5vs/getUpdates "HTTP/1.1 200 OK"
2026-03-05 17:01:58,415 [INFO] HTTP Request: POST https://api.telegram.org/bot5800257941:AAHvixqllrdWAuavbQNpwgalzQrI9wkF5vs/getUpdates "HTTP/1.1 200 OK"
2026-03-05 17:02:08,517 [INFO] HTTP Request: POST https://api.telegram.org/bot5800257941:AAHvixqllrdWAuavbQNpwgalzQrI9wkF5vs/getUpdates "HTTP/1.1 200 OK"
2026-03-05 17:02:18,620 [INFO] HTTP Request: POST https://api.telegram.org/bot5800257941:AAHvixqllrdWAuavbQNpwgalzQrI9wkF5vs/getUpdates "HTTP/1.1 200 OK"
2026-03-05 17:02:28,720 [INFO] HTTP Request: POST https://api.telegram.org/bot5800257941:AAHvixqllrdWAuavbQNpwgalzQrI9wkF5vs/getUpdates "HTTP/1.1 200 OK"
2026-03-05 17:02:38,829 [INFO] HTTP Request: POST https://api.telegram.org/bot5800257941:AAHvixqllrdWAuavbQNpwgalzQrI9wkF5vs/getUpdates "HTTP/1.1 200 OK"
2026-03-05 17:02:48,929 [INFO] HTTP Request: POST https://api.telegram.org/bot5800257941:AAHvixqllrdWAuavbQNpwgalzQrI9wkF5vs/getUpdates "HTTP/1.1 200 OK"
2026-03-05 17:02:59,031 [INFO] HTTP Request: POST https://api.telegram.org/bot5800257941:AAHvixqllrdWAuavbQNpwgalzQrI9wkF5vs/getUpdates "HTTP/1.1 200 OK"
2026-03-05 17:03:09,133 [INFO] HTTP Request: POST https://api.telegram.org/bot5800257941:AAHvixqllrdWAuavbQNpwgalzQrI9wkF5vs/getUpdates "HTTP/1.1 200 OK"
2026-03-05 17:03:19,237 [INFO] HTTP Request: POST https://api.telegram.org/bot5800257941:AAHvixqllrdWAuavbQNpwgalzQrI9wkF5vs/getUpdates "HTTP/1.1 200 OK"
2026-03-05 17:03:29,339 [INFO] HTTP Request: POST https://api.telegram.org/bot5800257941:AAHvixqllrdWAuavbQNpwgalzQrI9wkF5vs/getUpdates "HTTP/1.1 200 OK"
2026-03-05 17:03:39,444 [INFO] HTTP Request: POST https://api.telegram.org/bot5800257941:AAHvixqllrdWAuavbQNpwgalzQrI9wkF5vs/getUpdates "HTTP/1.1 200 OK"
2026-03-05 17:03:49,544 [INFO] HTTP Request: POST https://api.telegram.org/bot5800257941:AAHvixqllrdWAuavbQNpwgalzQrI9wkF5vs/getUpdates "HTTP/1.1 200 OK"
2026-03-05 17:03:59,645 [INFO] HTTP Request: POST https://api.telegram.org/bot5800257941:AAHvixqllrdWAuavbQNpwgalzQrI9wkF5vs/getUpdates "HTTP/1.1 200 OK"
2026-03-05 17:04:09,750 [INFO] HTTP Request: POST https://api.telegram.org/bot5800257941:AAHvixqllrdWAuavbQNpwgalzQrI9wkF5vs/getUpdates "HTTP/1.1 200 OK"
2026-03-05 17:04:19,853 [INFO] HTTP Request: POST https://api.telegram.org/bot5800257941:AAHvixqllrdWAuavbQNpwgalzQrI9wkF5vs/getUpdates "HTTP/1.1 200 OK"
2026-03-05 17:04:29,954 [INFO] HTTP Request: POST https://api.telegram.org/bot5800257941:AAHvixqllrdWAuavbQNpwgalzQrI9wkF5vs/getUpdates "HTTP/1.1 200 OK"
2026-03-05 17:04:40,054 [INFO] HTTP Request: POST https://api.telegram.org/bot5800257941:AAHvixqllrdWAuavbQNpwgalzQrI9wkF5vs/getUpdates "HTTP/1.1 200 OK"
2026-03-05 17:04:50,163 [INFO] HTTP Request: POST https://api.telegram.org/bot5800257941:AAHvixqllrdWAuavbQNpwgalzQrI9wkF5vs/getUpdates "HTTP/1.1 200 OK"
2026-03-05 17:05:00,272 [INFO] HTTP Request: POST https://api.telegram.org/bot5800257941:AAHvixqllrdWAuavbQNpwgalzQrI9wkF5vs/getUpdates "HTTP/1.1 200 OK"
2026-03-05 17:05:10,375 [INFO] HTTP Request: POST https://api.telegram.org/bot5800257941:AAHvixqllrdWAuavbQNpwgalzQrI9wkF5vs/getUpdates "HTTP/1.1 200 OK"
2026-03-05 17:05:20,476 [INFO] HTTP Request: POST https://api.telegram.org/bot5800257941:AAHvixqllrdWAuavbQNpwgalzQrI9wkF5vs/getUpdates "HTTP/1.1 200 OK"
2026-03-05 17:05:30,580 [INFO] HTTP Request: POST https://api.telegram.org/bot5800257941:AAHvixqllrdWAuavbQNpwgalzQrI9wkF5vs/getUpdates "HTTP/1.1 200 OK"
2026-03-05 17:05:40,945 [INFO] HTTP Request: POST https://api.telegram.org/bot5800257941:AAHvixqllrdWAuavbQNpwgalzQrI9wkF5vs/getUpdates "HTTP/1.1 200 OK"
2026-03-05 17:05:51,106 [INFO] HTTP Request: POST https://api.telegram.org/bot5800257941:AAHvixqllrdWAuavbQNpwgalzQrI9wkF5vs/getUpdates "HTTP/1.1 200 OK"
2026-03-05 17:06:01,205 [INFO] HTTP Request: POST https://api.telegram.org/bot5800257941:AAHvixqllrdWAuavbQNpwgalzQrI9wkF5vs/getUpdates "HTTP/1.1 200 OK"
2026-03-05 17:06:11,305 [INFO] HTTP Request: POST https://api.telegram.org/bot5800257941:AAHvixqllrdWAuavbQNpwgalzQrI9wkF5vs/getUpdates "HTTP/1.1 200 OK"
2026-03-05 17:06:21,411 [INFO] HTTP Request: POST https://api.telegram.org/bot5800257941:AAHvixqllrdWAuavbQNpwgalzQrI9wkF5vs/getUpdates "HTTP/1.1 200 OK"
2026-03-05 17:06:31,516 [INFO] HTTP Request: POST https://api.telegram.org/bot5800257941:AAHvixqllrdWAuavbQNpwgalzQrI9wkF5vs/getUpdates "HTTP/1.1 200 OK"
2026-03-05 17:06:41,646 [INFO] HTTP Request: POST https://api.telegram.org/bot5800257941:AAHvixqllrdWAuavbQNpwgalzQrI9wkF5vs/getUpdates "HTTP/1.1 200 OK"
2026-03-05 17:06:51,755 [INFO] HTTP Request: POST https://api.telegram.org/bot5800257941:AAHvixqllrdWAuavbQNpwgalzQrI9wkF5vs/getUpdates "HTTP/1.1 200 OK"
2026-03-05 17:07:01,876 [INFO] HTTP Request: POST https://api.telegram.org/bot5800257941:AAHvixqllrdWAuavbQNpwgalzQrI9wkF5vs/getUpdates "HTTP/1.1 200 OK"
2026-03-05 17:07:11,976 [INFO] HTTP Request: POST https://api.telegram.org/bot5800257941:AAHvixqllrdWAuavbQNpwgalzQrI9wkF5vs/getUpdates "HTTP/1.1 200 OK"
2026-03-05 17:07:22,076 [INFO] HTTP Request: POST https://api.telegram.org/bot5800257941:AAHvixqllrdWAuavbQNpwgalzQrI9wkF5vs/getUpdates "HTTP/1.1 200 OK"
2026-03-05 17:07:32,175 [INFO] HTTP Request: POST https://api.telegram.org/bot5800257941:AAHvixqllrdWAuavbQNpwgalzQrI9wkF5vs/getUpdates "HTTP/1.1 200 OK"
2026-03-05 17:07:42,275 [INFO] HTTP Request: POST https://api.telegram.org/bot5800257941:AAHvixqllrdWAuavbQNpwgalzQrI9wkF5vs/getUpdates "HTTP/1.1 200 OK"
2026-03-05 17:07:52,377 [INFO] HTTP Request: POST https://api.telegram.org/bot5800257941:AAHvixqllrdWAuavbQNpwgalzQrI9wkF5vs/getUpdates "HTTP/1.1 200 OK"
2026-03-05 17:08:02,478 [INFO] HTTP Request: POST https://api.telegram.org/bot5800257941:AAHvixqllrdWAuavbQNpwgalzQrI9wkF5vs/getUpdates "HTTP/1.1 200 OK"
2026-03-05 17:08:12,577 [INFO] HTTP Request: POST https://api.telegram.org/bot5800257941:AAHvixqllrdWAuavbQNpwgalzQrI9wkF5vs/getUpdates "HTTP/1.1 200 OK"
2026-03-05 17:08:22,675 [INFO] HTTP Request: POST https://api.telegram.org/bot5800257941:AAHvixqllrdWAuavbQNpwgalzQrI9wkF5vs/getUpdates "HTTP/1.1 200 OK"
2026-03-05 17:08:32,776 [INFO] HTTP Request: POST https://api.telegram.org/bot5800257941:AAHvixqllrdWAuavbQNpwgalzQrI9wkF5vs/getUpdates "HTTP/1.1 200 OK"
2026-03-05 17:08:42,875 [INFO] HTTP Request: POST https://api.telegram.org/bot5800257941:AAHvixqllrdWAuavbQNpwgalzQrI9wkF5vs/getUpdates "HTTP/1.1 200 OK"
2026-03-05 17:08:52,974 [INFO] HTTP Request: POST https://api.telegram.org/bot5800257941:AAHvixqllrdWAuavbQNpwgalzQrI9wkF5vs/getUpdates "HTTP/1.1 200 OK"
2026-03-05 17:09:03,074 [INFO] HTTP Request: POST https://api.telegram.org/bot5800257941:AAHvixqllrdWAuavbQNpwgalzQrI9wkF5vs/getUpdates "HTTP/1.1 200 OK"
2026-03-05 17:09:13,172 [INFO] HTTP Request: POST https://api.telegram.org/bot5800257941:AAHvixqllrdWAuavbQNpwgalzQrI9wkF5vs/getUpdates "HTTP/1.1 200 OK"
2026-03-05 17:09:23,273 [INFO] HTTP Request: POST https://api.telegram.org/bot5800257941:AAHvixqllrdWAuavbQNpwgalzQrI9wkF5vs/getUpdates "HTTP/1.1 200 OK"
2026-03-05 17:09:33,376 [INFO] HTTP Request: POST https://api.telegram.org/bot5800257941:AAHvixqllrdWAuavbQNpwgalzQrI9wkF5vs/getUpdates "HTTP/1.1 200 OK"
2026-03-05 17:09:43,475 [INFO] HTTP Request: POST https://api.telegram.org/bot5800257941:AAHvixqllrdWAuavbQNpwgalzQrI9wkF5vs/getUpdates "HTTP/1.1 200 OK"
2026-03-05 17:09:53,574 [INFO] HTTP Request: POST https://api.telegram.org/bot5800257941:AAHvixqllrdWAuavbQNpwgalzQrI9wkF5vs/getUpdates "HTTP/1.1 200 OK"
2026-03-05 17:10:03,673 [INFO] HTTP Request: POST https://api.telegram.org/bot5800257941:AAHvixqllrdWAuavbQNpwgalzQrI9wkF5vs/getUpdates "HTTP/1.1 200 OK"
2026-03-05 17:10:13,771 [INFO] HTTP Request: POST https://api.telegram.org/bot5800257941:AAHvixqllrdWAuavbQNpwgalzQrI9wkF5vs/getUpdates "HTTP/1.1 200 OK"
2026-03-05 17:10:23,870 [INFO] HTTP Request: POST https://api.telegram.org/bot5800257941:AAHvixqllrdWAuavbQNpwgalzQrI9wkF5vs/getUpdates "HTTP/1.1 200 OK"
2026-03-05 17:10:33,970 [INFO] HTTP Request: POST https://api.telegram.org/bot5800257941:AAHvixqllrdWAuavbQNpwgalzQrI9wkF5vs/getUpdates "HTTP/1.1 200 OK"
2026-03-05 17:10:44,069 [INFO] HTTP Request: POST https://api.telegram.org/bot5800257941:AAHvixqllrdWAuavbQNpwgalzQrI9wkF5vs/getUpdates "HTTP/1.1 200 OK"
2026-03-05 17:10:54,168 [INFO] HTTP Request: POST https://api.telegram.org/bot5800257941:AAHvixqllrdWAuavbQNpwgalzQrI9wkF5vs/getUpdates "HTTP/1.1 200 OK"
2026-03-05 17:11:04,269 [INFO] HTTP Request: POST https://api.telegram.org/bot5800257941:AAHvixqllrdWAuavbQNpwgalzQrI9wkF5vs/getUpdates "HTTP/1.1 200 OK"
2026-03-05 17:11:14,368 [INFO] HTTP Request: POST https://api.telegram.org/bot5800257941:AAHvixqllrdWAuavbQNpwgalzQrI9wkF5vs/getUpdates "HTTP/1.1 200 OK"
2026-03-05 17:11:24,467 [INFO] HTTP Request: POST https://api.telegram.org/bot5800257941:AAHvixqllrdWAuavbQNpwgalzQrI9wkF5vs/getUpdates "HTTP/1.1 200 OK"
2026-03-05 17:11:34,566 [INFO] HTTP Request: POST https://api.telegram.org/bot5800257941:AAHvixqllrdWAuavbQNpwgalzQrI9wkF5vs/getUpdates "HTTP/1.1 200 OK"
2026-03-05 17:11:44,666 [INFO] HTTP Request: POST https://api.telegram.org/bot5800257941:AAHvixqllrdWAuavbQNpwgalzQrI9wkF5vs/getUpdates "HTTP/1.1 200 OK"
2026-03-05 17:11:54,765 [INFO] HTTP Request: POST https://api.telegram.org/bot5800257941:AAHvixqllrdWAuavbQNpwgalzQrI9wkF5vs/getUpdates "HTTP/1.1 200 OK"
2026-03-05 17:12:04,864 [INFO] HTTP Request: POST https://api.telegram.org/bot5800257941:AAHvixqllrdWAuavbQNpwgalzQrI9wkF5vs/getUpdates "HTTP/1.1 200 OK"
2026-03-05 17:12:14,964 [INFO] HTTP Request: POST https://api.telegram.org/bot5800257941:AAHvixqllrdWAuavbQNpwgalzQrI9wkF5vs/getUpdates "HTTP/1.1 200 OK"
2026-03-05 17:12:25,063 [INFO] HTTP Request: POST https://api.telegram.org/bot5800257941:AAHvixqllrdWAuavbQNpwgalzQrI9wkF5vs/getUpdates "HTTP/1.1 200 OK"
2026-03-05 17:12:35,162 [INFO] HTTP Request: POST https://api.telegram.org/bot5800257941:AAHvixqllrdWAuavbQNpwgalzQrI9wkF5vs/getUpdates "HTTP/1.1 200 OK"
2026-03-05 17:12:45,262 [INFO] HTTP Request: POST https://api.telegram.org/bot5800257941:AAHvixqllrdWAuavbQNpwgalzQrI9wkF5vs/getUpdates "HTTP/1.1 200 OK"
2026-03-05 17:12:55,360 [INFO] HTTP Request: POST https://api.telegram.org/bot5800257941:AAHvixqllrdWAuavbQNpwgalzQrI9wkF5vs/getUpdates "HTTP/1.1 200 OK"
2026-03-05 17:13:05,461 [INFO] HTTP Request: POST https://api.telegram.org/bot5800257941:AAHvixqllrdWAuavbQNpwgalzQrI9wkF5vs/getUpdates "HTTP/1.1 200 OK"
2026-03-05 17:13:15,560 [INFO] HTTP Request: POST https://api.telegram.org/bot5800257941:AAHvixqllrdWAuavbQNpwgalzQrI9wkF5vs/getUpdates "HTTP/1.1 200 OK"
2026-03-05 17:13:25,660 [INFO] HTTP Request: POST https://api.telegram.org/bot5800257941:AAHvixqllrdWAuavbQNpwgalzQrI9wkF5vs/getUpdates "HTTP/1.1 200 OK"
2026-03-05 17:13:35,758 [INFO] HTTP Request: POST https://api.telegram.org/bot5800257941:AAHvixqllrdWAuavbQNpwgalzQrI9wkF5vs/getUpdates "HTTP/1.1 200 OK"
2026-03-05 17:13:45,856 [INFO] HTTP Request: POST https://api.telegram.org/bot5800257941:AAHvixqllrdWAuavbQNpwgalzQrI9wkF5vs/getUpdates "HTTP/1.1 200 OK"
2026-03-05 17:13:55,980 [INFO] HTTP Request: POST https://api.telegram.org/bot5800257941:AAHvixqllrdWAuavbQNpwgalzQrI9wkF5vs/getUpdates "HTTP/1.1 200 OK"
2026-03-05 17:14:06,079 [INFO] HTTP Request: POST https://api.telegram.org/bot5800257941:AAHvixqllrdWAuavbQNpwgalzQrI9wkF5vs/getUpdates "HTTP/1.1 200 OK"
2026-03-05 17:14:16,177 [INFO] HTTP Request: POST https://api.telegram.org/bot5800257941:AAHvixqllrdWAuavbQNpwgalzQrI9wkF5vs/getUpdates "HTTP/1.1 200 OK"
2026-03-05 17:14:26,276 [INFO] HTTP Request: POST https://api.telegram.org/bot5800257941:AAHvixqllrdWAuavbQNpwgalzQrI9wkF5vs/getUpdates "HTTP/1.1 200 OK"
2026-03-05 17:14:36,376 [INFO] HTTP Request: POST https://api.telegram.org/bot5800257941:AAHvixqllrdWAuavbQNpwgalzQrI9wkF5vs/getUpdates "HTTP/1.1 200 OK"
2026-03-05 17:14:46,474 [INFO] HTTP Request: POST https://api.telegram.org/bot5800257941:AAHvixqllrdWAuavbQNpwgalzQrI9wkF5vs/getUpdates "HTTP/1.1 200 OK"
2026-03-05 17:14:56,573 [INFO] HTTP Request: POST https://api.telegram.org/bot5800257941:AAHvixqllrdWAuavbQNpwgalzQrI9wkF5vs/getUpdates "HTTP/1.1 200 OK"
2026-03-05 17:15:06,672 [INFO] HTTP Request: POST https://api.telegram.org/bot5800257941:AAHvixqllrdWAuavbQNpwgalzQrI9wkF5vs/getUpdates "HTTP/1.1 200 OK"
2026-03-05 17:15:16,771 [INFO] HTTP Request: POST https://api.telegram.org/bot5800257941:AAHvixqllrdWAuavbQNpwgalzQrI9wkF5vs/getUpdates "HTTP/1.1 200 OK"
2026-03-05 17:15:26,870 [INFO] HTTP Request: POST https://api.telegram.org/bot5800257941:AAHvixqllrdWAuavbQNpwgalzQrI9wkF5vs/getUpdates "HTTP/1.1 200 OK"
2026-03-05 17:15:36,968 [INFO] HTTP Request: POST https://api.telegram.org/bot5800257941:AAHvixqllrdWAuavbQNpwgalzQrI9wkF5vs/getUpdates "HTTP/1.1 200 OK"
2026-03-05 17:15:47,068 [INFO] HTTP Request: POST https://api.telegram.org/bot5800257941:AAHvixqllrdWAuavbQNpwgalzQrI9wkF5vs/getUpdates "HTTP/1.1 200 OK"
2026-03-05 17:15:57,167 [INFO] HTTP Request: POST https://api.telegram.org/bot5800257941:AAHvixqllrdWAuavbQNpwgalzQrI9wkF5vs/getUpdates "HTTP/1.1 200 OK"
2026-03-05 17:16:07,265 [INFO] HTTP Request: POST https://api.telegram.org/bot5800257941:AAHvixqllrdWAuavbQNpwgalzQrI9wkF5vs/getUpdates "HTTP/1.1 200 OK"
2026-03-05 17:16:17,363 [INFO] HTTP Request: POST https://api.telegram.org/bot5800257941:AAHvixqllrdWAuavbQNpwgalzQrI9wkF5vs/getUpdates "HTTP/1.1 200 OK"
2026-03-05 17:16:27,460 [INFO] HTTP Request: POST https://api.telegram.org/bot5800257941:AAHvixqllrdWAuavbQNpwgalzQrI9wkF5vs/getUpdates "HTTP/1.1 200 OK"
2026-03-05 17:16:37,558 [INFO] HTTP Request: POST https://api.telegram.org/bot5800257941:AAHvixqllrdWAuavbQNpwgalzQrI9wkF5vs/getUpdates "HTTP/1.1 200 OK"
2026-03-05 17:16:47,656 [INFO] HTTP Request: POST https://api.telegram.org/bot5800257941:AAHvixqllrdWAuavbQNpwgalzQrI9wkF5vs/getUpdates "HTTP/1.1 200 OK"
2026-03-05 17:16:57,755 [INFO] HTTP Request: POST https://api.telegram.org/bot5800257941:AAHvixqllrdWAuavbQNpwgalzQrI9wkF5vs/getUpdates "HTTP/1.1 200 OK"
2026-03-05 17:17:07,855 [INFO] HTTP Request: POST https://api.telegram.org/bot5800257941:AAHvixqllrdWAuavbQNpwgalzQrI9wkF5vs/getUpdates "HTTP/1.1 200 OK"
2026-03-05 17:17:17,953 [INFO] HTTP Request: POST https://api.telegram.org/bot5800257941:AAHvixqllrdWAuavbQNpwgalzQrI9wkF5vs/getUpdates "HTTP/1.1 200 OK"
2026-03-05 17:17:28,051 [INFO] HTTP Request: POST https://api.telegram.org/bot5800257941:AAHvixqllrdWAuavbQNpwgalzQrI9wkF5vs/getUpdates "HTTP/1.1 200 OK"
2026-03-05 17:17:38,150 [INFO] HTTP Request: POST https://api.telegram.org/bot5800257941:AAHvixqllrdWAuavbQNpwgalzQrI9wkF5vs/getUpdates "HTTP/1.1 200 OK"
2026-03-05 17:17:48,248 [INFO] HTTP Request: POST https://api.telegram.org/bot5800257941:AAHvixqllrdWAuavbQNpwgalzQrI9wkF5vs/getUpdates "HTTP/1.1 200 OK"
2026-03-05 17:17:58,346 [INFO] HTTP Request: POST https://api.telegram.org/bot5800257941:AAHvixqllrdWAuavbQNpwgalzQrI9wkF5vs/getUpdates "HTTP/1.1 200 OK"
2026-03-05 17:18:08,472 [INFO] HTTP Request: POST https://api.telegram.org/bot5800257941:AAHvixqllrdWAuavbQNpwgalzQrI9wkF5vs/getUpdates "HTTP/1.1 200 OK"
2026-03-05 17:18:18,571 [INFO] HTTP Request: POST https://api.telegram.org/bot5800257941:AAHvixqllrdWAuavbQNpwgalzQrI9wkF5vs/getUpdates "HTTP/1.1 200 OK"
2026-03-05 17:18:28,670 [INFO] HTTP Request: POST https://api.telegram.org/bot5800257941:AAHvixqllrdWAuavbQNpwgalzQrI9wkF5vs/getUpdates "HTTP/1.1 200 OK"
2026-03-05 17:18:38,769 [INFO] HTTP Request: POST https://api.telegram.org/bot5800257941:AAHvixqllrdWAuavbQNpwgalzQrI9wkF5vs/getUpdates "HTTP/1.1 200 OK"
2026-03-05 17:18:49,024 [INFO] HTTP Request: POST https://api.telegram.org/bot5800257941:AAHvixqllrdWAuavbQNpwgalzQrI9wkF5vs/getUpdates "HTTP/1.1 200 OK"
2026-03-05 17:18:59,126 [INFO] HTTP Request: POST https://api.telegram.org/bot5800257941:AAHvixqllrdWAuavbQNpwgalzQrI9wkF5vs/getUpdates "HTTP/1.1 200 OK"
2026-03-05 17:19:09,226 [INFO] HTTP Request: POST https://api.telegram.org/bot5800257941:AAHvixqllrdWAuavbQNpwgalzQrI9wkF5vs/getUpdates "HTTP/1.1 200 OK"
2026-03-05 17:19:19,341 [INFO] HTTP Request: POST https://api.telegram.org/bot5800257941:AAHvixqllrdWAuavbQNpwgalzQrI9wkF5vs/getUpdates "HTTP/1.1 200 OK"
2026-03-05 17:19:29,439 [INFO] HTTP Request: POST https://api.telegram.org/bot5800257941:AAHvixqllrdWAuavbQNpwgalzQrI9wkF5vs/getUpdates "HTTP/1.1 200 OK"
2026-03-05 17:19:39,537 [INFO] HTTP Request: POST https://api.telegram.org/bot5800257941:AAHvixqllrdWAuavbQNpwgalzQrI9wkF5vs/getUpdates "HTTP/1.1 200 OK"
2026-03-05 17:19:49,636 [INFO] HTTP Request: POST https://api.telegram.org/bot5800257941:AAHvixqllrdWAuavbQNpwgalzQrI9wkF5vs/getUpdates "HTTP/1.1 200 OK"
2026-03-05 17:19:59,735 [INFO] HTTP Request: POST https://api.telegram.org/bot5800257941:AAHvixqllrdWAuavbQNpwgalzQrI9wkF5vs/getUpdates "HTTP/1.1 200 OK"
2026-03-05 17:20:09,832 [INFO] HTTP Request: POST https://api.telegram.org/bot5800257941:AAHvixqllrdWAuavbQNpwgalzQrI9wkF5vs/getUpdates "HTTP/1.1 200 OK"
2026-03-05 17:20:19,932 [INFO] HTTP Request: POST https://api.telegram.org/bot5800257941:AAHvixqllrdWAuavbQNpwgalzQrI9wkF5vs/getUpdates "HTTP/1.1 200 OK"
2026-03-05 17:20:30,035 [INFO] HTTP Request: POST https://api.telegram.org/bot5800257941:AAHvixqllrdWAuavbQNpwgalzQrI9wkF5vs/getUpdates "HTTP/1.1 200 OK"
2026-03-05 17:20:40,134 [INFO] HTTP Request: POST https://api.telegram.org/bot5800257941:AAHvixqllrdWAuavbQNpwgalzQrI9wkF5vs/getUpdates "HTTP/1.1 200 OK"
2026-03-05 17:20:50,233 [INFO] HTTP Request: POST https://api.telegram.org/bot5800257941:AAHvixqllrdWAuavbQNpwgalzQrI9wkF5vs/getUpdates "HTTP/1.1 200 OK"
2026-03-05 17:21:00,331 [INFO] HTTP Request: POST https://api.telegram.org/bot5800257941:AAHvixqllrdWAuavbQNpwgalzQrI9wkF5vs/getUpdates "HTTP/1.1 200 OK"
2026-03-05 17:21:10,428 [INFO] HTTP Request: POST https://api.telegram.org/bot5800257941:AAHvixqllrdWAuavbQNpwgalzQrI9wkF5vs/getUpdates "HTTP/1.1 200 OK"
2026-03-05 17:21:20,528 [INFO] HTTP Request: POST https://api.telegram.org/bot5800257941:AAHvixqllrdWAuavbQNpwgalzQrI9wkF5vs/getUpdates "HTTP/1.1 200 OK"
2026-03-05 17:21:30,627 [INFO] HTTP Request: POST https://api.telegram.org/bot5800257941:AAHvixqllrdWAuavbQNpwgalzQrI9wkF5vs/getUpdates "HTTP/1.1 200 OK"
2026-03-05 17:21:40,726 [INFO] HTTP Request: POST https://api.telegram.org/bot5800257941:AAHvixqllrdWAuavbQNpwgalzQrI9wkF5vs/getUpdates "HTTP/1.1 200 OK"
2026-03-05 17:21:50,826 [INFO] HTTP Request: POST https://api.telegram.org/bot5800257941:AAHvixqllrdWAuavbQNpwgalzQrI9wkF5vs/getUpdates "HTTP/1.1 200 OK"
2026-03-05 17:22:00,926 [INFO] HTTP Request: POST https://api.telegram.org/bot5800257941:AAHvixqllrdWAuavbQNpwgalzQrI9wkF5vs/getUpdates "HTTP/1.1 200 OK"
2026-03-05 17:22:11,025 [INFO] HTTP Request: POST https://api.telegram.org/bot5800257941:AAHvixqllrdWAuavbQNpwgalzQrI9wkF5vs/getUpdates "HTTP/1.1 200 OK"
2026-03-05 17:22:21,125 [INFO] HTTP Request: POST https://api.telegram.org/bot5800257941:AAHvixqllrdWAuavbQNpwgalzQrI9wkF5vs/getUpdates "HTTP/1.1 200 OK"
2026-03-05 17:22:31,527 [INFO] HTTP Request: POST https://api.telegram.org/bot5800257941:AAHvixqllrdWAuavbQNpwgalzQrI9wkF5vs/getUpdates "HTTP/1.1 200 OK"
2026-03-05 17:22:41,625 [INFO] HTTP Request: POST https://api.telegram.org/bot5800257941:AAHvixqllrdWAuavbQNpwgalzQrI9wkF5vs/getUpdates "HTTP/1.1 200 OK"
2026-03-05 17:22:51,723 [INFO] HTTP Request: POST https://api.telegram.org/bot5800257941:AAHvixqllrdWAuavbQNpwgalzQrI9wkF5vs/getUpdates "HTTP/1.1 200 OK"
2026-03-05 17:23:01,820 [INFO] HTTP Request: POST https://api.telegram.org/bot5800257941:AAHvixqllrdWAuavbQNpwgalzQrI9wkF5vs/getUpdates "HTTP/1.1 200 OK"
2026-03-05 17:23:11,917 [INFO] HTTP Request: POST https://api.telegram.org/bot5800257941:AAHvixqllrdWAuavbQNpwgalzQrI9wkF5vs/getUpdates "HTTP/1.1 200 OK"
2026-03-05 17:23:22,015 [INFO] HTTP Request: POST https://api.telegram.org/bot5800257941:AAHvixqllrdWAuavbQNpwgalzQrI9wkF5vs/getUpdates "HTTP/1.1 200 OK"
2026-03-05 17:23:32,112 [INFO] HTTP Request: POST https://api.telegram.org/bot5800257941:AAHvixqllrdWAuavbQNpwgalzQrI9wkF5vs/getUpdates "HTTP/1.1 200 OK"
2026-03-05 17:23:42,212 [INFO] HTTP Request: POST https://api.telegram.org/bot5800257941:AAHvixqllrdWAuavbQNpwgalzQrI9wkF5vs/getUpdates "HTTP/1.1 200 OK"
2026-03-05 17:23:52,308 [INFO] HTTP Request: POST https://api.telegram.org/bot5800257941:AAHvixqllrdWAuavbQNpwgalzQrI9wkF5vs/getUpdates "HTTP/1.1 200 OK"
2026-03-05 17:24:02,405 [INFO] HTTP Request: POST https://api.telegram.org/bot5800257941:AAHvixqllrdWAuavbQNpwgalzQrI9wkF5vs/getUpdates "HTTP/1.1 200 OK"
2026-03-05 17:24:12,503 [INFO] HTTP Request: POST https://api.telegram.org/bot5800257941:AAHvixqllrdWAuavbQNpwgalzQrI9wkF5vs/getUpdates "HTTP/1.1 200 OK"
2026-03-05 17:24:22,599 [INFO] HTTP Request: POST https://api.telegram.org/bot5800257941:AAHvixqllrdWAuavbQNpwgalzQrI9wkF5vs/getUpdates "HTTP/1.1 200 OK"
2026-03-05 17:24:32,696 [INFO] HTTP Request: POST https://api.telegram.org/bot5800257941:AAHvixqllrdWAuavbQNpwgalzQrI9wkF5vs/getUpdates "HTTP/1.1 200 OK"
2026-03-05 17:24:42,793 [INFO] HTTP Request: POST https://api.telegram.org/bot5800257941:AAHvixqllrdWAuavbQNpwgalzQrI9wkF5vs/getUpdates "HTTP/1.1 200 OK"
2026-03-05 17:24:52,889 [INFO] HTTP Request: POST https://api.telegram.org/bot5800257941:AAHvixqllrdWAuavbQNpwgalzQrI9wkF5vs/getUpdates "HTTP/1.1 200 OK"
2026-03-05 17:25:02,985 [INFO] HTTP Request: POST https://api.telegram.org/bot5800257941:AAHvixqllrdWAuavbQNpwgalzQrI9wkF5vs/getUpdates "HTTP/1.1 200 OK"
2026-03-05 17:25:13,082 [INFO] HTTP Request: POST https://api.telegram.org/bot5800257941:AAHvixqllrdWAuavbQNpwgalzQrI9wkF5vs/getUpdates "HTTP/1.1 200 OK"
2026-03-05 17:25:23,178 [INFO] HTTP Request: POST https://api.telegram.org/bot5800257941:AAHvixqllrdWAuavbQNpwgalzQrI9wkF5vs/getUpdates "HTTP/1.1 200 OK"
2026-03-05 17:25:33,275 [INFO] HTTP Request: POST https://api.telegram.org/bot5800257941:AAHvixqllrdWAuavbQNpwgalzQrI9wkF5vs/getUpdates "HTTP/1.1 200 OK"
2026-03-05 17:25:43,372 [INFO] HTTP Request: POST https://api.telegram.org/bot5800257941:AAHvixqllrdWAuavbQNpwgalzQrI9wkF5vs/getUpdates "HTTP/1.1 200 OK"
2026-03-05 17:25:53,469 [INFO] HTTP Request: POST https://api.telegram.org/bot5800257941:AAHvixqllrdWAuavbQNpwgalzQrI9wkF5vs/getUpdates "HTTP/1.1 200 OK"
2026-03-05 17:26:03,566 [INFO] HTTP Request: POST https://api.telegram.org/bot5800257941:AAHvixqllrdWAuavbQNpwgalzQrI9wkF5vs/getUpdates "HTTP/1.1 200 OK"
2026-03-05 17:26:13,663 [INFO] HTTP Request: POST https://api.telegram.org/bot5800257941:AAHvixqllrdWAuavbQNpwgalzQrI9wkF5vs/getUpdates "HTTP/1.1 200 OK"
2026-03-05 17:26:23,760 [INFO] HTTP Request: POST https://api.telegram.org/bot5800257941:AAHvixqllrdWAuavbQNpwgalzQrI9wkF5vs/getUpdates "HTTP/1.1 200 OK"
2026-03-05 17:26:33,857 [INFO] HTTP Request: POST https://api.telegram.org/bot5800257941:AAHvixqllrdWAuavbQNpwgalzQrI9wkF5vs/getUpdates "HTTP/1.1 200 OK"
2026-03-05 17:26:43,955 [INFO] HTTP Request: POST https://api.telegram.org/bot5800257941:AAHvixqllrdWAuavbQNpwgalzQrI9wkF5vs/getUpdates "HTTP/1.1 200 OK"
2026-03-05 17:26:54,052 [INFO] HTTP Request: POST https://api.telegram.org/bot5800257941:AAHvixqllrdWAuavbQNpwgalzQrI9wkF5vs/getUpdates "HTTP/1.1 200 OK"
2026-03-05 17:27:04,148 [INFO] HTTP Request: POST https://api.telegram.org/bot5800257941:AAHvixqllrdWAuavbQNpwgalzQrI9wkF5vs/getUpdates "HTTP/1.1 200 OK"
2026-03-05 17:27:14,245 [INFO] HTTP Request: POST https://api.telegram.org/bot5800257941:AAHvixqllrdWAuavbQNpwgalzQrI9wkF5vs/getUpdates "HTTP/1.1 200 OK"
2026-03-05 17:27:24,342 [INFO] HTTP Request: POST https://api.telegram.org/bot5800257941:AAHvixqllrdWAuavbQNpwgalzQrI9wkF5vs/getUpdates "HTTP/1.1 200 OK"
2026-03-05 17:27:34,438 [INFO] HTTP Request: POST https://api.telegram.org/bot5800257941:AAHvixqllrdWAuavbQNpwgalzQrI9wkF5vs/getUpdates "HTTP/1.1 200 OK"
2026-03-05 17:27:44,535 [INFO] HTTP Request: POST https://api.telegram.org/bot5800257941:AAHvixqllrdWAuavbQNpwgalzQrI9wkF5vs/getUpdates "HTTP/1.1 200 OK"
2026-03-05 17:27:54,631 [INFO] HTTP Request: POST https://api.telegram.org/bot5800257941:AAHvixqllrdWAuavbQNpwgalzQrI9wkF5vs/getUpdates "HTTP/1.1 200 OK"
2026-03-05 17:28:04,728 [INFO] HTTP Request: POST https://api.telegram.org/bot5800257941:AAHvixqllrdWAuavbQNpwgalzQrI9wkF5vs/getUpdates "HTTP/1.1 200 OK"
2026-03-05 17:28:14,826 [INFO] HTTP Request: POST https://api.telegram.org/bot5800257941:AAHvixqllrdWAuavbQNpwgalzQrI9wkF5vs/getUpdates "HTTP/1.1 200 OK"
2026-03-05 17:28:24,926 [INFO] HTTP Request: POST https://api.telegram.org/bot5800257941:AAHvixqllrdWAuavbQNpwgalzQrI9wkF5vs/getUpdates "HTTP/1.1 200 OK"
2026-03-05 17:28:35,023 [INFO] HTTP Request: POST https://api.telegram.org/bot5800257941:AAHvixqllrdWAuavbQNpwgalzQrI9wkF5vs/getUpdates "HTTP/1.1 200 OK"
2026-03-05 17:28:45,119 [INFO] HTTP Request: POST https://api.telegram.org/bot5800257941:AAHvixqllrdWAuavbQNpwgalzQrI9wkF5vs/getUpdates "HTTP/1.1 200 OK"
2026-03-05 17:28:55,217 [INFO] HTTP Request: POST https://api.telegram.org/bot5800257941:AAHvixqllrdWAuavbQNpwgalzQrI9wkF5vs/getUpdates "HTTP/1.1 200 OK"
2026-03-05 17:29:05,313 [INFO] HTTP Request: POST https://api.telegram.org/bot5800257941:AAHvixqllrdWAuavbQNpwgalzQrI9wkF5vs/getUpdates "HTTP/1.1 200 OK"
2026-03-05 17:29:15,409 [INFO] HTTP Request: POST https://api.telegram.org/bot5800257941:AAHvixqllrdWAuavbQNpwgalzQrI9wkF5vs/getUpdates "HTTP/1.1 200 OK"
2026-03-05 17:29:25,506 [INFO] HTTP Request: POST https://api.telegram.org/bot5800257941:AAHvixqllrdWAuavbQNpwgalzQrI9wkF5vs/getUpdates "HTTP/1.1 200 OK"
2026-03-05 17:29:35,602 [INFO] HTTP Request: POST https://api.telegram.org/bot5800257941:AAHvixqllrdWAuavbQNpwgalzQrI9wkF5vs/getUpdates "HTTP/1.1 200 OK"
2026-03-05 17:29:45,699 [INFO] HTTP Request: POST https://api.telegram.org/bot5800257941:AAHvixqllrdWAuavbQNpwgalzQrI9wkF5vs/getUpdates "HTTP/1.1 200 OK"
2026-03-05 17:29:55,795 [INFO] HTTP Request: POST https://api.telegram.org/bot5800257941:AAHvixqllrdWAuavbQNpwgalzQrI9wkF5vs/getUpdates "HTTP/1.1 200 OK"
2026-03-05 17:30:05,892 [INFO] HTTP Request: POST https://api.telegram.org/bot5800257941:AAHvixqllrdWAuavbQNpwgalzQrI9wkF5vs/getUpdates "HTTP/1.1 200 OK"
2026-03-05 17:30:15,989 [INFO] HTTP Request: POST https://api.telegram.org/bot5800257941:AAHvixqllrdWAuavbQNpwgalzQrI9wkF5vs/getUpdates "HTTP/1.1 200 OK"
2026-03-05 17:30:26,086 [INFO] HTTP Request: POST https://api.telegram.org/bot5800257941:AAHvixqllrdWAuavbQNpwgalzQrI9wkF5vs/getUpdates "HTTP/1.1 200 OK"
2026-03-05 17:30:36,183 [INFO] HTTP Request: POST https://api.telegram.org/bot5800257941:AAHvixqllrdWAuavbQNpwgalzQrI9wkF5vs/getUpdates "HTTP/1.1 200 OK"
2026-03-05 17:30:46,280 [INFO] HTTP Request: POST https://api.telegram.org/bot5800257941:AAHvixqllrdWAuavbQNpwgalzQrI9wkF5vs/getUpdates "HTTP/1.1 200 OK"
2026-03-05 17:30:56,376 [INFO] HTTP Request: POST https://api.telegram.org/bot5800257941:AAHvixqllrdWAuavbQNpwgalzQrI9wkF5vs/getUpdates "HTTP/1.1 200 OK"
2026-03-05 17:31:06,473 [INFO] HTTP Request: POST https://api.telegram.org/bot5800257941:AAHvixqllrdWAuavbQNpwgalzQrI9wkF5vs/getUpdates "HTTP/1.1 200 OK"
2026-03-05 17:31:16,570 [INFO] HTTP Request: POST https://api.telegram.org/bot5800257941:AAHvixqllrdWAuavbQNpwgalzQrI9wkF5vs/getUpdates "HTTP/1.1 200 OK"
2026-03-05 17:31:26,667 [INFO] HTTP Request: POST https://api.telegram.org/bot5800257941:AAHvixqllrdWAuavbQNpwgalzQrI9wkF5vs/getUpdates "HTTP/1.1 200 OK"
2026-03-05 17:31:36,764 [INFO] HTTP Request: POST https://api.telegram.org/bot5800257941:AAHvixqllrdWAuavbQNpwgalzQrI9wkF5vs/getUpdates "HTTP/1.1 200 OK"
2026-03-05 17:31:46,860 [INFO] HTTP Request: POST https://api.telegram.org/bot5800257941:AAHvixqllrdWAuavbQNpwgalzQrI9wkF5vs/getUpdates "HTTP/1.1 200 OK"
2026-03-05 17:31:56,956 [INFO] HTTP Request: POST https://api.telegram.org/bot5800257941:AAHvixqllrdWAuavbQNpwgalzQrI9wkF5vs/getUpdates "HTTP/1.1 200 OK"
2026-03-05 17:32:07,054 [INFO] HTTP Request: POST https://api.telegram.org/bot5800257941:AAHvixqllrdWAuavbQNpwgalzQrI9wkF5vs/getUpdates "HTTP/1.1 200 OK"
2026-03-05 17:32:17,150 [INFO] HTTP Request: POST https://api.telegram.org/bot5800257941:AAHvixqllrdWAuavbQNpwgalzQrI9wkF5vs/getUpdates "HTTP/1.1 200 OK"
2026-03-05 17:32:27,248 [INFO] HTTP Request: POST https://api.telegram.org/bot5800257941:AAHvixqllrdWAuavbQNpwgalzQrI9wkF5vs/getUpdates "HTTP/1.1 200 OK"
2026-03-05 17:32:37,344 [INFO] HTTP Request: POST https://api.telegram.org/bot5800257941:AAHvixqllrdWAuavbQNpwgalzQrI9wkF5vs/getUpdates "HTTP/1.1 200 OK"
2026-03-05 17:32:47,441 [INFO] HTTP Request: POST https://api.telegram.org/bot5800257941:AAHvixqllrdWAuavbQNpwgalzQrI9wkF5vs/getUpdates "HTTP/1.1 200 OK"
2026-03-05 17:32:57,542 [INFO] HTTP Request: POST https://api.telegram.org/bot5800257941:AAHvixqllrdWAuavbQNpwgalzQrI9wkF5vs/getUpdates "HTTP/1.1 200 OK"
2026-03-05 17:33:07,639 [INFO] HTTP Request: POST https://api.telegram.org/bot5800257941:AAHvixqllrdWAuavbQNpwgalzQrI9wkF5vs/getUpdates "HTTP/1.1 200 OK"
2026-03-05 17:33:17,736 [INFO] HTTP Request: POST https://api.telegram.org/bot5800257941:AAHvixqllrdWAuavbQNpwgalzQrI9wkF5vs/getUpdates "HTTP/1.1 200 OK"
2026-03-05 17:33:27,832 [INFO] HTTP Request: POST https://api.telegram.org/bot5800257941:AAHvixqllrdWAuavbQNpwgalzQrI9wkF5vs/getUpdates "HTTP/1.1 200 OK"
2026-03-05 17:33:37,929 [INFO] HTTP Request: POST https://api.telegram.org/bot5800257941:AAHvixqllrdWAuavbQNpwgalzQrI9wkF5vs/getUpdates "HTTP/1.1 200 OK"
2026-03-05 17:33:48,028 [INFO] HTTP Request: POST https://api.telegram.org/bot5800257941:AAHvixqllrdWAuavbQNpwgalzQrI9wkF5vs/getUpdates "HTTP/1.1 200 OK"
2026-03-05 17:33:58,125 [INFO] HTTP Request: POST https://api.telegram.org/bot5800257941:AAHvixqllrdWAuavbQNpwgalzQrI9wkF5vs/getUpdates "HTTP/1.1 200 OK"
2026-03-05 17:34:08,222 [INFO] HTTP Request: POST https://api.telegram.org/bot5800257941:AAHvixqllrdWAuavbQNpwgalzQrI9wkF5vs/getUpdates "HTTP/1.1 200 OK"
2026-03-05 17:34:18,318 [INFO] HTTP Request: POST https://api.telegram.org/bot5800257941:AAHvixqllrdWAuavbQNpwgalzQrI9wkF5vs/getUpdates "HTTP/1.1 200 OK"
2026-03-05 17:34:28,414 [INFO] HTTP Request: POST https://api.telegram.org/bot5800257941:AAHvixqllrdWAuavbQNpwgalzQrI9wkF5vs/getUpdates "HTTP/1.1 200 OK"
2026-03-05 17:34:38,511 [INFO] HTTP Request: POST https://api.telegram.org/bot5800257941:AAHvixqllrdWAuavbQNpwgalzQrI9wkF5vs/getUpdates "HTTP/1.1 200 OK"
2026-03-05 17:34:48,608 [INFO] HTTP Request: POST https://api.telegram.org/bot5800257941:AAHvixqllrdWAuavbQNpwgalzQrI9wkF5vs/getUpdates "HTTP/1.1 200 OK"
2026-03-05 17:34:58,705 [INFO] HTTP Request: POST https://api.telegram.org/bot5800257941:AAHvixqllrdWAuavbQNpwgalzQrI9wkF5vs/getUpdates "HTTP/1.1 200 OK"
2026-03-05 17:35:08,802 [INFO] HTTP Request: POST https://api.telegram.org/bot5800257941:AAHvixqllrdWAuavbQNpwgalzQrI9wkF5vs/getUpdates "HTTP/1.1 200 OK"
2026-03-05 17:35:18,899 [INFO] HTTP Request: POST https://api.telegram.org/bot5800257941:AAHvixqllrdWAuavbQNpwgalzQrI9wkF5vs/getUpdates "HTTP/1.1 200 OK"
2026-03-05 17:35:28,996 [INFO] HTTP Request: POST https://api.telegram.org/bot5800257941:AAHvixqllrdWAuavbQNpwgalzQrI9wkF5vs/getUpdates "HTTP/1.1 200 OK"
2026-03-05 17:35:39,093 [INFO] HTTP Request: POST https://api.telegram.org/bot5800257941:AAHvixqllrdWAuavbQNpwgalzQrI9wkF5vs/getUpdates "HTTP/1.1 200 OK"
2026-03-05 17:35:49,189 [INFO] HTTP Request: POST https://api.telegram.org/bot5800257941:AAHvixqllrdWAuavbQNpwgalzQrI9wkF5vs/getUpdates "HTTP/1.1 200 OK"
2026-03-05 17:35:59,287 [INFO] HTTP Request: POST https://api.telegram.org/bot5800257941:AAHvixqllrdWAuavbQNpwgalzQrI9wkF5vs/getUpdates "HTTP/1.1 200 OK"
2026-03-05 17:36:09,384 [INFO] HTTP Request: POST https://api.telegram.org/bot5800257941:AAHvixqllrdWAuavbQNpwgalzQrI9wkF5vs/getUpdates "HTTP/1.1 200 OK"
2026-03-05 17:36:19,481 [INFO] HTTP Request: POST https://api.telegram.org/bot5800257941:AAHvixqllrdWAuavbQNpwgalzQrI9wkF5vs/getUpdates "HTTP/1.1 200 OK"
2026-03-05 17:36:29,577 [INFO] HTTP Request: POST https://api.telegram.org/bot5800257941:AAHvixqllrdWAuavbQNpwgalzQrI9wkF5vs/getUpdates "HTTP/1.1 200 OK"
2026-03-05 17:36:39,674 [INFO] HTTP Request: POST https://api.telegram.org/bot5800257941:AAHvixqllrdWAuavbQNpwgalzQrI9wkF5vs/getUpdates "HTTP/1.1 200 OK"
2026-03-05 17:36:49,769 [INFO] HTTP Request: POST https://api.telegram.org/bot5800257941:AAHvixqllrdWAuavbQNpwgalzQrI9wkF5vs/getUpdates "HTTP/1.1 200 OK"
2026-03-05 17:36:59,867 [INFO] HTTP Request: POST https://api.telegram.org/bot5800257941:AAHvixqllrdWAuavbQNpwgalzQrI9wkF5vs/getUpdates "HTTP/1.1 200 OK"
2026-03-05 17:37:09,963 [INFO] HTTP Request: POST https://api.telegram.org/bot5800257941:AAHvixqllrdWAuavbQNpwgalzQrI9wkF5vs/getUpdates "HTTP/1.1 200 OK"
2026-03-05 17:37:20,061 [INFO] HTTP Request: POST https://api.telegram.org/bot5800257941:AAHvixqllrdWAuavbQNpwgalzQrI9wkF5vs/getUpdates "HTTP/1.1 200 OK"
2026-03-05 17:37:30,157 [INFO] HTTP Request: POST https://api.telegram.org/bot5800257941:AAHvixqllrdWAuavbQNpwgalzQrI9wkF5vs/getUpdates "HTTP/1.1 200 OK"
2026-03-05 17:37:40,254 [INFO] HTTP Request: POST https://api.telegram.org/bot5800257941:AAHvixqllrdWAuavbQNpwgalzQrI9wkF5vs/getUpdates "HTTP/1.1 200 OK"
2026-03-05 17:37:50,350 [INFO] HTTP Request: POST https://api.telegram.org/bot5800257941:AAHvixqllrdWAuavbQNpwgalzQrI9wkF5vs/getUpdates "HTTP/1.1 200 OK"
2026-03-05 17:38:00,446 [INFO] HTTP Request: POST https://api.telegram.org/bot5800257941:AAHvixqllrdWAuavbQNpwgalzQrI9wkF5vs/getUpdates "HTTP/1.1 200 OK"
2026-03-05 17:38:10,542 [INFO] HTTP Request: POST https://api.telegram.org/bot5800257941:AAHvixqllrdWAuavbQNpwgalzQrI9wkF5vs/getUpdates "HTTP/1.1 200 OK"
2026-03-05 17:38:20,640 [INFO] HTTP Request: POST https://api.telegram.org/bot5800257941:AAHvixqllrdWAuavbQNpwgalzQrI9wkF5vs/getUpdates "HTTP/1.1 200 OK"
2026-03-05 17:38:30,736 [INFO] HTTP Request: POST https://api.telegram.org/bot5800257941:AAHvixqllrdWAuavbQNpwgalzQrI9wkF5vs/getUpdates "HTTP/1.1 200 OK"
2026-03-05 17:38:40,834 [INFO] HTTP Request: POST https://api.telegram.org/bot5800257941:AAHvixqllrdWAuavbQNpwgalzQrI9wkF5vs/getUpdates "HTTP/1.1 200 OK"
2026-03-05 17:38:50,931 [INFO] HTTP Request: POST https://api.telegram.org/bot5800257941:AAHvixqllrdWAuavbQNpwgalzQrI9wkF5vs/getUpdates "HTTP/1.1 200 OK"
2026-03-05 17:39:01,029 [INFO] HTTP Request: POST https://api.telegram.org/bot5800257941:AAHvixqllrdWAuavbQNpwgalzQrI9wkF5vs/getUpdates "HTTP/1.1 200 OK"
2026-03-05 17:39:11,128 [INFO] HTTP Request: POST https://api.telegram.org/bot5800257941:AAHvixqllrdWAuavbQNpwgalzQrI9wkF5vs/getUpdates "HTTP/1.1 200 OK"
2026-03-05 17:39:21,490 [INFO] HTTP Request: POST https://api.telegram.org/bot5800257941:AAHvixqllrdWAuavbQNpwgalzQrI9wkF5vs/getUpdates "HTTP/1.1 200 OK"
2026-03-05 17:39:31,590 [INFO] HTTP Request: POST https://api.telegram.org/bot5800257941:AAHvixqllrdWAuavbQNpwgalzQrI9wkF5vs/getUpdates "HTTP/1.1 200 OK"
2026-03-05 17:39:41,686 [INFO] HTTP Request: POST https://api.telegram.org/bot5800257941:AAHvixqllrdWAuavbQNpwgalzQrI9wkF5vs/getUpdates "HTTP/1.1 200 OK"
2026-03-05 17:39:51,786 [INFO] HTTP Request: POST https://api.telegram.org/bot5800257941:AAHvixqllrdWAuavbQNpwgalzQrI9wkF5vs/getUpdates "HTTP/1.1 200 OK"
2026-03-05 17:40:01,882 [INFO] HTTP Request: POST https://api.telegram.org/bot5800257941:AAHvixqllrdWAuavbQNpwgalzQrI9wkF5vs/getUpdates "HTTP/1.1 200 OK"
2026-03-05 17:40:11,979 [INFO] HTTP Request: POST https://api.telegram.org/bot5800257941:AAHvixqllrdWAuavbQNpwgalzQrI9wkF5vs/getUpdates "HTTP/1.1 200 OK"
2026-03-05 17:40:22,075 [INFO] HTTP Request: POST https://api.telegram.org/bot5800257941:AAHvixqllrdWAuavbQNpwgalzQrI9wkF5vs/getUpdates "HTTP/1.1 200 OK"
2026-03-05 17:40:32,171 [INFO] HTTP Request: POST https://api.telegram.org/bot5800257941:AAHvixqllrdWAuavbQNpwgalzQrI9wkF5vs/getUpdates "HTTP/1.1 200 OK"
2026-03-05 17:40:42,268 [INFO] HTTP Request: POST https://api.telegram.org/bot5800257941:AAHvixqllrdWAuavbQNpwgalzQrI9wkF5vs/getUpdates "HTTP/1.1 200 OK"
2026-03-05 17:40:52,366 [INFO] HTTP Request: POST https://api.telegram.org/bot5800257941:AAHvixqllrdWAuavbQNpwgalzQrI9wkF5vs/getUpdates "HTTP/1.1 200 OK"
2026-03-05 17:41:02,465 [INFO] HTTP Request: POST https://api.telegram.org/bot5800257941:AAHvixqllrdWAuavbQNpwgalzQrI9wkF5vs/getUpdates "HTTP/1.1 200 OK"
2026-03-05 17:41:12,569 [INFO] HTTP Request: POST https://api.telegram.org/bot5800257941:AAHvixqllrdWAuavbQNpwgalzQrI9wkF5vs/getUpdates "HTTP/1.1 200 OK"
2026-03-05 17:41:22,667 [INFO] HTTP Request: POST https://api.telegram.org/bot5800257941:AAHvixqllrdWAuavbQNpwgalzQrI9wkF5vs/getUpdates "HTTP/1.1 200 OK"
2026-03-05 17:41:32,764 [INFO] HTTP Request: POST https://api.telegram.org/bot5800257941:AAHvixqllrdWAuavbQNpwgalzQrI9wkF5vs/getUpdates "HTTP/1.1 200 OK"
2026-03-05 17:41:42,869 [INFO] HTTP Request: POST https://api.telegram.org/bot5800257941:AAHvixqllrdWAuavbQNpwgalzQrI9wkF5vs/getUpdates "HTTP/1.1 200 OK"
2026-03-05 17:41:52,965 [INFO] HTTP Request: POST https://api.telegram.org/bot5800257941:AAHvixqllrdWAuavbQNpwgalzQrI9wkF5vs/getUpdates "HTTP/1.1 200 OK"
2026-03-05 17:42:03,063 [INFO] HTTP Request: POST https://api.telegram.org/bot5800257941:AAHvixqllrdWAuavbQNpwgalzQrI9wkF5vs/getUpdates "HTTP/1.1 200 OK"
2026-03-05 17:42:13,161 [INFO] HTTP Request: POST https://api.telegram.org/bot5800257941:AAHvixqllrdWAuavbQNpwgalzQrI9wkF5vs/getUpdates "HTTP/1.1 200 OK"
2026-03-05 17:42:23,258 [INFO] HTTP Request: POST https://api.telegram.org/bot5800257941:AAHvixqllrdWAuavbQNpwgalzQrI9wkF5vs/getUpdates "HTTP/1.1 200 OK"
2026-03-05 17:42:33,357 [INFO] HTTP Request: POST https://api.telegram.org/bot5800257941:AAHvixqllrdWAuavbQNpwgalzQrI9wkF5vs/getUpdates "HTTP/1.1 200 OK"
2026-03-05 17:42:43,458 [INFO] HTTP Request: POST https://api.telegram.org/bot5800257941:AAHvixqllrdWAuavbQNpwgalzQrI9wkF5vs/getUpdates "HTTP/1.1 200 OK"
2026-03-05 17:42:53,554 [INFO] HTTP Request: POST https://api.telegram.org/bot5800257941:AAHvixqllrdWAuavbQNpwgalzQrI9wkF5vs/getUpdates "HTTP/1.1 200 OK"
2026-03-05 17:43:03,650 [INFO] HTTP Request: POST https://api.telegram.org/bot5800257941:AAHvixqllrdWAuavbQNpwgalzQrI9wkF5vs/getUpdates "HTTP/1.1 200 OK"
2026-03-05 17:43:13,750 [INFO] HTTP Request: POST https://api.telegram.org/bot5800257941:AAHvixqllrdWAuavbQNpwgalzQrI9wkF5vs/getUpdates "HTTP/1.1 200 OK"
2026-03-05 17:43:23,849 [INFO] HTTP Request: POST https://api.telegram.org/bot5800257941:AAHvixqllrdWAuavbQNpwgalzQrI9wkF5vs/getUpdates "HTTP/1.1 200 OK"
2026-03-05 17:43:33,962 [INFO] HTTP Request: POST https://api.telegram.org/bot5800257941:AAHvixqllrdWAuavbQNpwgalzQrI9wkF5vs/getUpdates "HTTP/1.1 200 OK"
2026-03-05 17:43:44,063 [INFO] HTTP Request: POST https://api.telegram.org/bot5800257941:AAHvixqllrdWAuavbQNpwgalzQrI9wkF5vs/getUpdates "HTTP/1.1 200 OK"
2026-03-05 17:43:54,163 [INFO] HTTP Request: POST https://api.telegram.org/bot5800257941:AAHvixqllrdWAuavbQNpwgalzQrI9wkF5vs/getUpdates "HTTP/1.1 200 OK"
2026-03-05 17:44:04,262 [INFO] HTTP Request: POST https://api.telegram.org/bot5800257941:AAHvixqllrdWAuavbQNpwgalzQrI9wkF5vs/getUpdates "HTTP/1.1 200 OK"
2026-03-05 17:44:14,361 [INFO] HTTP Request: POST https://api.telegram.org/bot5800257941:AAHvixqllrdWAuavbQNpwgalzQrI9wkF5vs/getUpdates "HTTP/1.1 200 OK"
2026-03-05 17:44:24,457 [INFO] HTTP Request: POST https://api.telegram.org/bot5800257941:AAHvixqllrdWAuavbQNpwgalzQrI9wkF5vs/getUpdates "HTTP/1.1 200 OK"
2026-03-05 17:44:34,558 [INFO] HTTP Request: POST https://api.telegram.org/bot5800257941:AAHvixqllrdWAuavbQNpwgalzQrI9wkF5vs/getUpdates "HTTP/1.1 200 OK"
2026-03-05 17:44:44,658 [INFO] HTTP Request: POST https://api.telegram.org/bot5800257941:AAHvixqllrdWAuavbQNpwgalzQrI9wkF5vs/getUpdates "HTTP/1.1 200 OK"
2026-03-05 17:44:54,784 [INFO] HTTP Request: POST https://api.telegram.org/bot5800257941:AAHvixqllrdWAuavbQNpwgalzQrI9wkF5vs/getUpdates "HTTP/1.1 200 OK"
2026-03-05 17:45:04,880 [INFO] HTTP Request: POST https://api.telegram.org/bot5800257941:AAHvixqllrdWAuavbQNpwgalzQrI9wkF5vs/getUpdates "HTTP/1.1 200 OK"
2026-03-05 17:45:14,978 [INFO] HTTP Request: POST https://api.telegram.org/bot5800257941:AAHvixqllrdWAuavbQNpwgalzQrI9wkF5vs/getUpdates "HTTP/1.1 200 OK"
2026-03-05 17:45:25,075 [INFO] HTTP Request: POST https://api.telegram.org/bot5800257941:AAHvixqllrdWAuavbQNpwgalzQrI9wkF5vs/getUpdates "HTTP/1.1 200 OK"
2026-03-05 17:45:35,174 [INFO] HTTP Request: POST https://api.telegram.org/bot5800257941:AAHvixqllrdWAuavbQNpwgalzQrI9wkF5vs/getUpdates "HTTP/1.1 200 OK"
2026-03-05 17:45:45,286 [INFO] HTTP Request: POST https://api.telegram.org/bot5800257941:AAHvixqllrdWAuavbQNpwgalzQrI9wkF5vs/getUpdates "HTTP/1.1 200 OK"
2026-03-05 17:45:55,399 [INFO] HTTP Request: POST https://api.telegram.org/bot5800257941:AAHvixqllrdWAuavbQNpwgalzQrI9wkF5vs/getUpdates "HTTP/1.1 200 OK"
2026-03-05 17:46:05,494 [INFO] HTTP Request: POST https://api.telegram.org/bot5800257941:AAHvixqllrdWAuavbQNpwgalzQrI9wkF5vs/getUpdates "HTTP/1.1 200 OK"
2026-03-05 17:46:15,595 [INFO] HTTP Request: POST https://api.telegram.org/bot5800257941:AAHvixqllrdWAuavbQNpwgalzQrI9wkF5vs/getUpdates "HTTP/1.1 200 OK"
2026-03-05 17:46:25,692 [INFO] HTTP Request: POST https://api.telegram.org/bot5800257941:AAHvixqllrdWAuavbQNpwgalzQrI9wkF5vs/getUpdates "HTTP/1.1 200 OK"
2026-03-05 17:46:35,796 [INFO] HTTP Request: POST https://api.telegram.org/bot5800257941:AAHvixqllrdWAuavbQNpwgalzQrI9wkF5vs/getUpdates "HTTP/1.1 200 OK"
2026-03-05 17:46:45,902 [INFO] HTTP Request: POST https://api.telegram.org/bot5800257941:AAHvixqllrdWAuavbQNpwgalzQrI9wkF5vs/getUpdates "HTTP/1.1 200 OK"
2026-03-05 17:46:56,011 [INFO] HTTP Request: POST https://api.telegram.org/bot5800257941:AAHvixqllrdWAuavbQNpwgalzQrI9wkF5vs/getUpdates "HTTP/1.1 200 OK"
2026-03-05 17:47:06,121 [INFO] HTTP Request: POST https://api.telegram.org/bot5800257941:AAHvixqllrdWAuavbQNpwgalzQrI9wkF5vs/getUpdates "HTTP/1.1 200 OK"
2026-03-05 17:47:16,218 [INFO] HTTP Request: POST https://api.telegram.org/bot5800257941:AAHvixqllrdWAuavbQNpwgalzQrI9wkF5vs/getUpdates "HTTP/1.1 200 OK"
2026-03-05 17:47:26,317 [INFO] HTTP Request: POST https://api.telegram.org/bot5800257941:AAHvixqllrdWAuavbQNpwgalzQrI9wkF5vs/getUpdates "HTTP/1.1 200 OK"
2026-03-05 17:47:36,418 [INFO] HTTP Request: POST https://api.telegram.org/bot5800257941:AAHvixqllrdWAuavbQNpwgalzQrI9wkF5vs/getUpdates "HTTP/1.1 200 OK"
2026-03-05 17:47:46,521 [INFO] HTTP Request: POST https://api.telegram.org/bot5800257941:AAHvixqllrdWAuavbQNpwgalzQrI9wkF5vs/getUpdates "HTTP/1.1 200 OK"
2026-03-05 17:47:56,622 [INFO] HTTP Request: POST https://api.telegram.org/bot5800257941:AAHvixqllrdWAuavbQNpwgalzQrI9wkF5vs/getUpdates "HTTP/1.1 200 OK"
2026-03-05 17:48:06,727 [INFO] HTTP Request: POST https://api.telegram.org/bot5800257941:AAHvixqllrdWAuavbQNpwgalzQrI9wkF5vs/getUpdates "HTTP/1.1 200 OK"
2026-03-05 17:48:16,825 [INFO] HTTP Request: POST https://api.telegram.org/bot5800257941:AAHvixqllrdWAuavbQNpwgalzQrI9wkF5vs/getUpdates "HTTP/1.1 200 OK"
2026-03-05 17:48:26,921 [INFO] HTTP Request: POST https://api.telegram.org/bot5800257941:AAHvixqllrdWAuavbQNpwgalzQrI9wkF5vs/getUpdates "HTTP/1.1 200 OK"
2026-03-05 17:48:37,020 [INFO] HTTP Request: POST https://api.telegram.org/bot5800257941:AAHvixqllrdWAuavbQNpwgalzQrI9wkF5vs/getUpdates "HTTP/1.1 200 OK"
2026-03-05 17:48:47,124 [INFO] HTTP Request: POST https://api.telegram.org/bot5800257941:AAHvixqllrdWAuavbQNpwgalzQrI9wkF5vs/getUpdates "HTTP/1.1 200 OK"
2026-03-05 17:48:57,229 [INFO] HTTP Request: POST https://api.telegram.org/bot5800257941:AAHvixqllrdWAuavbQNpwgalzQrI9wkF5vs/getUpdates "HTTP/1.1 200 OK"
2026-03-05 17:49:07,326 [INFO] HTTP Request: POST https://api.telegram.org/bot5800257941:AAHvixqllrdWAuavbQNpwgalzQrI9wkF5vs/getUpdates "HTTP/1.1 200 OK"
2026-03-05 17:49:17,425 [INFO] HTTP Request: POST https://api.telegram.org/bot5800257941:AAHvixqllrdWAuavbQNpwgalzQrI9wkF5vs/getUpdates "HTTP/1.1 200 OK"
2026-03-05 17:49:27,520 [INFO] HTTP Request: POST https://api.telegram.org/bot5800257941:AAHvixqllrdWAuavbQNpwgalzQrI9wkF5vs/getUpdates "HTTP/1.1 200 OK"
2026-03-05 17:49:37,618 [INFO] HTTP Request: POST https://api.telegram.org/bot5800257941:AAHvixqllrdWAuavbQNpwgalzQrI9wkF5vs/getUpdates "HTTP/1.1 200 OK"
2026-03-05 17:49:47,721 [INFO] HTTP Request: POST https://api.telegram.org/bot5800257941:AAHvixqllrdWAuavbQNpwgalzQrI9wkF5vs/getUpdates "HTTP/1.1 200 OK"
2026-03-05 17:49:57,824 [INFO] HTTP Request: POST https://api.telegram.org/bot5800257941:AAHvixqllrdWAuavbQNpwgalzQrI9wkF5vs/getUpdates "HTTP/1.1 200 OK"
2026-03-05 17:50:07,928 [INFO] HTTP Request: POST https://api.telegram.org/bot5800257941:AAHvixqllrdWAuavbQNpwgalzQrI9wkF5vs/getUpdates "HTTP/1.1 200 OK"
2026-03-05 17:50:18,025 [INFO] HTTP Request: POST https://api.telegram.org/bot5800257941:AAHvixqllrdWAuavbQNpwgalzQrI9wkF5vs/getUpdates "HTTP/1.1 200 OK"
2026-03-05 17:50:28,124 [INFO] HTTP Request: POST https://api.telegram.org/bot5800257941:AAHvixqllrdWAuavbQNpwgalzQrI9wkF5vs/getUpdates "HTTP/1.1 200 OK"
2026-03-05 17:50:38,232 [INFO] HTTP Request: POST https://api.telegram.org/bot5800257941:AAHvixqllrdWAuavbQNpwgalzQrI9wkF5vs/getUpdates "HTTP/1.1 200 OK"
2026-03-05 17:50:48,330 [INFO] HTTP Request: POST https://api.telegram.org/bot5800257941:AAHvixqllrdWAuavbQNpwgalzQrI9wkF5vs/getUpdates "HTTP/1.1 200 OK"
2026-03-05 17:50:58,432 [INFO] HTTP Request: POST https://api.telegram.org/bot5800257941:AAHvixqllrdWAuavbQNpwgalzQrI9wkF5vs/getUpdates "HTTP/1.1 200 OK"
2026-03-05 17:51:08,531 [INFO] HTTP Request: POST https://api.telegram.org/bot5800257941:AAHvixqllrdWAuavbQNpwgalzQrI9wkF5vs/getUpdates "HTTP/1.1 200 OK"
2026-03-05 17:51:18,628 [INFO] HTTP Request: POST https://api.telegram.org/bot5800257941:AAHvixqllrdWAuavbQNpwgalzQrI9wkF5vs/getUpdates "HTTP/1.1 200 OK"
2026-03-05 17:51:28,728 [INFO] HTTP Request: POST https://api.telegram.org/bot5800257941:AAHvixqllrdWAuavbQNpwgalzQrI9wkF5vs/getUpdates "HTTP/1.1 200 OK"
2026-03-05 17:51:38,823 [INFO] HTTP Request: POST https://api.telegram.org/bot5800257941:AAHvixqllrdWAuavbQNpwgalzQrI9wkF5vs/getUpdates "HTTP/1.1 200 OK"
2026-03-05 17:51:48,919 [INFO] HTTP Request: POST https://api.telegram.org/bot5800257941:AAHvixqllrdWAuavbQNpwgalzQrI9wkF5vs/getUpdates "HTTP/1.1 200 OK"
2026-03-05 17:51:59,018 [INFO] HTTP Request: POST https://api.telegram.org/bot5800257941:AAHvixqllrdWAuavbQNpwgalzQrI9wkF5vs/getUpdates "HTTP/1.1 200 OK"
2026-03-05 17:52:09,114 [INFO] HTTP Request: POST https://api.telegram.org/bot5800257941:AAHvixqllrdWAuavbQNpwgalzQrI9wkF5vs/getUpdates "HTTP/1.1 200 OK"
2026-03-05 17:52:19,213 [INFO] HTTP Request: POST https://api.telegram.org/bot5800257941:AAHvixqllrdWAuavbQNpwgalzQrI9wkF5vs/getUpdates "HTTP/1.1 200 OK"
2026-03-05 17:52:29,310 [INFO] HTTP Request: POST https://api.telegram.org/bot5800257941:AAHvixqllrdWAuavbQNpwgalzQrI9wkF5vs/getUpdates "HTTP/1.1 200 OK"
2026-03-05 17:52:39,413 [INFO] HTTP Request: POST https://api.telegram.org/bot5800257941:AAHvixqllrdWAuavbQNpwgalzQrI9wkF5vs/getUpdates "HTTP/1.1 200 OK"
2026-03-05 17:52:49,514 [INFO] HTTP Request: POST https://api.telegram.org/bot5800257941:AAHvixqllrdWAuavbQNpwgalzQrI9wkF5vs/getUpdates "HTTP/1.1 200 OK"
2026-03-05 17:52:59,614 [INFO] HTTP Request: POST https://api.telegram.org/bot5800257941:AAHvixqllrdWAuavbQNpwgalzQrI9wkF5vs/getUpdates "HTTP/1.1 200 OK"
2026-03-05 17:53:09,712 [INFO] HTTP Request: POST https://api.telegram.org/bot5800257941:AAHvixqllrdWAuavbQNpwgalzQrI9wkF5vs/getUpdates "HTTP/1.1 200 OK"
2026-03-05 17:53:19,808 [INFO] HTTP Request: POST https://api.telegram.org/bot5800257941:AAHvixqllrdWAuavbQNpwgalzQrI9wkF5vs/getUpdates "HTTP/1.1 200 OK"
2026-03-05 17:53:29,921 [INFO] HTTP Request: POST https://api.telegram.org/bot5800257941:AAHvixqllrdWAuavbQNpwgalzQrI9wkF5vs/getUpdates "HTTP/1.1 200 OK"
2026-03-05 17:53:40,018 [INFO] HTTP Request: POST https://api.telegram.org/bot5800257941:AAHvixqllrdWAuavbQNpwgalzQrI9wkF5vs/getUpdates "HTTP/1.1 200 OK"
2026-03-05 17:53:50,119 [INFO] HTTP Request: POST https://api.telegram.org/bot5800257941:AAHvixqllrdWAuavbQNpwgalzQrI9wkF5vs/getUpdates "HTTP/1.1 200 OK"
2026-03-05 17:54:00,223 [INFO] HTTP Request: POST https://api.telegram.org/bot5800257941:AAHvixqllrdWAuavbQNpwgalzQrI9wkF5vs/getUpdates "HTTP/1.1 200 OK"
2026-03-05 17:54:10,319 [INFO] HTTP Request: POST https://api.telegram.org/bot5800257941:AAHvixqllrdWAuavbQNpwgalzQrI9wkF5vs/getUpdates "HTTP/1.1 200 OK"
2026-03-05 17:54:20,417 [INFO] HTTP Request: POST https://api.telegram.org/bot5800257941:AAHvixqllrdWAuavbQNpwgalzQrI9wkF5vs/getUpdates "HTTP/1.1 200 OK"
2026-03-05 17:54:30,516 [INFO] HTTP Request: POST https://api.telegram.org/bot5800257941:AAHvixqllrdWAuavbQNpwgalzQrI9wkF5vs/getUpdates "HTTP/1.1 200 OK"
2026-03-05 17:54:40,612 [INFO] HTTP Request: POST https://api.telegram.org/bot5800257941:AAHvixqllrdWAuavbQNpwgalzQrI9wkF5vs/getUpdates "HTTP/1.1 200 OK"
2026-03-05 17:54:50,716 [INFO] HTTP Request: POST https://api.telegram.org/bot5800257941:AAHvixqllrdWAuavbQNpwgalzQrI9wkF5vs/getUpdates "HTTP/1.1 200 OK"
2026-03-05 17:55:00,820 [INFO] HTTP Request: POST https://api.telegram.org/bot5800257941:AAHvixqllrdWAuavbQNpwgalzQrI9wkF5vs/getUpdates "HTTP/1.1 200 OK"
2026-03-05 17:55:10,917 [INFO] HTTP Request: POST https://api.telegram.org/bot5800257941:AAHvixqllrdWAuavbQNpwgalzQrI9wkF5vs/getUpdates "HTTP/1.1 200 OK"
2026-03-05 17:55:21,013 [INFO] HTTP Request: POST https://api.telegram.org/bot5800257941:AAHvixqllrdWAuavbQNpwgalzQrI9wkF5vs/getUpdates "HTTP/1.1 200 OK"
2026-03-05 17:55:31,109 [INFO] HTTP Request: POST https://api.telegram.org/bot5800257941:AAHvixqllrdWAuavbQNpwgalzQrI9wkF5vs/getUpdates "HTTP/1.1 200 OK"
2026-03-05 17:55:41,207 [INFO] HTTP Request: POST https://api.telegram.org/bot5800257941:AAHvixqllrdWAuavbQNpwgalzQrI9wkF5vs/getUpdates "HTTP/1.1 200 OK"
2026-03-05 17:55:51,310 [INFO] HTTP Request: POST https://api.telegram.org/bot5800257941:AAHvixqllrdWAuavbQNpwgalzQrI9wkF5vs/getUpdates "HTTP/1.1 200 OK"
2026-03-05 17:56:01,424 [INFO] HTTP Request: POST https://api.telegram.org/bot5800257941:AAHvixqllrdWAuavbQNpwgalzQrI9wkF5vs/getUpdates "HTTP/1.1 200 OK"
2026-03-05 17:56:11,781 [INFO] HTTP Request: POST https://api.telegram.org/bot5800257941:AAHvixqllrdWAuavbQNpwgalzQrI9wkF5vs/getUpdates "HTTP/1.1 200 OK"
2026-03-05 17:56:21,878 [INFO] HTTP Request: POST https://api.telegram.org/bot5800257941:AAHvixqllrdWAuavbQNpwgalzQrI9wkF5vs/getUpdates "HTTP/1.1 200 OK"
2026-03-05 17:56:31,974 [INFO] HTTP Request: POST https://api.telegram.org/bot5800257941:AAHvixqllrdWAuavbQNpwgalzQrI9wkF5vs/getUpdates "HTTP/1.1 200 OK"
2026-03-05 17:56:42,071 [INFO] HTTP Request: POST https://api.telegram.org/bot5800257941:AAHvixqllrdWAuavbQNpwgalzQrI9wkF5vs/getUpdates "HTTP/1.1 200 OK"
2026-03-05 17:56:52,167 [INFO] HTTP Request: POST https://api.telegram.org/bot5800257941:AAHvixqllrdWAuavbQNpwgalzQrI9wkF5vs/getUpdates "HTTP/1.1 200 OK"
2026-03-05 17:57:02,263 [INFO] HTTP Request: POST https://api.telegram.org/bot5800257941:AAHvixqllrdWAuavbQNpwgalzQrI9wkF5vs/getUpdates "HTTP/1.1 200 OK"
2026-03-05 17:57:12,359 [INFO] HTTP Request: POST https://api.telegram.org/bot5800257941:AAHvixqllrdWAuavbQNpwgalzQrI9wkF5vs/getUpdates "HTTP/1.1 200 OK"
2026-03-05 17:57:22,457 [INFO] HTTP Request: POST https://api.telegram.org/bot5800257941:AAHvixqllrdWAuavbQNpwgalzQrI9wkF5vs/getUpdates "HTTP/1.1 200 OK"
2026-03-05 17:57:32,554 [INFO] HTTP Request: POST https://api.telegram.org/bot5800257941:AAHvixqllrdWAuavbQNpwgalzQrI9wkF5vs/getUpdates "HTTP/1.1 200 OK"
2026-03-05 17:57:42,653 [INFO] HTTP Request: POST https://api.telegram.org/bot5800257941:AAHvixqllrdWAuavbQNpwgalzQrI9wkF5vs/getUpdates "HTTP/1.1 200 OK"
2026-03-05 17:57:52,749 [INFO] HTTP Request: POST https://api.telegram.org/bot5800257941:AAHvixqllrdWAuavbQNpwgalzQrI9wkF5vs/getUpdates "HTTP/1.1 200 OK"
2026-03-05 17:58:02,846 [INFO] HTTP Request: POST https://api.telegram.org/bot5800257941:AAHvixqllrdWAuavbQNpwgalzQrI9wkF5vs/getUpdates "HTTP/1.1 200 OK"
2026-03-05 17:58:12,945 [INFO] HTTP Request: POST https://api.telegram.org/bot5800257941:AAHvixqllrdWAuavbQNpwgalzQrI9wkF5vs/getUpdates "HTTP/1.1 200 OK"
2026-03-05 17:58:23,042 [INFO] HTTP Request: POST https://api.telegram.org/bot5800257941:AAHvixqllrdWAuavbQNpwgalzQrI9wkF5vs/getUpdates "HTTP/1.1 200 OK"
2026-03-05 17:58:33,139 [INFO] HTTP Request: POST https://api.telegram.org/bot5800257941:AAHvixqllrdWAuavbQNpwgalzQrI9wkF5vs/getUpdates "HTTP/1.1 200 OK"
2026-03-05 17:58:43,236 [INFO] HTTP Request: POST https://api.telegram.org/bot5800257941:AAHvixqllrdWAuavbQNpwgalzQrI9wkF5vs/getUpdates "HTTP/1.1 200 OK"
2026-03-05 17:58:53,333 [INFO] HTTP Request: POST https://api.telegram.org/bot5800257941:AAHvixqllrdWAuavbQNpwgalzQrI9wkF5vs/getUpdates "HTTP/1.1 200 OK"
2026-03-05 17:59:03,429 [INFO] HTTP Request: POST https://api.telegram.org/bot5800257941:AAHvixqllrdWAuavbQNpwgalzQrI9wkF5vs/getUpdates "HTTP/1.1 200 OK"
2026-03-05 17:59:13,527 [INFO] HTTP Request: POST https://api.telegram.org/bot5800257941:AAHvixqllrdWAuavbQNpwgalzQrI9wkF5vs/getUpdates "HTTP/1.1 200 OK"
2026-03-05 17:59:23,623 [INFO] HTTP Request: POST https://api.telegram.org/bot5800257941:AAHvixqllrdWAuavbQNpwgalzQrI9wkF5vs/getUpdates "HTTP/1.1 200 OK"
2026-03-05 17:59:33,720 [INFO] HTTP Request: POST https://api.telegram.org/bot5800257941:AAHvixqllrdWAuavbQNpwgalzQrI9wkF5vs/getUpdates "HTTP/1.1 200 OK"
2026-03-05 17:59:43,817 [INFO] HTTP Request: POST https://api.telegram.org/bot5800257941:AAHvixqllrdWAuavbQNpwgalzQrI9wkF5vs/getUpdates "HTTP/1.1 200 OK"
2026-03-05 17:59:53,914 [INFO] HTTP Request: POST https://api.telegram.org/bot5800257941:AAHvixqllrdWAuavbQNpwgalzQrI9wkF5vs/getUpdates "HTTP/1.1 200 OK"
2026-03-05 18:00:04,010 [INFO] HTTP Request: POST https://api.telegram.org/bot5800257941:AAHvixqllrdWAuavbQNpwgalzQrI9wkF5vs/getUpdates "HTTP/1.1 200 OK"
2026-03-05 18:00:14,107 [INFO] HTTP Request: POST https://api.telegram.org/bot5800257941:AAHvixqllrdWAuavbQNpwgalzQrI9wkF5vs/getUpdates "HTTP/1.1 200 OK"
2026-03-05 18:00:24,203 [INFO] HTTP Request: POST https://api.telegram.org/bot5800257941:AAHvixqllrdWAuavbQNpwgalzQrI9wkF5vs/getUpdates "HTTP/1.1 200 OK"
2026-03-05 18:00:34,300 [INFO] HTTP Request: POST https://api.telegram.org/bot5800257941:AAHvixqllrdWAuavbQNpwgalzQrI9wkF5vs/getUpdates "HTTP/1.1 200 OK"
2026-03-05 18:00:44,397 [INFO] HTTP Request: POST https://api.telegram.org/bot5800257941:AAHvixqllrdWAuavbQNpwgalzQrI9wkF5vs/getUpdates "HTTP/1.1 200 OK"
2026-03-05 18:00:54,493 [INFO] HTTP Request: POST https://api.telegram.org/bot5800257941:AAHvixqllrdWAuavbQNpwgalzQrI9wkF5vs/getUpdates "HTTP/1.1 200 OK"
2026-03-05 18:01:04,590 [INFO] HTTP Request: POST https://api.telegram.org/bot5800257941:AAHvixqllrdWAuavbQNpwgalzQrI9wkF5vs/getUpdates "HTTP/1.1 200 OK"
2026-03-05 18:01:14,686 [INFO] HTTP Request: POST https://api.telegram.org/bot5800257941:AAHvixqllrdWAuavbQNpwgalzQrI9wkF5vs/getUpdates "HTTP/1.1 200 OK"
2026-03-05 18:01:24,783 [INFO] HTTP Request: POST https://api.telegram.org/bot5800257941:AAHvixqllrdWAuavbQNpwgalzQrI9wkF5vs/getUpdates "HTTP/1.1 200 OK"
2026-03-05 18:01:34,879 [INFO] HTTP Request: POST https://api.telegram.org/bot5800257941:AAHvixqllrdWAuavbQNpwgalzQrI9wkF5vs/getUpdates "HTTP/1.1 200 OK"
2026-03-05 18:01:44,975 [INFO] HTTP Request: POST https://api.telegram.org/bot5800257941:AAHvixqllrdWAuavbQNpwgalzQrI9wkF5vs/getUpdates "HTTP/1.1 200 OK"
2026-03-05 18:01:55,072 [INFO] HTTP Request: POST https://api.telegram.org/bot5800257941:AAHvixqllrdWAuavbQNpwgalzQrI9wkF5vs/getUpdates "HTTP/1.1 200 OK"
2026-03-05 18:02:05,169 [INFO] HTTP Request: POST https://api.telegram.org/bot5800257941:AAHvixqllrdWAuavbQNpwgalzQrI9wkF5vs/getUpdates "HTTP/1.1 200 OK"
2026-03-05 18:02:15,266 [INFO] HTTP Request: POST https://api.telegram.org/bot5800257941:AAHvixqllrdWAuavbQNpwgalzQrI9wkF5vs/getUpdates "HTTP/1.1 200 OK"
2026-03-05 18:02:25,362 [INFO] HTTP Request: POST https://api.telegram.org/bot5800257941:AAHvixqllrdWAuavbQNpwgalzQrI9wkF5vs/getUpdates "HTTP/1.1 200 OK"
2026-03-05 18:02:35,460 [INFO] HTTP Request: POST https://api.telegram.org/bot5800257941:AAHvixqllrdWAuavbQNpwgalzQrI9wkF5vs/getUpdates "HTTP/1.1 200 OK"
2026-03-05 18:02:45,556 [INFO] HTTP Request: POST https://api.telegram.org/bot5800257941:AAHvixqllrdWAuavbQNpwgalzQrI9wkF5vs/getUpdates "HTTP/1.1 200 OK"
2026-03-05 18:02:55,652 [INFO] HTTP Request: POST https://api.telegram.org/bot5800257941:AAHvixqllrdWAuavbQNpwgalzQrI9wkF5vs/getUpdates "HTTP/1.1 200 OK"
2026-03-05 18:03:05,748 [INFO] HTTP Request: POST https://api.telegram.org/bot5800257941:AAHvixqllrdWAuavbQNpwgalzQrI9wkF5vs/getUpdates "HTTP/1.1 200 OK"
2026-03-05 18:03:15,844 [INFO] HTTP Request: POST https://api.telegram.org/bot5800257941:AAHvixqllrdWAuavbQNpwgalzQrI9wkF5vs/getUpdates "HTTP/1.1 200 OK"
2026-03-05 18:03:26,007 [INFO] HTTP Request: POST https://api.telegram.org/bot5800257941:AAHvixqllrdWAuavbQNpwgalzQrI9wkF5vs/getUpdates "HTTP/1.1 200 OK"
2026-03-05 18:03:36,103 [INFO] HTTP Request: POST https://api.telegram.org/bot5800257941:AAHvixqllrdWAuavbQNpwgalzQrI9wkF5vs/getUpdates "HTTP/1.1 200 OK"
2026-03-05 18:03:46,200 [INFO] HTTP Request: POST https://api.telegram.org/bot5800257941:AAHvixqllrdWAuavbQNpwgalzQrI9wkF5vs/getUpdates "HTTP/1.1 200 OK"
2026-03-05 18:03:56,297 [INFO] HTTP Request: POST https://api.telegram.org/bot5800257941:AAHvixqllrdWAuavbQNpwgalzQrI9wkF5vs/getUpdates "HTTP/1.1 200 OK"
2026-03-05 18:04:06,394 [INFO] HTTP Request: POST https://api.telegram.org/bot5800257941:AAHvixqllrdWAuavbQNpwgalzQrI9wkF5vs/getUpdates "HTTP/1.1 200 OK"
2026-03-05 18:04:16,490 [INFO] HTTP Request: POST https://api.telegram.org/bot5800257941:AAHvixqllrdWAuavbQNpwgalzQrI9wkF5vs/getUpdates "HTTP/1.1 200 OK"
2026-03-05 18:04:26,587 [INFO] HTTP Request: POST https://api.telegram.org/bot5800257941:AAHvixqllrdWAuavbQNpwgalzQrI9wkF5vs/getUpdates "HTTP/1.1 200 OK"
2026-03-05 18:04:36,683 [INFO] HTTP Request: POST https://api.telegram.org/bot5800257941:AAHvixqllrdWAuavbQNpwgalzQrI9wkF5vs/getUpdates "HTTP/1.1 200 OK"
2026-03-05 18:04:46,780 [INFO] HTTP Request: POST https://api.telegram.org/bot5800257941:AAHvixqllrdWAuavbQNpwgalzQrI9wkF5vs/getUpdates "HTTP/1.1 200 OK"
2026-03-05 18:04:56,877 [INFO] HTTP Request: POST https://api.telegram.org/bot5800257941:AAHvixqllrdWAuavbQNpwgalzQrI9wkF5vs/getUpdates "HTTP/1.1 200 OK"
2026-03-05 18:05:06,975 [INFO] HTTP Request: POST https://api.telegram.org/bot5800257941:AAHvixqllrdWAuavbQNpwgalzQrI9wkF5vs/getUpdates "HTTP/1.1 200 OK"
2026-03-05 18:05:17,071 [INFO] HTTP Request: POST https://api.telegram.org/bot5800257941:AAHvixqllrdWAuavbQNpwgalzQrI9wkF5vs/getUpdates "HTTP/1.1 200 OK"
2026-03-05 18:05:27,168 [INFO] HTTP Request: POST https://api.telegram.org/bot5800257941:AAHvixqllrdWAuavbQNpwgalzQrI9wkF5vs/getUpdates "HTTP/1.1 200 OK"
2026-03-05 18:05:37,265 [INFO] HTTP Request: POST https://api.telegram.org/bot5800257941:AAHvixqllrdWAuavbQNpwgalzQrI9wkF5vs/getUpdates "HTTP/1.1 200 OK"
2026-03-05 18:05:47,361 [INFO] HTTP Request: POST https://api.telegram.org/bot5800257941:AAHvixqllrdWAuavbQNpwgalzQrI9wkF5vs/getUpdates "HTTP/1.1 200 OK"
2026-03-05 18:05:57,458 [INFO] HTTP Request: POST https://api.telegram.org/bot5800257941:AAHvixqllrdWAuavbQNpwgalzQrI9wkF5vs/getUpdates "HTTP/1.1 200 OK"
2026-03-05 18:06:07,556 [INFO] HTTP Request: POST https://api.telegram.org/bot5800257941:AAHvixqllrdWAuavbQNpwgalzQrI9wkF5vs/getUpdates "HTTP/1.1 200 OK"
2026-03-05 18:06:17,653 [INFO] HTTP Request: POST https://api.telegram.org/bot5800257941:AAHvixqllrdWAuavbQNpwgalzQrI9wkF5vs/getUpdates "HTTP/1.1 200 OK"
2026-03-05 18:06:27,750 [INFO] HTTP Request: POST https://api.telegram.org/bot5800257941:AAHvixqllrdWAuavbQNpwgalzQrI9wkF5vs/getUpdates "HTTP/1.1 200 OK"
2026-03-05 18:06:37,847 [INFO] HTTP Request: POST https://api.telegram.org/bot5800257941:AAHvixqllrdWAuavbQNpwgalzQrI9wkF5vs/getUpdates "HTTP/1.1 200 OK"
2026-03-05 18:06:47,945 [INFO] HTTP Request: POST https://api.telegram.org/bot5800257941:AAHvixqllrdWAuavbQNpwgalzQrI9wkF5vs/getUpdates "HTTP/1.1 200 OK"
2026-03-05 18:06:58,042 [INFO] HTTP Request: POST https://api.telegram.org/bot5800257941:AAHvixqllrdWAuavbQNpwgalzQrI9wkF5vs/getUpdates "HTTP/1.1 200 OK"
2026-03-05 18:07:08,138 [INFO] HTTP Request: POST https://api.telegram.org/bot5800257941:AAHvixqllrdWAuavbQNpwgalzQrI9wkF5vs/getUpdates "HTTP/1.1 200 OK"
2026-03-05 18:07:18,235 [INFO] HTTP Request: POST https://api.telegram.org/bot5800257941:AAHvixqllrdWAuavbQNpwgalzQrI9wkF5vs/getUpdates "HTTP/1.1 200 OK"
2026-03-05 18:07:28,331 [INFO] HTTP Request: POST https://api.telegram.org/bot5800257941:AAHvixqllrdWAuavbQNpwgalzQrI9wkF5vs/getUpdates "HTTP/1.1 200 OK"
2026-03-05 18:07:38,428 [INFO] HTTP Request: POST https://api.telegram.org/bot5800257941:AAHvixqllrdWAuavbQNpwgalzQrI9wkF5vs/getUpdates "HTTP/1.1 200 OK"
2026-03-05 18:07:48,525 [INFO] HTTP Request: POST https://api.telegram.org/bot5800257941:AAHvixqllrdWAuavbQNpwgalzQrI9wkF5vs/getUpdates "HTTP/1.1 200 OK"
2026-03-05 18:07:58,621 [INFO] HTTP Request: POST https://api.telegram.org/bot5800257941:AAHvixqllrdWAuavbQNpwgalzQrI9wkF5vs/getUpdates "HTTP/1.1 200 OK"
2026-03-05 18:08:08,718 [INFO] HTTP Request: POST https://api.telegram.org/bot5800257941:AAHvixqllrdWAuavbQNpwgalzQrI9wkF5vs/getUpdates "HTTP/1.1 200 OK"
2026-03-05 18:08:18,814 [INFO] HTTP Request: POST https://api.telegram.org/bot5800257941:AAHvixqllrdWAuavbQNpwgalzQrI9wkF5vs/getUpdates "HTTP/1.1 200 OK"
2026-03-05 18:08:28,911 [INFO] HTTP Request: POST https://api.telegram.org/bot5800257941:AAHvixqllrdWAuavbQNpwgalzQrI9wkF5vs/getUpdates "HTTP/1.1 200 OK"
2026-03-05 18:08:39,008 [INFO] HTTP Request: POST https://api.telegram.org/bot5800257941:AAHvixqllrdWAuavbQNpwgalzQrI9wkF5vs/getUpdates "HTTP/1.1 200 OK"
2026-03-05 18:08:49,104 [INFO] HTTP Request: POST https://api.telegram.org/bot5800257941:AAHvixqllrdWAuavbQNpwgalzQrI9wkF5vs/getUpdates "HTTP/1.1 200 OK"
2026-03-05 18:08:59,201 [INFO] HTTP Request: POST https://api.telegram.org/bot5800257941:AAHvixqllrdWAuavbQNpwgalzQrI9wkF5vs/getUpdates "HTTP/1.1 200 OK"
2026-03-05 18:09:09,298 [INFO] HTTP Request: POST https://api.telegram.org/bot5800257941:AAHvixqllrdWAuavbQNpwgalzQrI9wkF5vs/getUpdates "HTTP/1.1 200 OK"
2026-03-05 18:09:19,395 [INFO] HTTP Request: POST https://api.telegram.org/bot5800257941:AAHvixqllrdWAuavbQNpwgalzQrI9wkF5vs/getUpdates "HTTP/1.1 200 OK"
2026-03-05 18:09:29,491 [INFO] HTTP Request: POST https://api.telegram.org/bot5800257941:AAHvixqllrdWAuavbQNpwgalzQrI9wkF5vs/getUpdates "HTTP/1.1 200 OK"
2026-03-05 18:09:39,588 [INFO] HTTP Request: POST https://api.telegram.org/bot5800257941:AAHvixqllrdWAuavbQNpwgalzQrI9wkF5vs/getUpdates "HTTP/1.1 200 OK"
2026-03-05 18:09:49,684 [INFO] HTTP Request: POST https://api.telegram.org/bot5800257941:AAHvixqllrdWAuavbQNpwgalzQrI9wkF5vs/getUpdates "HTTP/1.1 200 OK"
2026-03-05 18:09:59,781 [INFO] HTTP Request: POST https://api.telegram.org/bot5800257941:AAHvixqllrdWAuavbQNpwgalzQrI9wkF5vs/getUpdates "HTTP/1.1 200 OK"
2026-03-05 18:10:09,877 [INFO] HTTP Request: POST https://api.telegram.org/bot5800257941:AAHvixqllrdWAuavbQNpwgalzQrI9wkF5vs/getUpdates "HTTP/1.1 200 OK"
2026-03-05 18:10:19,973 [INFO] HTTP Request: POST https://api.telegram.org/bot5800257941:AAHvixqllrdWAuavbQNpwgalzQrI9wkF5vs/getUpdates "HTTP/1.1 200 OK"
2026-03-05 18:10:30,070 [INFO] HTTP Request: POST https://api.telegram.org/bot5800257941:AAHvixqllrdWAuavbQNpwgalzQrI9wkF5vs/getUpdates "HTTP/1.1 200 OK"
2026-03-05 18:10:40,168 [INFO] HTTP Request: POST https://api.telegram.org/bot5800257941:AAHvixqllrdWAuavbQNpwgalzQrI9wkF5vs/getUpdates "HTTP/1.1 200 OK"
2026-03-05 18:10:50,264 [INFO] HTTP Request: POST https://api.telegram.org/bot5800257941:AAHvixqllrdWAuavbQNpwgalzQrI9wkF5vs/getUpdates "HTTP/1.1 200 OK"
2026-03-05 18:11:00,360 [INFO] HTTP Request: POST https://api.telegram.org/bot5800257941:AAHvixqllrdWAuavbQNpwgalzQrI9wkF5vs/getUpdates "HTTP/1.1 200 OK"
2026-03-05 18:11:10,457 [INFO] HTTP Request: POST https://api.telegram.org/bot5800257941:AAHvixqllrdWAuavbQNpwgalzQrI9wkF5vs/getUpdates "HTTP/1.1 200 OK"
2026-03-05 18:11:20,553 [INFO] HTTP Request: POST https://api.telegram.org/bot5800257941:AAHvixqllrdWAuavbQNpwgalzQrI9wkF5vs/getUpdates "HTTP/1.1 200 OK"
2026-03-05 18:11:30,650 [INFO] HTTP Request: POST https://api.telegram.org/bot5800257941:AAHvixqllrdWAuavbQNpwgalzQrI9wkF5vs/getUpdates "HTTP/1.1 200 OK"
2026-03-05 18:11:40,747 [INFO] HTTP Request: POST https://api.telegram.org/bot5800257941:AAHvixqllrdWAuavbQNpwgalzQrI9wkF5vs/getUpdates "HTTP/1.1 200 OK"
2026-03-05 18:11:50,845 [INFO] HTTP Request: POST https://api.telegram.org/bot5800257941:AAHvixqllrdWAuavbQNpwgalzQrI9wkF5vs/getUpdates "HTTP/1.1 200 OK"
2026-03-05 18:12:00,941 [INFO] HTTP Request: POST https://api.telegram.org/bot5800257941:AAHvixqllrdWAuavbQNpwgalzQrI9wkF5vs/getUpdates "HTTP/1.1 200 OK"
2026-03-05 18:12:11,038 [INFO] HTTP Request: POST https://api.telegram.org/bot5800257941:AAHvixqllrdWAuavbQNpwgalzQrI9wkF5vs/getUpdates "HTTP/1.1 200 OK"
2026-03-05 18:12:21,133 [INFO] HTTP Request: POST https://api.telegram.org/bot5800257941:AAHvixqllrdWAuavbQNpwgalzQrI9wkF5vs/getUpdates "HTTP/1.1 200 OK"
2026-03-05 18:12:31,231 [INFO] HTTP Request: POST https://api.telegram.org/bot5800257941:AAHvixqllrdWAuavbQNpwgalzQrI9wkF5vs/getUpdates "HTTP/1.1 200 OK"
2026-03-05 18:12:41,328 [INFO] HTTP Request: POST https://api.telegram.org/bot5800257941:AAHvixqllrdWAuavbQNpwgalzQrI9wkF5vs/getUpdates "HTTP/1.1 200 OK"
2026-03-05 18:12:51,425 [INFO] HTTP Request: POST https://api.telegram.org/bot5800257941:AAHvixqllrdWAuavbQNpwgalzQrI9wkF5vs/getUpdates "HTTP/1.1 200 OK"
2026-03-05 18:13:01,783 [INFO] HTTP Request: POST https://api.telegram.org/bot5800257941:AAHvixqllrdWAuavbQNpwgalzQrI9wkF5vs/getUpdates "HTTP/1.1 200 OK"
2026-03-05 18:13:11,885 [INFO] HTTP Request: POST https://api.telegram.org/bot5800257941:AAHvixqllrdWAuavbQNpwgalzQrI9wkF5vs/getUpdates "HTTP/1.1 200 OK"
2026-03-05 18:13:21,987 [INFO] HTTP Request: POST https://api.telegram.org/bot5800257941:AAHvixqllrdWAuavbQNpwgalzQrI9wkF5vs/getUpdates "HTTP/1.1 200 OK"
2026-03-05 18:13:32,085 [INFO] HTTP Request: POST https://api.telegram.org/bot5800257941:AAHvixqllrdWAuavbQNpwgalzQrI9wkF5vs/getUpdates "HTTP/1.1 200 OK"
2026-03-05 18:13:42,189 [INFO] HTTP Request: POST https://api.telegram.org/bot5800257941:AAHvixqllrdWAuavbQNpwgalzQrI9wkF5vs/getUpdates "HTTP/1.1 200 OK"
2026-03-05 18:13:52,293 [INFO] HTTP Request: POST https://api.telegram.org/bot5800257941:AAHvixqllrdWAuavbQNpwgalzQrI9wkF5vs/getUpdates "HTTP/1.1 200 OK"
2026-03-05 18:14:02,396 [INFO] HTTP Request: POST https://api.telegram.org/bot5800257941:AAHvixqllrdWAuavbQNpwgalzQrI9wkF5vs/getUpdates "HTTP/1.1 200 OK"
2026-03-05 18:14:12,492 [INFO] HTTP Request: POST https://api.telegram.org/bot5800257941:AAHvixqllrdWAuavbQNpwgalzQrI9wkF5vs/getUpdates "HTTP/1.1 200 OK"
2026-03-05 18:14:22,590 [INFO] HTTP Request: POST https://api.telegram.org/bot5800257941:AAHvixqllrdWAuavbQNpwgalzQrI9wkF5vs/getUpdates "HTTP/1.1 200 OK"
2026-03-05 18:14:32,694 [INFO] HTTP Request: POST https://api.telegram.org/bot5800257941:AAHvixqllrdWAuavbQNpwgalzQrI9wkF5vs/getUpdates "HTTP/1.1 200 OK"
2026-03-05 18:14:42,792 [INFO] HTTP Request: POST https://api.telegram.org/bot5800257941:AAHvixqllrdWAuavbQNpwgalzQrI9wkF5vs/getUpdates "HTTP/1.1 200 OK"
2026-03-05 18:14:52,889 [INFO] HTTP Request: POST https://api.telegram.org/bot5800257941:AAHvixqllrdWAuavbQNpwgalzQrI9wkF5vs/getUpdates "HTTP/1.1 200 OK"
2026-03-05 18:15:03,007 [INFO] HTTP Request: POST https://api.telegram.org/bot5800257941:AAHvixqllrdWAuavbQNpwgalzQrI9wkF5vs/getUpdates "HTTP/1.1 200 OK"
2026-03-05 18:15:13,114 [INFO] HTTP Request: POST https://api.telegram.org/bot5800257941:AAHvixqllrdWAuavbQNpwgalzQrI9wkF5vs/getUpdates "HTTP/1.1 200 OK"
2026-03-05 18:15:23,217 [INFO] HTTP Request: POST https://api.telegram.org/bot5800257941:AAHvixqllrdWAuavbQNpwgalzQrI9wkF5vs/getUpdates "HTTP/1.1 200 OK"
2026-03-05 18:15:33,319 [INFO] HTTP Request: POST https://api.telegram.org/bot5800257941:AAHvixqllrdWAuavbQNpwgalzQrI9wkF5vs/getUpdates "HTTP/1.1 200 OK"
2026-03-05 18:15:43,418 [INFO] HTTP Request: POST https://api.telegram.org/bot5800257941:AAHvixqllrdWAuavbQNpwgalzQrI9wkF5vs/getUpdates "HTTP/1.1 200 OK"
2026-03-05 18:15:53,517 [INFO] HTTP Request: POST https://api.telegram.org/bot5800257941:AAHvixqllrdWAuavbQNpwgalzQrI9wkF5vs/getUpdates "HTTP/1.1 200 OK"
2026-03-05 18:16:03,612 [INFO] HTTP Request: POST https://api.telegram.org/bot5800257941:AAHvixqllrdWAuavbQNpwgalzQrI9wkF5vs/getUpdates "HTTP/1.1 200 OK"
2026-03-05 18:16:13,718 [INFO] HTTP Request: POST https://api.telegram.org/bot5800257941:AAHvixqllrdWAuavbQNpwgalzQrI9wkF5vs/getUpdates "HTTP/1.1 200 OK"
2026-03-05 18:16:23,814 [INFO] HTTP Request: POST https://api.telegram.org/bot5800257941:AAHvixqllrdWAuavbQNpwgalzQrI9wkF5vs/getUpdates "HTTP/1.1 200 OK"
2026-03-05 18:16:33,918 [INFO] HTTP Request: POST https://api.telegram.org/bot5800257941:AAHvixqllrdWAuavbQNpwgalzQrI9wkF5vs/getUpdates "HTTP/1.1 200 OK"
2026-03-05 18:16:44,017 [INFO] HTTP Request: POST https://api.telegram.org/bot5800257941:AAHvixqllrdWAuavbQNpwgalzQrI9wkF5vs/getUpdates "HTTP/1.1 200 OK"
2026-03-05 18:16:54,120 [INFO] HTTP Request: POST https://api.telegram.org/bot5800257941:AAHvixqllrdWAuavbQNpwgalzQrI9wkF5vs/getUpdates "HTTP/1.1 200 OK"
2026-03-05 18:17:04,221 [INFO] HTTP Request: POST https://api.telegram.org/bot5800257941:AAHvixqllrdWAuavbQNpwgalzQrI9wkF5vs/getUpdates "HTTP/1.1 200 OK"
2026-03-05 18:17:14,319 [INFO] HTTP Request: POST https://api.telegram.org/bot5800257941:AAHvixqllrdWAuavbQNpwgalzQrI9wkF5vs/getUpdates "HTTP/1.1 200 OK"
2026-03-05 18:17:24,417 [INFO] HTTP Request: POST https://api.telegram.org/bot5800257941:AAHvixqllrdWAuavbQNpwgalzQrI9wkF5vs/getUpdates "HTTP/1.1 200 OK"
2026-03-05 18:17:34,525 [INFO] HTTP Request: POST https://api.telegram.org/bot5800257941:AAHvixqllrdWAuavbQNpwgalzQrI9wkF5vs/getUpdates "HTTP/1.1 200 OK"
2026-03-05 18:17:44,622 [INFO] HTTP Request: POST https://api.telegram.org/bot5800257941:AAHvixqllrdWAuavbQNpwgalzQrI9wkF5vs/getUpdates "HTTP/1.1 200 OK"
2026-03-05 18:17:54,720 [INFO] HTTP Request: POST https://api.telegram.org/bot5800257941:AAHvixqllrdWAuavbQNpwgalzQrI9wkF5vs/getUpdates "HTTP/1.1 200 OK"
2026-03-05 18:18:04,823 [INFO] HTTP Request: POST https://api.telegram.org/bot5800257941:AAHvixqllrdWAuavbQNpwgalzQrI9wkF5vs/getUpdates "HTTP/1.1 200 OK"
2026-03-05 18:18:14,921 [INFO] HTTP Request: POST https://api.telegram.org/bot5800257941:AAHvixqllrdWAuavbQNpwgalzQrI9wkF5vs/getUpdates "HTTP/1.1 200 OK"
2026-03-05 18:18:25,024 [INFO] HTTP Request: POST https://api.telegram.org/bot5800257941:AAHvixqllrdWAuavbQNpwgalzQrI9wkF5vs/getUpdates "HTTP/1.1 200 OK"
2026-03-05 18:18:35,122 [INFO] HTTP Request: POST https://api.telegram.org/bot5800257941:AAHvixqllrdWAuavbQNpwgalzQrI9wkF5vs/getUpdates "HTTP/1.1 200 OK"
2026-03-05 18:18:45,218 [INFO] HTTP Request: POST https://api.telegram.org/bot5800257941:AAHvixqllrdWAuavbQNpwgalzQrI9wkF5vs/getUpdates "HTTP/1.1 200 OK"
2026-03-05 18:18:55,320 [INFO] HTTP Request: POST https://api.telegram.org/bot5800257941:AAHvixqllrdWAuavbQNpwgalzQrI9wkF5vs/getUpdates "HTTP/1.1 200 OK"
2026-03-05 18:19:05,418 [INFO] HTTP Request: POST https://api.telegram.org/bot5800257941:AAHvixqllrdWAuavbQNpwgalzQrI9wkF5vs/getUpdates "HTTP/1.1 200 OK"
2026-03-05 18:19:15,519 [INFO] HTTP Request: POST https://api.telegram.org/bot5800257941:AAHvixqllrdWAuavbQNpwgalzQrI9wkF5vs/getUpdates "HTTP/1.1 200 OK"
2026-03-05 18:19:25,624 [INFO] HTTP Request: POST https://api.telegram.org/bot5800257941:AAHvixqllrdWAuavbQNpwgalzQrI9wkF5vs/getUpdates "HTTP/1.1 200 OK"
2026-03-05 18:19:35,731 [INFO] HTTP Request: POST https://api.telegram.org/bot5800257941:AAHvixqllrdWAuavbQNpwgalzQrI9wkF5vs/getUpdates "HTTP/1.1 200 OK"
2026-03-05 18:19:45,827 [INFO] HTTP Request: POST https://api.telegram.org/bot5800257941:AAHvixqllrdWAuavbQNpwgalzQrI9wkF5vs/getUpdates "HTTP/1.1 200 OK"
2026-03-05 18:19:55,932 [INFO] HTTP Request: POST https://api.telegram.org/bot5800257941:AAHvixqllrdWAuavbQNpwgalzQrI9wkF5vs/getUpdates "HTTP/1.1 200 OK"
2026-03-05 18:20:06,032 [INFO] HTTP Request: POST https://api.telegram.org/bot5800257941:AAHvixqllrdWAuavbQNpwgalzQrI9wkF5vs/getUpdates "HTTP/1.1 200 OK"
2026-03-05 18:20:16,132 [INFO] HTTP Request: POST https://api.telegram.org/bot5800257941:AAHvixqllrdWAuavbQNpwgalzQrI9wkF5vs/getUpdates "HTTP/1.1 200 OK"
2026-03-05 18:20:26,232 [INFO] HTTP Request: POST https://api.telegram.org/bot5800257941:AAHvixqllrdWAuavbQNpwgalzQrI9wkF5vs/getUpdates "HTTP/1.1 200 OK"
2026-03-05 18:20:36,333 [INFO] HTTP Request: POST https://api.telegram.org/bot5800257941:AAHvixqllrdWAuavbQNpwgalzQrI9wkF5vs/getUpdates "HTTP/1.1 200 OK"
2026-03-05 18:20:46,433 [INFO] HTTP Request: POST https://api.telegram.org/bot5800257941:AAHvixqllrdWAuavbQNpwgalzQrI9wkF5vs/getUpdates "HTTP/1.1 200 OK"
2026-03-05 18:20:56,530 [INFO] HTTP Request: POST https://api.telegram.org/bot5800257941:AAHvixqllrdWAuavbQNpwgalzQrI9wkF5vs/getUpdates "HTTP/1.1 200 OK"
2026-03-05 18:21:06,632 [INFO] HTTP Request: POST https://api.telegram.org/bot5800257941:AAHvixqllrdWAuavbQNpwgalzQrI9wkF5vs/getUpdates "HTTP/1.1 200 OK"
2026-03-05 18:21:16,737 [INFO] HTTP Request: POST https://api.telegram.org/bot5800257941:AAHvixqllrdWAuavbQNpwgalzQrI9wkF5vs/getUpdates "HTTP/1.1 200 OK"
2026-03-05 18:21:26,833 [INFO] HTTP Request: POST https://api.telegram.org/bot5800257941:AAHvixqllrdWAuavbQNpwgalzQrI9wkF5vs/getUpdates "HTTP/1.1 200 OK"
2026-03-05 18:21:36,938 [INFO] HTTP Request: POST https://api.telegram.org/bot5800257941:AAHvixqllrdWAuavbQNpwgalzQrI9wkF5vs/getUpdates "HTTP/1.1 200 OK"
2026-03-05 18:21:47,041 [INFO] HTTP Request: POST https://api.telegram.org/bot5800257941:AAHvixqllrdWAuavbQNpwgalzQrI9wkF5vs/getUpdates "HTTP/1.1 200 OK"
2026-03-05 18:21:57,140 [INFO] HTTP Request: POST https://api.telegram.org/bot5800257941:AAHvixqllrdWAuavbQNpwgalzQrI9wkF5vs/getUpdates "HTTP/1.1 200 OK"
2026-03-05 18:22:07,240 [INFO] HTTP Request: POST https://api.telegram.org/bot5800257941:AAHvixqllrdWAuavbQNpwgalzQrI9wkF5vs/getUpdates "HTTP/1.1 200 OK"
2026-03-05 18:22:17,341 [INFO] HTTP Request: POST https://api.telegram.org/bot5800257941:AAHvixqllrdWAuavbQNpwgalzQrI9wkF5vs/getUpdates "HTTP/1.1 200 OK"
2026-03-05 18:22:27,439 [INFO] HTTP Request: POST https://api.telegram.org/bot5800257941:AAHvixqllrdWAuavbQNpwgalzQrI9wkF5vs/getUpdates "HTTP/1.1 200 OK"
2026-03-05 18:22:37,550 [INFO] HTTP Request: POST https://api.telegram.org/bot5800257941:AAHvixqllrdWAuavbQNpwgalzQrI9wkF5vs/getUpdates "HTTP/1.1 200 OK"
2026-03-05 18:22:47,652 [INFO] HTTP Request: POST https://api.telegram.org/bot5800257941:AAHvixqllrdWAuavbQNpwgalzQrI9wkF5vs/getUpdates "HTTP/1.1 200 OK"
2026-03-05 18:22:57,751 [INFO] HTTP Request: POST https://api.telegram.org/bot5800257941:AAHvixqllrdWAuavbQNpwgalzQrI9wkF5vs/getUpdates "HTTP/1.1 200 OK"
2026-03-05 18:23:07,858 [INFO] HTTP Request: POST https://api.telegram.org/bot5800257941:AAHvixqllrdWAuavbQNpwgalzQrI9wkF5vs/getUpdates "HTTP/1.1 200 OK"
2026-03-05 18:23:17,953 [INFO] HTTP Request: POST https://api.telegram.org/bot5800257941:AAHvixqllrdWAuavbQNpwgalzQrI9wkF5vs/getUpdates "HTTP/1.1 200 OK"
2026-03-05 18:23:28,050 [INFO] HTTP Request: POST https://api.telegram.org/bot5800257941:AAHvixqllrdWAuavbQNpwgalzQrI9wkF5vs/getUpdates "HTTP/1.1 200 OK"
2026-03-05 18:23:38,149 [INFO] HTTP Request: POST https://api.telegram.org/bot5800257941:AAHvixqllrdWAuavbQNpwgalzQrI9wkF5vs/getUpdates "HTTP/1.1 200 OK"
2026-03-05 18:23:48,257 [INFO] HTTP Request: POST https://api.telegram.org/bot5800257941:AAHvixqllrdWAuavbQNpwgalzQrI9wkF5vs/getUpdates "HTTP/1.1 200 OK"
2026-03-05 18:23:58,357 [INFO] HTTP Request: POST https://api.telegram.org/bot5800257941:AAHvixqllrdWAuavbQNpwgalzQrI9wkF5vs/getUpdates "HTTP/1.1 200 OK"
2026-03-05 18:24:08,455 [INFO] HTTP Request: POST https://api.telegram.org/bot5800257941:AAHvixqllrdWAuavbQNpwgalzQrI9wkF5vs/getUpdates "HTTP/1.1 200 OK"
2026-03-05 18:24:18,552 [INFO] HTTP Request: POST https://api.telegram.org/bot5800257941:AAHvixqllrdWAuavbQNpwgalzQrI9wkF5vs/getUpdates "HTTP/1.1 200 OK"
2026-03-05 18:24:28,648 [INFO] HTTP Request: POST https://api.telegram.org/bot5800257941:AAHvixqllrdWAuavbQNpwgalzQrI9wkF5vs/getUpdates "HTTP/1.1 200 OK"
2026-03-05 18:24:38,747 [INFO] HTTP Request: POST https://api.telegram.org/bot5800257941:AAHvixqllrdWAuavbQNpwgalzQrI9wkF5vs/getUpdates "HTTP/1.1 200 OK"
2026-03-05 18:24:48,851 [INFO] HTTP Request: POST https://api.telegram.org/bot5800257941:AAHvixqllrdWAuavbQNpwgalzQrI9wkF5vs/getUpdates "HTTP/1.1 200 OK"
2026-03-05 18:24:58,949 [INFO] HTTP Request: POST https://api.telegram.org/bot5800257941:AAHvixqllrdWAuavbQNpwgalzQrI9wkF5vs/getUpdates "HTTP/1.1 200 OK"
2026-03-05 18:25:09,053 [INFO] HTTP Request: POST https://api.telegram.org/bot5800257941:AAHvixqllrdWAuavbQNpwgalzQrI9wkF5vs/getUpdates "HTTP/1.1 200 OK"
2026-03-05 18:25:19,159 [INFO] HTTP Request: POST https://api.telegram.org/bot5800257941:AAHvixqllrdWAuavbQNpwgalzQrI9wkF5vs/getUpdates "HTTP/1.1 200 OK"
2026-03-05 18:25:29,262 [INFO] HTTP Request: POST https://api.telegram.org/bot5800257941:AAHvixqllrdWAuavbQNpwgalzQrI9wkF5vs/getUpdates "HTTP/1.1 200 OK"
2026-03-05 18:25:39,363 [INFO] HTTP Request: POST https://api.telegram.org/bot5800257941:AAHvixqllrdWAuavbQNpwgalzQrI9wkF5vs/getUpdates "HTTP/1.1 200 OK"
2026-03-05 18:25:49,460 [INFO] HTTP Request: POST https://api.telegram.org/bot5800257941:AAHvixqllrdWAuavbQNpwgalzQrI9wkF5vs/getUpdates "HTTP/1.1 200 OK"
2026-03-05 18:25:59,557 [INFO] HTTP Request: POST https://api.telegram.org/bot5800257941:AAHvixqllrdWAuavbQNpwgalzQrI9wkF5vs/getUpdates "HTTP/1.1 200 OK"
2026-03-05 18:26:09,670 [INFO] HTTP Request: POST https://api.telegram.org/bot5800257941:AAHvixqllrdWAuavbQNpwgalzQrI9wkF5vs/getUpdates "HTTP/1.1 200 OK"
2026-03-05 18:26:19,773 [INFO] HTTP Request: POST https://api.telegram.org/bot5800257941:AAHvixqllrdWAuavbQNpwgalzQrI9wkF5vs/getUpdates "HTTP/1.1 200 OK"
2026-03-05 18:26:29,878 [INFO] HTTP Request: POST https://api.telegram.org/bot5800257941:AAHvixqllrdWAuavbQNpwgalzQrI9wkF5vs/getUpdates "HTTP/1.1 200 OK"
2026-03-05 18:26:39,977 [INFO] HTTP Request: POST https://api.telegram.org/bot5800257941:AAHvixqllrdWAuavbQNpwgalzQrI9wkF5vs/getUpdates "HTTP/1.1 200 OK"
2026-03-05 18:26:50,073 [INFO] HTTP Request: POST https://api.telegram.org/bot5800257941:AAHvixqllrdWAuavbQNpwgalzQrI9wkF5vs/getUpdates "HTTP/1.1 200 OK"
2026-03-05 18:27:00,171 [INFO] HTTP Request: POST https://api.telegram.org/bot5800257941:AAHvixqllrdWAuavbQNpwgalzQrI9wkF5vs/getUpdates "HTTP/1.1 200 OK"
2026-03-05 18:27:10,269 [INFO] HTTP Request: POST https://api.telegram.org/bot5800257941:AAHvixqllrdWAuavbQNpwgalzQrI9wkF5vs/getUpdates "HTTP/1.1 200 OK"
2026-03-05 18:27:20,367 [INFO] HTTP Request: POST https://api.telegram.org/bot5800257941:AAHvixqllrdWAuavbQNpwgalzQrI9wkF5vs/getUpdates "HTTP/1.1 200 OK"
2026-03-05 18:27:30,465 [INFO] HTTP Request: POST https://api.telegram.org/bot5800257941:AAHvixqllrdWAuavbQNpwgalzQrI9wkF5vs/getUpdates "HTTP/1.1 200 OK"
2026-03-05 18:27:40,569 [INFO] HTTP Request: POST https://api.telegram.org/bot5800257941:AAHvixqllrdWAuavbQNpwgalzQrI9wkF5vs/getUpdates "HTTP/1.1 200 OK"
2026-03-05 18:27:50,675 [INFO] HTTP Request: POST https://api.telegram.org/bot5800257941:AAHvixqllrdWAuavbQNpwgalzQrI9wkF5vs/getUpdates "HTTP/1.1 200 OK"
2026-03-05 18:28:00,779 [INFO] HTTP Request: POST https://api.telegram.org/bot5800257941:AAHvixqllrdWAuavbQNpwgalzQrI9wkF5vs/getUpdates "HTTP/1.1 200 OK"
2026-03-05 18:28:10,879 [INFO] HTTP Request: POST https://api.telegram.org/bot5800257941:AAHvixqllrdWAuavbQNpwgalzQrI9wkF5vs/getUpdates "HTTP/1.1 200 OK"
2026-03-05 18:28:20,977 [INFO] HTTP Request: POST https://api.telegram.org/bot5800257941:AAHvixqllrdWAuavbQNpwgalzQrI9wkF5vs/getUpdates "HTTP/1.1 200 OK"
2026-03-05 18:28:31,076 [INFO] HTTP Request: POST https://api.telegram.org/bot5800257941:AAHvixqllrdWAuavbQNpwgalzQrI9wkF5vs/getUpdates "HTTP/1.1 200 OK"
2026-03-05 18:28:41,195 [INFO] HTTP Request: POST https://api.telegram.org/bot5800257941:AAHvixqllrdWAuavbQNpwgalzQrI9wkF5vs/getUpdates "HTTP/1.1 200 OK"
2026-03-05 18:28:51,295 [INFO] HTTP Request: POST https://api.telegram.org/bot5800257941:AAHvixqllrdWAuavbQNpwgalzQrI9wkF5vs/getUpdates "HTTP/1.1 200 OK"
2026-03-05 18:29:01,392 [INFO] HTTP Request: POST https://api.telegram.org/bot5800257941:AAHvixqllrdWAuavbQNpwgalzQrI9wkF5vs/getUpdates "HTTP/1.1 200 OK"
2026-03-05 18:29:11,495 [INFO] HTTP Request: POST https://api.telegram.org/bot5800257941:AAHvixqllrdWAuavbQNpwgalzQrI9wkF5vs/getUpdates "HTTP/1.1 200 OK"
2026-03-05 18:29:21,592 [INFO] HTTP Request: POST https://api.telegram.org/bot5800257941:AAHvixqllrdWAuavbQNpwgalzQrI9wkF5vs/getUpdates "HTTP/1.1 200 OK"
2026-03-05 18:29:31,695 [INFO] HTTP Request: POST https://api.telegram.org/bot5800257941:AAHvixqllrdWAuavbQNpwgalzQrI9wkF5vs/getUpdates "HTTP/1.1 200 OK"
2026-03-05 18:29:41,790 [INFO] HTTP Request: POST https://api.telegram.org/bot5800257941:AAHvixqllrdWAuavbQNpwgalzQrI9wkF5vs/getUpdates "HTTP/1.1 200 OK"
2026-03-05 18:29:52,152 [INFO] HTTP Request: POST https://api.telegram.org/bot5800257941:AAHvixqllrdWAuavbQNpwgalzQrI9wkF5vs/getUpdates "HTTP/1.1 200 OK"
2026-03-05 18:30:02,253 [INFO] HTTP Request: POST https://api.telegram.org/bot5800257941:AAHvixqllrdWAuavbQNpwgalzQrI9wkF5vs/getUpdates "HTTP/1.1 200 OK"
2026-03-05 18:30:12,352 [INFO] HTTP Request: POST https://api.telegram.org/bot5800257941:AAHvixqllrdWAuavbQNpwgalzQrI9wkF5vs/getUpdates "HTTP/1.1 200 OK"
2026-03-05 18:30:22,449 [INFO] HTTP Request: POST https://api.telegram.org/bot5800257941:AAHvixqllrdWAuavbQNpwgalzQrI9wkF5vs/getUpdates "HTTP/1.1 200 OK"
2026-03-05 18:30:32,549 [INFO] HTTP Request: POST https://api.telegram.org/bot5800257941:AAHvixqllrdWAuavbQNpwgalzQrI9wkF5vs/getUpdates "HTTP/1.1 200 OK"
2026-03-05 18:30:42,652 [INFO] HTTP Request: POST https://api.telegram.org/bot5800257941:AAHvixqllrdWAuavbQNpwgalzQrI9wkF5vs/getUpdates "HTTP/1.1 200 OK"
2026-03-05 18:30:52,749 [INFO] HTTP Request: POST https://api.telegram.org/bot5800257941:AAHvixqllrdWAuavbQNpwgalzQrI9wkF5vs/getUpdates "HTTP/1.1 200 OK"
2026-03-05 18:31:02,853 [INFO] HTTP Request: POST https://api.telegram.org/bot5800257941:AAHvixqllrdWAuavbQNpwgalzQrI9wkF5vs/getUpdates "HTTP/1.1 200 OK"
2026-03-05 18:31:12,954 [INFO] HTTP Request: POST https://api.telegram.org/bot5800257941:AAHvixqllrdWAuavbQNpwgalzQrI9wkF5vs/getUpdates "HTTP/1.1 200 OK"
2026-03-05 18:31:23,056 [INFO] HTTP Request: POST https://api.telegram.org/bot5800257941:AAHvixqllrdWAuavbQNpwgalzQrI9wkF5vs/getUpdates "HTTP/1.1 200 OK"
2026-03-05 18:31:33,154 [INFO] HTTP Request: POST https://api.telegram.org/bot5800257941:AAHvixqllrdWAuavbQNpwgalzQrI9wkF5vs/getUpdates "HTTP/1.1 200 OK"
2026-03-05 18:31:43,262 [INFO] HTTP Request: POST https://api.telegram.org/bot5800257941:AAHvixqllrdWAuavbQNpwgalzQrI9wkF5vs/getUpdates "HTTP/1.1 200 OK"
2026-03-05 18:31:53,360 [INFO] HTTP Request: POST https://api.telegram.org/bot5800257941:AAHvixqllrdWAuavbQNpwgalzQrI9wkF5vs/getUpdates "HTTP/1.1 200 OK"
2026-03-05 18:32:03,469 [INFO] HTTP Request: POST https://api.telegram.org/bot5800257941:AAHvixqllrdWAuavbQNpwgalzQrI9wkF5vs/getUpdates "HTTP/1.1 200 OK"
2026-03-05 18:32:13,588 [INFO] HTTP Request: POST https://api.telegram.org/bot5800257941:AAHvixqllrdWAuavbQNpwgalzQrI9wkF5vs/getUpdates "HTTP/1.1 200 OK"
2026-03-05 18:32:23,685 [INFO] HTTP Request: POST https://api.telegram.org/bot5800257941:AAHvixqllrdWAuavbQNpwgalzQrI9wkF5vs/getUpdates "HTTP/1.1 200 OK"
2026-03-05 18:32:33,783 [INFO] HTTP Request: POST https://api.telegram.org/bot5800257941:AAHvixqllrdWAuavbQNpwgalzQrI9wkF5vs/getUpdates "HTTP/1.1 200 OK"
2026-03-05 18:32:43,883 [INFO] HTTP Request: POST https://api.telegram.org/bot5800257941:AAHvixqllrdWAuavbQNpwgalzQrI9wkF5vs/getUpdates "HTTP/1.1 200 OK"
2026-03-05 18:32:53,982 [INFO] HTTP Request: POST https://api.telegram.org/bot5800257941:AAHvixqllrdWAuavbQNpwgalzQrI9wkF5vs/getUpdates "HTTP/1.1 200 OK"
2026-03-05 18:33:04,084 [INFO] HTTP Request: POST https://api.telegram.org/bot5800257941:AAHvixqllrdWAuavbQNpwgalzQrI9wkF5vs/getUpdates "HTTP/1.1 200 OK"
2026-03-05 18:33:14,182 [INFO] HTTP Request: POST https://api.telegram.org/bot5800257941:AAHvixqllrdWAuavbQNpwgalzQrI9wkF5vs/getUpdates "HTTP/1.1 200 OK"
2026-03-05 18:33:24,285 [INFO] HTTP Request: POST https://api.telegram.org/bot5800257941:AAHvixqllrdWAuavbQNpwgalzQrI9wkF5vs/getUpdates "HTTP/1.1 200 OK"
2026-03-05 18:33:34,390 [INFO] HTTP Request: POST https://api.telegram.org/bot5800257941:AAHvixqllrdWAuavbQNpwgalzQrI9wkF5vs/getUpdates "HTTP/1.1 200 OK"
2026-03-05 18:33:44,490 [INFO] HTTP Request: POST https://api.telegram.org/bot5800257941:AAHvixqllrdWAuavbQNpwgalzQrI9wkF5vs/getUpdates "HTTP/1.1 200 OK"
2026-03-05 18:33:54,592 [INFO] HTTP Request: POST https://api.telegram.org/bot5800257941:AAHvixqllrdWAuavbQNpwgalzQrI9wkF5vs/getUpdates "HTTP/1.1 200 OK"
2026-03-05 18:34:04,699 [INFO] HTTP Request: POST https://api.telegram.org/bot5800257941:AAHvixqllrdWAuavbQNpwgalzQrI9wkF5vs/getUpdates "HTTP/1.1 200 OK"
2026-03-05 18:34:14,801 [INFO] HTTP Request: POST https://api.telegram.org/bot5800257941:AAHvixqllrdWAuavbQNpwgalzQrI9wkF5vs/getUpdates "HTTP/1.1 200 OK"
2026-03-05 18:34:24,905 [INFO] HTTP Request: POST https://api.telegram.org/bot5800257941:AAHvixqllrdWAuavbQNpwgalzQrI9wkF5vs/getUpdates "HTTP/1.1 200 OK"
2026-03-05 18:34:35,003 [INFO] HTTP Request: POST https://api.telegram.org/bot5800257941:AAHvixqllrdWAuavbQNpwgalzQrI9wkF5vs/getUpdates "HTTP/1.1 200 OK"
2026-03-05 18:34:45,104 [INFO] HTTP Request: POST https://api.telegram.org/bot5800257941:AAHvixqllrdWAuavbQNpwgalzQrI9wkF5vs/getUpdates "HTTP/1.1 200 OK"
2026-03-05 18:34:55,212 [INFO] HTTP Request: POST https://api.telegram.org/bot5800257941:AAHvixqllrdWAuavbQNpwgalzQrI9wkF5vs/getUpdates "HTTP/1.1 200 OK"
2026-03-05 18:35:05,309 [INFO] HTTP Request: POST https://api.telegram.org/bot5800257941:AAHvixqllrdWAuavbQNpwgalzQrI9wkF5vs/getUpdates "HTTP/1.1 200 OK"
2026-03-05 18:35:15,407 [INFO] HTTP Request: POST https://api.telegram.org/bot5800257941:AAHvixqllrdWAuavbQNpwgalzQrI9wkF5vs/getUpdates "HTTP/1.1 200 OK"
2026-03-05 18:35:25,505 [INFO] HTTP Request: POST https://api.telegram.org/bot5800257941:AAHvixqllrdWAuavbQNpwgalzQrI9wkF5vs/getUpdates "HTTP/1.1 200 OK"
2026-03-05 18:35:35,604 [INFO] HTTP Request: POST https://api.telegram.org/bot5800257941:AAHvixqllrdWAuavbQNpwgalzQrI9wkF5vs/getUpdates "HTTP/1.1 200 OK"
2026-03-05 18:35:45,707 [INFO] HTTP Request: POST https://api.telegram.org/bot5800257941:AAHvixqllrdWAuavbQNpwgalzQrI9wkF5vs/getUpdates "HTTP/1.1 200 OK"
2026-03-05 18:35:55,807 [INFO] HTTP Request: POST https://api.telegram.org/bot5800257941:AAHvixqllrdWAuavbQNpwgalzQrI9wkF5vs/getUpdates "HTTP/1.1 200 OK"
2026-03-05 18:36:05,905 [INFO] HTTP Request: POST https://api.telegram.org/bot5800257941:AAHvixqllrdWAuavbQNpwgalzQrI9wkF5vs/getUpdates "HTTP/1.1 200 OK"
2026-03-05 18:36:16,005 [INFO] HTTP Request: POST https://api.telegram.org/bot5800257941:AAHvixqllrdWAuavbQNpwgalzQrI9wkF5vs/getUpdates "HTTP/1.1 200 OK"
2026-03-05 18:36:26,103 [INFO] HTTP Request: POST https://api.telegram.org/bot5800257941:AAHvixqllrdWAuavbQNpwgalzQrI9wkF5vs/getUpdates "HTTP/1.1 200 OK"
2026-03-05 18:36:36,203 [INFO] HTTP Request: POST https://api.telegram.org/bot5800257941:AAHvixqllrdWAuavbQNpwgalzQrI9wkF5vs/getUpdates "HTTP/1.1 200 OK"
2026-03-05 18:36:46,303 [INFO] HTTP Request: POST https://api.telegram.org/bot5800257941:AAHvixqllrdWAuavbQNpwgalzQrI9wkF5vs/getUpdates "HTTP/1.1 200 OK"
2026-03-05 18:36:56,402 [INFO] HTTP Request: POST https://api.telegram.org/bot5800257941:AAHvixqllrdWAuavbQNpwgalzQrI9wkF5vs/getUpdates "HTTP/1.1 200 OK"
2026-03-05 18:37:06,500 [INFO] HTTP Request: POST https://api.telegram.org/bot5800257941:AAHvixqllrdWAuavbQNpwgalzQrI9wkF5vs/getUpdates "HTTP/1.1 200 OK"
2026-03-05 18:37:16,601 [INFO] HTTP Request: POST https://api.telegram.org/bot5800257941:AAHvixqllrdWAuavbQNpwgalzQrI9wkF5vs/getUpdates "HTTP/1.1 200 OK"
2026-03-05 18:37:26,698 [INFO] HTTP Request: POST https://api.telegram.org/bot5800257941:AAHvixqllrdWAuavbQNpwgalzQrI9wkF5vs/getUpdates "HTTP/1.1 200 OK"
2026-03-05 18:37:36,797 [INFO] HTTP Request: POST https://api.telegram.org/bot5800257941:AAHvixqllrdWAuavbQNpwgalzQrI9wkF5vs/getUpdates "HTTP/1.1 200 OK"
2026-03-05 18:37:46,895 [INFO] HTTP Request: POST https://api.telegram.org/bot5800257941:AAHvixqllrdWAuavbQNpwgalzQrI9wkF5vs/getUpdates "HTTP/1.1 200 OK"
2026-03-05 18:37:56,995 [INFO] HTTP Request: POST https://api.telegram.org/bot5800257941:AAHvixqllrdWAuavbQNpwgalzQrI9wkF5vs/getUpdates "HTTP/1.1 200 OK"
2026-03-05 18:38:07,094 [INFO] HTTP Request: POST https://api.telegram.org/bot5800257941:AAHvixqllrdWAuavbQNpwgalzQrI9wkF5vs/getUpdates "HTTP/1.1 200 OK"
2026-03-05 18:38:17,191 [INFO] HTTP Request: POST https://api.telegram.org/bot5800257941:AAHvixqllrdWAuavbQNpwgalzQrI9wkF5vs/getUpdates "HTTP/1.1 200 OK"
2026-03-05 18:38:27,291 [INFO] HTTP Request: POST https://api.telegram.org/bot5800257941:AAHvixqllrdWAuavbQNpwgalzQrI9wkF5vs/getUpdates "HTTP/1.1 200 OK"
2026-03-05 18:38:37,389 [INFO] HTTP Request: POST https://api.telegram.org/bot5800257941:AAHvixqllrdWAuavbQNpwgalzQrI9wkF5vs/getUpdates "HTTP/1.1 200 OK"
2026-03-05 18:38:47,489 [INFO] HTTP Request: POST https://api.telegram.org/bot5800257941:AAHvixqllrdWAuavbQNpwgalzQrI9wkF5vs/getUpdates "HTTP/1.1 200 OK"
2026-03-05 18:38:57,587 [INFO] HTTP Request: POST https://api.telegram.org/bot5800257941:AAHvixqllrdWAuavbQNpwgalzQrI9wkF5vs/getUpdates "HTTP/1.1 200 OK"
2026-03-05 18:39:07,700 [INFO] HTTP Request: POST https://api.telegram.org/bot5800257941:AAHvixqllrdWAuavbQNpwgalzQrI9wkF5vs/getUpdates "HTTP/1.1 200 OK"
2026-03-05 18:39:17,800 [INFO] HTTP Request: POST https://api.telegram.org/bot5800257941:AAHvixqllrdWAuavbQNpwgalzQrI9wkF5vs/getUpdates "HTTP/1.1 200 OK"
2026-03-05 18:39:27,896 [INFO] HTTP Request: POST https://api.telegram.org/bot5800257941:AAHvixqllrdWAuavbQNpwgalzQrI9wkF5vs/getUpdates "HTTP/1.1 200 OK"
2026-03-05 18:39:37,997 [INFO] HTTP Request: POST https://api.telegram.org/bot5800257941:AAHvixqllrdWAuavbQNpwgalzQrI9wkF5vs/getUpdates "HTTP/1.1 200 OK"
2026-03-05 18:39:48,094 [INFO] HTTP Request: POST https://api.telegram.org/bot5800257941:AAHvixqllrdWAuavbQNpwgalzQrI9wkF5vs/getUpdates "HTTP/1.1 200 OK"
2026-03-05 18:39:58,195 [INFO] HTTP Request: POST https://api.telegram.org/bot5800257941:AAHvixqllrdWAuavbQNpwgalzQrI9wkF5vs/getUpdates "HTTP/1.1 200 OK"
2026-03-05 18:40:08,296 [INFO] HTTP Request: POST https://api.telegram.org/bot5800257941:AAHvixqllrdWAuavbQNpwgalzQrI9wkF5vs/getUpdates "HTTP/1.1 200 OK"
2026-03-05 18:40:18,392 [INFO] HTTP Request: POST https://api.telegram.org/bot5800257941:AAHvixqllrdWAuavbQNpwgalzQrI9wkF5vs/getUpdates "HTTP/1.1 200 OK"
2026-03-05 18:40:28,494 [INFO] HTTP Request: POST https://api.telegram.org/bot5800257941:AAHvixqllrdWAuavbQNpwgalzQrI9wkF5vs/getUpdates "HTTP/1.1 200 OK"
2026-03-05 18:40:38,604 [INFO] HTTP Request: POST https://api.telegram.org/bot5800257941:AAHvixqllrdWAuavbQNpwgalzQrI9wkF5vs/getUpdates "HTTP/1.1 200 OK"
2026-03-05 18:40:48,706 [INFO] HTTP Request: POST https://api.telegram.org/bot5800257941:AAHvixqllrdWAuavbQNpwgalzQrI9wkF5vs/getUpdates "HTTP/1.1 200 OK"
2026-03-05 18:40:58,803 [INFO] HTTP Request: POST https://api.telegram.org/bot5800257941:AAHvixqllrdWAuavbQNpwgalzQrI9wkF5vs/getUpdates "HTTP/1.1 200 OK"
2026-03-05 18:41:08,905 [INFO] HTTP Request: POST https://api.telegram.org/bot5800257941:AAHvixqllrdWAuavbQNpwgalzQrI9wkF5vs/getUpdates "HTTP/1.1 200 OK"
2026-03-05 18:41:19,009 [INFO] HTTP Request: POST https://api.telegram.org/bot5800257941:AAHvixqllrdWAuavbQNpwgalzQrI9wkF5vs/getUpdates "HTTP/1.1 200 OK"
2026-03-05 18:41:29,107 [INFO] HTTP Request: POST https://api.telegram.org/bot5800257941:AAHvixqllrdWAuavbQNpwgalzQrI9wkF5vs/getUpdates "HTTP/1.1 200 OK"
2026-03-05 18:41:39,205 [INFO] HTTP Request: POST https://api.telegram.org/bot5800257941:AAHvixqllrdWAuavbQNpwgalzQrI9wkF5vs/getUpdates "HTTP/1.1 200 OK"
2026-03-05 18:41:49,304 [INFO] HTTP Request: POST https://api.telegram.org/bot5800257941:AAHvixqllrdWAuavbQNpwgalzQrI9wkF5vs/getUpdates "HTTP/1.1 200 OK"
2026-03-05 18:41:59,446 [INFO] HTTP Request: POST https://api.telegram.org/bot5800257941:AAHvixqllrdWAuavbQNpwgalzQrI9wkF5vs/getUpdates "HTTP/1.1 200 OK"
2026-03-05 18:42:09,546 [INFO] HTTP Request: POST https://api.telegram.org/bot5800257941:AAHvixqllrdWAuavbQNpwgalzQrI9wkF5vs/getUpdates "HTTP/1.1 200 OK"
2026-03-05 18:42:19,647 [INFO] HTTP Request: POST https://api.telegram.org/bot5800257941:AAHvixqllrdWAuavbQNpwgalzQrI9wkF5vs/getUpdates "HTTP/1.1 200 OK"
2026-03-05 18:42:29,746 [INFO] HTTP Request: POST https://api.telegram.org/bot5800257941:AAHvixqllrdWAuavbQNpwgalzQrI9wkF5vs/getUpdates "HTTP/1.1 200 OK"
2026-03-05 18:42:39,847 [INFO] HTTP Request: POST https://api.telegram.org/bot5800257941:AAHvixqllrdWAuavbQNpwgalzQrI9wkF5vs/getUpdates "HTTP/1.1 200 OK"
2026-03-05 18:42:49,949 [INFO] HTTP Request: POST https://api.telegram.org/bot5800257941:AAHvixqllrdWAuavbQNpwgalzQrI9wkF5vs/getUpdates "HTTP/1.1 200 OK"
2026-03-05 18:43:00,047 [INFO] HTTP Request: POST https://api.telegram.org/bot5800257941:AAHvixqllrdWAuavbQNpwgalzQrI9wkF5vs/getUpdates "HTTP/1.1 200 OK"
2026-03-05 18:43:10,145 [INFO] HTTP Request: POST https://api.telegram.org/bot5800257941:AAHvixqllrdWAuavbQNpwgalzQrI9wkF5vs/getUpdates "HTTP/1.1 200 OK"
2026-03-05 18:43:20,247 [INFO] HTTP Request: POST https://api.telegram.org/bot5800257941:AAHvixqllrdWAuavbQNpwgalzQrI9wkF5vs/getUpdates "HTTP/1.1 200 OK"
2026-03-05 18:43:30,348 [INFO] HTTP Request: POST https://api.telegram.org/bot5800257941:AAHvixqllrdWAuavbQNpwgalzQrI9wkF5vs/getUpdates "HTTP/1.1 200 OK"
2026-03-05 18:43:40,460 [INFO] HTTP Request: POST https://api.telegram.org/bot5800257941:AAHvixqllrdWAuavbQNpwgalzQrI9wkF5vs/getUpdates "HTTP/1.1 200 OK"
2026-03-05 18:43:50,559 [INFO] HTTP Request: POST https://api.telegram.org/bot5800257941:AAHvixqllrdWAuavbQNpwgalzQrI9wkF5vs/getUpdates "HTTP/1.1 200 OK"
2026-03-05 18:44:00,665 [INFO] HTTP Request: POST https://api.telegram.org/bot5800257941:AAHvixqllrdWAuavbQNpwgalzQrI9wkF5vs/getUpdates "HTTP/1.1 200 OK"
2026-03-05 18:44:10,783 [INFO] HTTP Request: POST https://api.telegram.org/bot5800257941:AAHvixqllrdWAuavbQNpwgalzQrI9wkF5vs/getUpdates "HTTP/1.1 200 OK"
2026-03-05 18:44:20,882 [INFO] HTTP Request: POST https://api.telegram.org/bot5800257941:AAHvixqllrdWAuavbQNpwgalzQrI9wkF5vs/getUpdates "HTTP/1.1 200 OK"
2026-03-05 18:44:30,983 [INFO] HTTP Request: POST https://api.telegram.org/bot5800257941:AAHvixqllrdWAuavbQNpwgalzQrI9wkF5vs/getUpdates "HTTP/1.1 200 OK"
2026-03-05 18:44:41,082 [INFO] HTTP Request: POST https://api.telegram.org/bot5800257941:AAHvixqllrdWAuavbQNpwgalzQrI9wkF5vs/getUpdates "HTTP/1.1 200 OK"
2026-03-05 18:44:51,180 [INFO] HTTP Request: POST https://api.telegram.org/bot5800257941:AAHvixqllrdWAuavbQNpwgalzQrI9wkF5vs/getUpdates "HTTP/1.1 200 OK"
2026-03-05 18:45:01,278 [INFO] HTTP Request: POST https://api.telegram.org/bot5800257941:AAHvixqllrdWAuavbQNpwgalzQrI9wkF5vs/getUpdates "HTTP/1.1 200 OK"
2026-03-05 18:45:11,379 [INFO] HTTP Request: POST https://api.telegram.org/bot5800257941:AAHvixqllrdWAuavbQNpwgalzQrI9wkF5vs/getUpdates "HTTP/1.1 200 OK"
2026-03-05 18:45:21,478 [INFO] HTTP Request: POST https://api.telegram.org/bot5800257941:AAHvixqllrdWAuavbQNpwgalzQrI9wkF5vs/getUpdates "HTTP/1.1 200 OK"
2026-03-05 18:45:31,574 [INFO] HTTP Request: POST https://api.telegram.org/bot5800257941:AAHvixqllrdWAuavbQNpwgalzQrI9wkF5vs/getUpdates "HTTP/1.1 200 OK"
2026-03-05 18:45:41,681 [INFO] HTTP Request: POST https://api.telegram.org/bot5800257941:AAHvixqllrdWAuavbQNpwgalzQrI9wkF5vs/getUpdates "HTTP/1.1 200 OK"
2026-03-05 18:45:51,780 [INFO] HTTP Request: POST https://api.telegram.org/bot5800257941:AAHvixqllrdWAuavbQNpwgalzQrI9wkF5vs/getUpdates "HTTP/1.1 200 OK"
2026-03-05 18:46:01,878 [INFO] HTTP Request: POST https://api.telegram.org/bot5800257941:AAHvixqllrdWAuavbQNpwgalzQrI9wkF5vs/getUpdates "HTTP/1.1 200 OK"
2026-03-05 18:46:11,978 [INFO] HTTP Request: POST https://api.telegram.org/bot5800257941:AAHvixqllrdWAuavbQNpwgalzQrI9wkF5vs/getUpdates "HTTP/1.1 200 OK"
2026-03-05 18:46:22,075 [INFO] HTTP Request: POST https://api.telegram.org/bot5800257941:AAHvixqllrdWAuavbQNpwgalzQrI9wkF5vs/getUpdates "HTTP/1.1 200 OK"
2026-03-05 18:46:32,173 [INFO] HTTP Request: POST https://api.telegram.org/bot5800257941:AAHvixqllrdWAuavbQNpwgalzQrI9wkF5vs/getUpdates "HTTP/1.1 200 OK"
2026-03-05 18:46:42,520 [INFO] HTTP Request: POST https://api.telegram.org/bot5800257941:AAHvixqllrdWAuavbQNpwgalzQrI9wkF5vs/getUpdates "HTTP/1.1 200 OK"
2026-03-05 18:46:52,611 [INFO] HTTP Request: POST https://api.telegram.org/bot5800257941:AAHvixqllrdWAuavbQNpwgalzQrI9wkF5vs/getUpdates "HTTP/1.1 200 OK"
2026-03-05 18:47:02,705 [INFO] HTTP Request: POST https://api.telegram.org/bot5800257941:AAHvixqllrdWAuavbQNpwgalzQrI9wkF5vs/getUpdates "HTTP/1.1 200 OK"
2026-03-05 18:47:12,798 [INFO] HTTP Request: POST https://api.telegram.org/bot5800257941:AAHvixqllrdWAuavbQNpwgalzQrI9wkF5vs/getUpdates "HTTP/1.1 200 OK"
2026-03-05 18:47:22,891 [INFO] HTTP Request: POST https://api.telegram.org/bot5800257941:AAHvixqllrdWAuavbQNpwgalzQrI9wkF5vs/getUpdates "HTTP/1.1 200 OK"
2026-03-05 18:47:32,984 [INFO] HTTP Request: POST https://api.telegram.org/bot5800257941:AAHvixqllrdWAuavbQNpwgalzQrI9wkF5vs/getUpdates "HTTP/1.1 200 OK"
2026-03-05 18:47:43,077 [INFO] HTTP Request: POST https://api.telegram.org/bot5800257941:AAHvixqllrdWAuavbQNpwgalzQrI9wkF5vs/getUpdates "HTTP/1.1 200 OK"
2026-03-05 18:47:53,169 [INFO] HTTP Request: POST https://api.telegram.org/bot5800257941:AAHvixqllrdWAuavbQNpwgalzQrI9wkF5vs/getUpdates "HTTP/1.1 200 OK"
2026-03-05 18:48:03,262 [INFO] HTTP Request: POST https://api.telegram.org/bot5800257941:AAHvixqllrdWAuavbQNpwgalzQrI9wkF5vs/getUpdates "HTTP/1.1 200 OK"
2026-03-05 18:48:13,354 [INFO] HTTP Request: POST https://api.telegram.org/bot5800257941:AAHvixqllrdWAuavbQNpwgalzQrI9wkF5vs/getUpdates "HTTP/1.1 200 OK"
2026-03-05 18:48:23,449 [INFO] HTTP Request: POST https://api.telegram.org/bot5800257941:AAHvixqllrdWAuavbQNpwgalzQrI9wkF5vs/getUpdates "HTTP/1.1 200 OK"
2026-03-05 18:48:33,542 [INFO] HTTP Request: POST https://api.telegram.org/bot5800257941:AAHvixqllrdWAuavbQNpwgalzQrI9wkF5vs/getUpdates "HTTP/1.1 200 OK"
2026-03-05 18:48:43,635 [INFO] HTTP Request: POST https://api.telegram.org/bot5800257941:AAHvixqllrdWAuavbQNpwgalzQrI9wkF5vs/getUpdates "HTTP/1.1 200 OK"
2026-03-05 18:48:53,727 [INFO] HTTP Request: POST https://api.telegram.org/bot5800257941:AAHvixqllrdWAuavbQNpwgalzQrI9wkF5vs/getUpdates "HTTP/1.1 200 OK"
2026-03-05 18:49:00,823 [INFO] HTTP Request: POST https://api.telegram.org/bot5800257941:AAHvixqllrdWAuavbQNpwgalzQrI9wkF5vs/getUpdates "HTTP/1.1 200 OK"
2026-03-05 18:49:00,827 [INFO] Application is stopping. This might take a moment.
2026-03-05 18:49:00,831 [INFO] Application.stop() complete
